{"event": "HTTP Request: POST http://testserver/api/v1/login/access-token \"HTTP/1.1 200 OK\"", "level": "info", "logger": "httpx", "timestamp": "2026-08-17T12:45:18.910632Z"}
{"method": "DELETE", "path": "/api/v1/users/07e2ef05-8bf9-4ad9-a750-f30f104b21f8", "client_host": "testclient", "event": "request_started", "correlation_id": "81eb674e-9398-4517-9b91-4a576ec7a02b", "level": "info", "logger": "app.middleware.RequestLoggingMiddleware", "timestamp": "2026-08-17T12:45:19.278842Z"}
{"method": "DELETE", "path": "/api/v1/users/07e2ef05-8bf9-4ad9-a750-f30f104b21f8", "status_code": 200, "duration": 0.0729, "event": "request_finished", "correlation_id": "81eb674e-9398-4517-9b91-4a576ec7a02b", "level": "info", "logger": "app.middleware.RequestLoggingMiddleware", "timestamp": "2026-08-17T12:45:19.351693Z"}
{"event": "HTTP Request: DELETE http://testserver/api/v1/users/07e2ef05-8bf9-4ad9-a750-f30f104b21f8 \"HTTP/1.1 200 OK\"", "level": "info", "logger": "httpx", "timestamp": "2026-08-17T12:45:19.351693Z"}
{"method": "POST", "path": "/api/v1/login/access-token", "client_host": "testclient", "event": "request_started", "correlation_id": "c06a12e6-018f-4f83-a717-79fd1cb2e9d0", "level": "info", "logger": "app.middleware.RequestLoggingMiddleware", "timestamp": "2026-08-17T12:45:19.363522Z"}
{"method": "POST", "path": "/api/v1/login/access-token", "status_code": 200, "duration": 0.3676, "event": "request_finished", "correlation_id": "c06a12e6-018f-4f83-a717-79fd1cb2e9d0", "level": "info", "logger": "app.middleware.RequestLoggingMiddleware", "timestamp": "2026-08-17T12:45:19.731078Z"}
{"event": "HTTP Request: POST http://testserver/api/v1/login/access-token \"HTTP/1.1 200 OK\"", "level": "info", "logger": "httpx", "timestamp": "2026-08-17T12:45:19.731078Z"}
{"method": "DELETE", "path": "/api/v1/users/ab58f1ff-4d89-4a5f-b3c9-856407f8de32", "client_host": "testclient", "event": "request_started", "correlation_id": "d48b92f4-127d-4d1f-969e-5a21efebdcfd", "level": "info", "logger": "app.middleware.RequestLoggingMiddleware", "timestamp": "2026-08-17T12:45:19.743024Z"}
{"method": "DELETE", "path": "/api/v1/users/ab58f1ff-4d89-4a5f-b3c9-856407f8de32", "status_code": 404, "duration": 0.005, "event": "request_finished", "correlation_id": "d48b92f4-127d-4d1f-969e-5a21efebdcfd", "level": "info", "logger": "app.middleware.RequestLoggingMiddleware", "timestamp": "2026-08-17T12:45:19.747986Z"}
{"event": "HTTP Request: DELETE http://testserver/api/v1/users/ab58f1ff-4d89-4a5f-b3c9-856407f8de32 \"HTTP/1.1 404 Not Found\"", "level": "info", "logger": "httpx", "timestamp": "2026-08-17T12:45:19.747986Z"}
{"method": "POST", "path": "/api/v1/login/access-token", "client_host": "testclient", "event": "request_started", "correlation_id": "ab405c14-e373-415f-b34b-0780b728b1cb", "level": "info", "logger": "app.middleware.RequestLoggingMiddleware", "timestamp": "2026-08-17T12:45:19.757699Z"}
{"method": "POST", "path": "/api/v1/login/access-token", "status_code": 200, "duration": 0.3679, "event": "request_finished", "correlation_id": "ab405c14-e373-415f-b34b-0780b728b1cb", "level": "info", "logger": "app.middleware.RequestLoggingMiddleware", "timestamp": "2026-08-17T12:45:20.125641Z"}
{"event": "HTTP Request: POST http://testserver/api/v1/login/access-token \"HTTP/1.1 200 OK\"", "level": "info", "logger": "httpx", "timestamp": "2026-08-17T12:45:20.125641Z"}
{"method": "DELETE", "path": "/api/v1/users/47816dab-99c8-4cf1-a257-78b0d905d015", "client_host": "testclient", "event": "request_started", "correlation_id": "4b78ca74-7b3f-4e6f-b90c-5400041cdcd7", "level": "info", "logger": "app.middleware.RequestLoggingMiddleware", "timestamp": "2026-08-17T12:45:20.139093Z"}
{"method": "DELETE", "path": "/api/v1/users/47816dab-99c8-4cf1-a257-78b0d905d015", "status_code": 403, "duration": 0.0033, "event": "request_finished", "correlation_id": "4b78ca74-7b3f-4e6f-b90c-5400041cdcd7", "level": "info", "logger": "app.middleware.RequestLoggingMiddleware", "timestamp": "2026-08-17T12:45:20.142388Z"}
{"event": "HTTP Request: DELETE http://testserver/api/v1/users/47816dab-99c8-4cf1-a257-78b0d905d015 \"HTTP/1.1 403 Forbidden\"", "level": "info", "logger": "httpx", "timestamp": "2026-08-17T12:45:20.142388Z"}
{"method": "POST", "path": "/api/v1/login/access-token", "client_host": "testclient", "event": "request_started", "correlation_id": "2dd06aea-ca3d-41d9-ac99-467787798140", "level": "info", "logger": "app.middleware.RequestLoggingMiddleware", "timestamp": "2026-08-17T12:45:20.531002Z"}
{"method": "POST", "path": "/api/v1/login/access-token", "status_code": 200, "duration": 0.3759, "event": "request_finished", "correlation_id": "2dd06aea-ca3d-41d9-ac99-467787798140", "level": "info", "logger": "app.middleware.RequestLoggingMiddleware", "timestamp": "2026-08-17T12:45:20.906918Z"}
{"event": "HTTP Request: POST http://testserver/api/v1/login/access-token \"HTTP/1.1 200 OK\"", "level": "info", "logger": "httpx", "timestamp": "2026-08-17T12:45:20.906918Z"}
{"method": "DELETE", "path": "/api/v1/users/c120ffed-b985-4dc0-b4ad-c8b8e316af74", "client_host": "testclient", "event": "request_started", "correlation_id": "c1e4a643-2d47-4925-90df-af05e942cb50", "level": "info", "logger": "app.middleware.RequestLoggingMiddleware", "timestamp": "2026-08-17T12:45:21.288277Z"}
{"method": "DELETE", "path": "/api/v1/users/c120ffed-b985-4dc0-b4ad-c8b8e316af74", "status_code": 403, "duration": 0.0, "event": "request_finished", "correlation_id": "c1e4a643-2d47-4925-90df-af05e942cb50", "level": "info", "logger": "app.middleware.RequestLoggingMiddleware", "timestamp": "2026-08-17T12:45:21.288277Z"}
{"event": "HTTP Request: DELETE http://testserver/api/v1/users/c120ffed-b985-4dc0-b4ad-c8b8e316af74 \"HTTP/1.1 403 Forbidden\"", "level": "info", "logger": "httpx", "timestamp": "2026-08-17T12:45:21.288277Z"}
{"event": "Starting call to 'app.backend_pre_start.init', this is the 1st time calling it.", "level": "info", "logger": "app.backend_pre_start", "timestamp": "2026-08-17T12:45:25.406827Z"}
{"event": "Starting call to 'app.tests_pre_start.init', this is the 1st time calling it.", "level": "info", "logger": "app.tests_pre_start", "timestamp": "2026-08-17T12:45:25.411253Z"}
{"event": "Preparing to send email to test@example.com", "level": "info", "logger": "app.utils", "timestamp": "2026-08-17T12:45:25.428342Z"}
{"event": "SMTP Config: Host=smtp-relay.brevo.com, Port=587, TLS=True, User=a085a7001@smtp-brevo.com", "level": "info", "logger": "app.utils", "timestamp": "2026-08-17T12:45:25.430352Z"}
{"event": "Connected to SMTP server", "level": "info", "logger": "app.utils", "timestamp": "2026-08-17T12:45:25.430352Z"}
{"event": "Starting TLS", "level": "info", "logger": "app.utils", "timestamp": "2026-08-17T12:45:25.430352Z"}
{"event": "Attempting login", "level": "info", "logger": "app.utils", "timestamp": "2026-08-17T12:45:25.430352Z"}
{"event": "Email sent successfully", "level": "info", "logger": "app.utils", "timestamp": "2026-08-17T12:45:25.436513Z"}
{"method": "POST", "path": "/api/v1/login/access-token", "client_host": "testclient", "event": "request_started", "correlation_id": "d8182efe-54b2-4fc6-8949-e47d99faff4a", "level": "info", "logger": "app.middleware.RequestLoggingMiddleware", "timestamp": "2026-08-17T12:53:14.967773Z"}
{"event": "(trapped) error reading bcrypt version", "correlation_id": "d8182efe-54b2-4fc6-8949-e47d99faff4a", "level": "warning", "logger": "passlib.handlers.bcrypt", "timestamp": "2026-08-17T12:53:14.976084Z", "exception": "Traceback (most recent call last):\n  File \"C:\\Users\\kiran\\Desktop\\doit-prod\\backend\\.venv\\Lib\\site-packages\\passlib\\handlers\\bcrypt.py\", line 620, in _load_backend_mixin\n    version = _bcrypt.__about__.__version__\n              ^^^^^^^^^^^^^^^^^\nAttributeError: module 'bcrypt' has no attribute '__about__'"}
{"method": "POST", "path": "/api/v1/login/access-token", "status_code": 200, "duration": 0.4295, "event": "request_finished", "correlation_id": "d8182efe-54b2-4fc6-8949-e47d99faff4a", "level": "info", "logger": "app.middleware.RequestLoggingMiddleware", "timestamp": "2026-08-17T12:53:15.397304Z"}
{"event": "HTTP Request: POST http://testserver/api/v1/login/access-token \"HTTP/1.1 200 OK\"", "level": "info", "logger": "httpx", "timestamp": "2026-08-17T12:53:15.397304Z"}
{"method": "POST", "path": "/api/v1/items/", "client_host": "testclient", "event": "request_started", "correlation_id": "1f11135a-4ce2-4431-9827-9f4dbb1b62d1", "level": "info", "logger": "app.middleware.RequestLoggingMiddleware", "timestamp": "2026-08-17T12:53:15.404291Z"}
{"method": "POST", "path": "/api/v1/items/", "status_code": 200, "duration": 0.0132, "event": "request_finished", "correlation_id": "1f11135a-4ce2-4431-9827-9f4dbb1b62d1", "level": "info", "logger": "app.middleware.RequestLoggingMiddleware", "timestamp": "2026-08-17T12:53:15.417520Z"}
{"event": "HTTP Request: POST http://testserver/api/v1/items/ \"HTTP/1.1 200 OK\"", "level": "info", "logger": "httpx", "timestamp": "2026-08-17T12:53:15.417520Z"}
{"method": "POST", "path": "/api/v1/login/access-token", "client_host": "testclient", "event": "request_started", "correlation_id": "82f4354b-3ac5-49c0-96e8-7b984697a43d", "level": "info", "logger": "app.middleware.RequestLoggingMiddleware", "timestamp": "2026-08-17T12:53:15.431482Z"}
{"method": "POST", "path": "/api/v1/login/access-token", "status_code": 200, "duration": 0.3777, "event": "request_finished", "correlation_id": "82f4354b-3ac5-49c0-96e8-7b984697a43d", "level": "info", "logger": "app.middleware.RequestLoggingMiddleware", "timestamp": "2026-08-17T12:53:15.809218Z"}
{"event": "HTTP Request: POST http://testserver/api/v1/login/access-token \"HTTP/1.1 200 OK\"", "level": "info", "logger": "httpx", "timestamp": "2026-08-17T12:53:15.809218Z"}
{"method": "GET", "path": "/api/v1/items/c7f61db4-0ecd-4894-b5aa-b98ebb1abbe5", "client_host": "testclient", "event": "request_started", "correlation_id": "d39cef7f-7f9d-4af7-b26f-813683840917", "level": "info", "logger": "app.middleware.RequestLoggingMiddleware", "timestamp": "2026-08-17T12:53:16.206532Z"}
{"method": "GET", "path": "/api/v1/items/c7f61db4-0ecd-4894-b5aa-b98ebb1abbe5", "status_code": 200, "duration": 0.0109, "event": "request_finished", "correlation_id": "d39cef7f-7f9d-4af7-b26f-813683840917", "level": "info", "logger": "app.middleware.RequestLoggingMiddleware", "timestamp": "2026-08-17T12:53:16.217417Z"}
{"event": "HTTP Request: GET http://testserver/api/v1/items/c7f61db4-0ecd-4894-b5aa-b98ebb1abbe5 \"HTTP/1.1 200 OK\"", "level": "info", "logger": "httpx", "timestamp": "2026-08-17T12:53:16.217417Z"}
{"method": "POST", "path": "/api/v1/login/access-token", "client_host": "testclient", "event": "request_started", "correlation_id": "d511e10e-4dfa-4d04-92c6-a54fcd1b6bb9", "level": "info", "logger": "app.middleware.RequestLoggingMiddleware", "timestamp": "2026-08-17T12:53:16.231074Z"}
{"method": "POST", "path": "/api/v1/login/access-token", "status_code": 200, "duration": 0.4047, "event": "request_finished", "correlation_id": "d511e10e-4dfa-4d04-92c6-a54fcd1b6bb9", "level": "info", "logger": "app.middleware.RequestLoggingMiddleware", "timestamp": "2026-08-17T12:53:16.635744Z"}
{"event": "HTTP Request: POST http://testserver/api/v1/login/access-token \"HTTP/1.1 200 OK\"", "level": "info", "logger": "httpx", "timestamp": "2026-08-17T12:53:16.635744Z"}
{"method": "GET", "path": "/api/v1/items/9b63062f-93da-4f96-a3a5-67e992c0571c", "client_host": "testclient", "event": "request_started", "correlation_id": "fa2d7828-e324-487e-85f8-a22fb18e352b", "level": "info", "logger": "app.middleware.RequestLoggingMiddleware", "timestamp": "2026-08-17T12:53:16.638856Z"}
{"method": "GET", "path": "/api/v1/items/9b63062f-93da-4f96-a3a5-67e992c0571c", "status_code": 404, "duration": 0.0007, "event": "request_finished", "correlation_id": "fa2d7828-e324-487e-85f8-a22fb18e352b", "level": "info", "logger": "app.middleware.RequestLoggingMiddleware", "timestamp": "2026-08-17T12:53:16.639519Z"}
{"event": "HTTP Request: GET http://testserver/api/v1/items/9b63062f-93da-4f96-a3a5-67e992c0571c \"HTTP/1.1 404 Not Found\"", "level": "info", "logger": "httpx", "timestamp": "2026-08-17T12:53:16.639519Z"}
{"method": "POST", "path": "/api/v1/login/access-token", "client_host": "testclient", "event": "request_started", "correlation_id": "86b506f2-d709-4031-a7cf-881d1c29e0a9", "level": "info", "logger": "app.middleware.RequestLoggingMiddleware", "timestamp": "2026-08-17T12:53:17.026751Z"}
{"method": "POST", "path": "/api/v1/login/access-token", "status_code": 200, "duration": 0.4009, "event": "request_finished", "correlation_id": "86b506f2-d709-4031-a7cf-881d1c29e0a9", "level": "info", "logger": "app.middleware.RequestLoggingMiddleware", "timestamp": "2026-08-17T12:53:17.427658Z"}
{"event": "HTTP Request: POST http://testserver/api/v1/login/access-token \"HTTP/1.1 200 OK\"", "level": "info", "logger": "httpx", "timestamp": "2026-08-17T12:53:17.428677Z"}
{"method": "GET", "path": "/api/v1/items/4c90f0bb-d510-4d1d-9eb4-983e16c7dd73", "client_host": "testclient", "event": "request_started", "correlation_id": "de3c452a-5f94-43a3-9226-e93b9932e033", "level": "info", "logger": "app.middleware.RequestLoggingMiddleware", "timestamp": "2026-08-17T12:53:17.796622Z"}
{"method": "GET", "path": "/api/v1/items/4c90f0bb-d510-4d1d-9eb4-983e16c7dd73", "status_code": 400, "duration": 0.0, "event": "request_finished", "correlation_id": "de3c452a-5f94-43a3-9226-e93b9932e033", "level": "info", "logger": "app.middleware.RequestLoggingMiddleware", "timestamp": "2026-08-17T12:53:17.796622Z"}
{"event": "HTTP Request: GET http://testserver/api/v1/items/4c90f0bb-d510-4d1d-9eb4-983e16c7dd73 \"HTTP/1.1 400 Bad Request\"", "level": "info", "logger": "httpx", "timestamp": "2026-08-17T12:53:17.796622Z"}
{"method": "POST", "path": "/api/v1/login/access-token", "client_host": "testclient", "event": "request_started", "correlation_id": "46af250f-f8b5-4380-8cf1-b99578f63326", "level": "info", "logger": "app.middleware.RequestLoggingMiddleware", "timestamp": "2026-08-17T12:53:17.811784Z"}
{"method": "POST", "path": "/api/v1/login/access-token", "status_code": 200, "duration": 0.4005, "event": "request_finished", "correlation_id": "46af250f-f8b5-4380-8cf1-b99578f63326", "level": "info", "logger": "app.middleware.RequestLoggingMiddleware", "timestamp": "2026-08-17T12:53:18.212301Z"}
{"event": "HTTP Request: POST http://testserver/api/v1/login/access-token \"HTTP/1.1 200 OK\"", "level": "info", "logger": "httpx", "timestamp": "2026-08-17T12:53:18.212301Z"}
{"method": "GET", "path": "/api/v1/items/", "client_host": "testclient", "event": "request_started", "correlation_id": "3b8a7a84-cdf3-4e84-929a-59cdc302dfc0", "level": "info", "logger": "app.middleware.RequestLoggingMiddleware", "timestamp": "2026-08-17T12:53:18.955729Z"}
{"method": "GET", "path": "/api/v1/items/", "status_code": 200, "duration": 0.022, "event": "request_finished", "correlation_id": "3b8a7a84-cdf3-4e84-929a-59cdc302dfc0", "level": "info", "logger": "app.middleware.RequestLoggingMiddleware", "timestamp": "2026-08-17T12:53:18.977692Z"}
{"event": "HTTP Request: GET http://testserver/api/v1/items/ \"HTTP/1.1 200 OK\"", "level": "info", "logger": "httpx", "timestamp": "2026-08-17T12:53:18.977692Z"}
{"method": "POST", "path": "/api/v1/login/access-token", "client_host": "testclient", "event": "request_started", "correlation_id": "3cdc021a-ea6f-4a00-a2e7-e7da513b433f", "level": "info", "logger": "app.middleware.RequestLoggingMiddleware", "timestamp": "2026-08-17T12:53:18.987158Z"}
{"method": "POST", "path": "/api/v1/login/access-token", "status_code": 200, "duration": 0.3786, "event": "request_finished", "correlation_id": "3cdc021a-ea6f-4a00-a2e7-e7da513b433f", "level": "info", "logger": "app.middleware.RequestLoggingMiddleware", "timestamp": "2026-08-17T12:53:19.365187Z"}
{"event": "HTTP Request: POST http://testserver/api/v1/login/access-token \"HTTP/1.1 200 OK\"", "level": "info", "logger": "httpx", "timestamp": "2026-08-17T12:53:19.365187Z"}
{"method": "PUT", "path": "/api/v1/items/e7b100b5-b666-4f4a-a95f-084648a9ef8e", "client_host": "testclient", "event": "request_started", "correlation_id": "8b14732d-502a-4d37-bcb5-7015e6d622bc", "level": "info", "logger": "app.middleware.RequestLoggingMiddleware", "timestamp": "2026-08-17T12:53:19.739191Z"}
{"method": "PUT", "path": "/api/v1/items/e7b100b5-b666-4f4a-a95f-084648a9ef8e", "status_code": 200, "duration": 0.0212, "event": "request_finished", "correlation_id": "8b14732d-502a-4d37-bcb5-7015e6d622bc", "level": "info", "logger": "app.middleware.RequestLoggingMiddleware", "timestamp": "2026-08-17T12:53:19.760370Z"}
{"event": "HTTP Request: PUT http://testserver/api/v1/items/e7b100b5-b666-4f4a-a95f-084648a9ef8e \"HTTP/1.1 200 OK\"", "level": "info", "logger": "httpx", "timestamp": "2026-08-17T12:53:19.760370Z"}
{"method": "POST", "path": "/api/v1/login/access-token", "client_host": "testclient", "event": "request_started", "correlation_id": "558ca1d3-2ece-478b-80b3-2977fe1e5129", "level": "info", "logger": "app.middleware.RequestLoggingMiddleware", "timestamp": "2026-08-17T12:53:19.771763Z"}
{"method": "POST", "path": "/api/v1/login/access-token", "status_code": 200, "duration": 0.384, "event": "request_finished", "correlation_id": "558ca1d3-2ece-478b-80b3-2977fe1e5129", "level": "info", "logger": "app.middleware.RequestLoggingMiddleware", "timestamp": "2026-08-17T12:53:20.155722Z"}
{"event": "HTTP Request: POST http://testserver/api/v1/login/access-token \"HTTP/1.1 200 OK\"", "level": "info", "logger": "httpx", "timestamp": "2026-08-17T12:53:20.155722Z"}
{"method": "PUT", "path": "/api/v1/items/f86cd154-1858-4f8e-931d-3e84ab5668ea", "client_host": "testclient", "event": "request_started", "correlation_id": "c6df8ec5-7dc8-4b14-b502-76343765d339", "level": "info", "logger": "app.middleware.RequestLoggingMiddleware", "timestamp": "2026-08-17T12:53:20.155722Z"}
{"method": "PUT", "path": "/api/v1/items/f86cd154-1858-4f8e-931d-3e84ab5668ea", "status_code": 404, "duration": 0.008, "event": "request_finished", "correlation_id": "c6df8ec5-7dc8-4b14-b502-76343765d339", "level": "info", "logger": "app.middleware.RequestLoggingMiddleware", "timestamp": "2026-08-17T12:53:20.163725Z"}
{"event": "HTTP Request: PUT http://testserver/api/v1/items/f86cd154-1858-4f8e-931d-3e84ab5668ea \"HTTP/1.1 404 Not Found\"", "level": "info", "logger": "httpx", "timestamp": "2026-08-17T12:53:20.163725Z"}
{"method": "POST", "path": "/api/v1/login/access-token", "client_host": "testclient", "event": "request_started", "correlation_id": "4eab3de4-27e5-47de-a573-1b5c4365e274", "level": "info", "logger": "app.middleware.RequestLoggingMiddleware", "timestamp": "2026-08-17T12:53:20.558986Z"}
{"method": "POST", "path": "/api/v1/login/access-token", "status_code": 200, "duration": 0.3859, "event": "request_finished", "correlation_id": "4eab3de4-27e5-47de-a573-1b5c4365e274", "level": "info", "logger": "app.middleware.RequestLoggingMiddleware", "timestamp": "2026-08-17T12:53:20.944919Z"}
{"event": "HTTP Request: POST http://testserver/api/v1/login/access-token \"HTTP/1.1 200 OK\"", "level": "info", "logger": "httpx", "timestamp": "2026-08-17T12:53:20.944919Z"}
{"method": "PUT", "path": "/api/v1/items/0e14be5a-4603-495a-9fd2-bc1aa02a4ff9", "client_host": "testclient", "event": "request_started", "correlation_id": "1851d3f6-876c-4895-b11f-cff63a6618e5", "level": "info", "logger": "app.middleware.RequestLoggingMiddleware", "timestamp": "2026-08-17T12:53:21.359548Z"}
{"method": "PUT", "path": "/api/v1/items/0e14be5a-4603-495a-9fd2-bc1aa02a4ff9", "status_code": 400, "duration": 0.0141, "event": "request_finished", "correlation_id": "1851d3f6-876c-4895-b11f-cff63a6618e5", "level": "info", "logger": "app.middleware.RequestLoggingMiddleware", "timestamp": "2026-08-17T12:53:21.373662Z"}
{"event": "HTTP Request: PUT http://testserver/api/v1/items/0e14be5a-4603-495a-9fd2-bc1aa02a4ff9 \"HTTP/1.1 400 Bad Request\"", "level": "info", "logger": "httpx", "timestamp": "2026-08-17T12:53:21.375677Z"}
{"method": "POST", "path": "/api/v1/login/access-token", "client_host": "testclient", "event": "request_started", "correlation_id": "dc7b6b9e-f709-4abe-8676-9586cb9739e0", "level": "info", "logger": "app.middleware.RequestLoggingMiddleware", "timestamp": "2026-08-17T12:53:21.389231Z"}
{"method": "POST", "path": "/api/v1/login/access-token", "status_code": 200, "duration": 0.3811, "event": "request_finished", "correlation_id": "dc7b6b9e-f709-4abe-8676-9586cb9739e0", "level": "info", "logger": "app.middleware.RequestLoggingMiddleware", "timestamp": "2026-08-17T12:53:21.770326Z"}
{"event": "HTTP Request: POST http://testserver/api/v1/login/access-token \"HTTP/1.1 200 OK\"", "level": "info", "logger": "httpx", "timestamp": "2026-08-17T12:53:21.772183Z"}
{"method": "DELETE", "path": "/api/v1/items/cf6035c7-52da-4131-bfa0-c5600f20227c", "client_host": "testclient", "event": "request_started", "correlation_id": "89ed1d67-a8d9-473f-a2a5-cd224c1d4694", "level": "info", "logger": "app.middleware.RequestLoggingMiddleware", "timestamp": "2026-08-17T12:53:22.171356Z"}
{"method": "DELETE", "path": "/api/v1/items/cf6035c7-52da-4131-bfa0-c5600f20227c", "status_code": 200, "duration": 0.0058, "event": "request_finished", "correlation_id": "89ed1d67-a8d9-473f-a2a5-cd224c1d4694", "level": "info", "logger": "app.middleware.RequestLoggingMiddleware", "timestamp": "2026-08-17T12:53:22.177158Z"}
{"event": "HTTP Request: DELETE http://testserver/api/v1/items/cf6035c7-52da-4131-bfa0-c5600f20227c \"HTTP/1.1 200 OK\"", "level": "info", "logger": "httpx", "timestamp": "2026-08-17T12:53:22.177158Z"}
{"method": "POST", "path": "/api/v1/login/access-token", "client_host": "testclient", "event": "request_started", "correlation_id": "d7826fb2-22ce-4f60-8dff-4e496f7f4813", "level": "info", "logger": "app.middleware.RequestLoggingMiddleware", "timestamp": "2026-08-17T12:53:22.187259Z"}
{"method": "POST", "path": "/api/v1/login/access-token", "status_code": 200, "duration": 0.3836, "event": "request_finished", "correlation_id": "d7826fb2-22ce-4f60-8dff-4e496f7f4813", "level": "info", "logger": "app.middleware.RequestLoggingMiddleware", "timestamp": "2026-08-17T12:53:22.570863Z"}
{"event": "HTTP Request: POST http://testserver/api/v1/login/access-token \"HTTP/1.1 200 OK\"", "level": "info", "logger": "httpx", "timestamp": "2026-08-17T12:53:22.572598Z"}
{"method": "DELETE", "path": "/api/v1/items/c36c1f5c-de0d-42db-a5c8-df4767c8e714", "client_host": "testclient", "event": "request_started", "correlation_id": "d9be43be-69ec-446f-a167-bd1f57a6b4f7", "level": "info", "logger": "app.middleware.RequestLoggingMiddleware", "timestamp": "2026-08-17T12:53:22.572598Z"}
{"method": "DELETE", "path": "/api/v1/items/c36c1f5c-de0d-42db-a5c8-df4767c8e714", "status_code": 404, "duration": 0.005, "event": "request_finished", "correlation_id": "d9be43be-69ec-446f-a167-bd1f57a6b4f7", "level": "info", "logger": "app.middleware.RequestLoggingMiddleware", "timestamp": "2026-08-17T12:53:22.577645Z"}
{"event": "HTTP Request: DELETE http://testserver/api/v1/items/c36c1f5c-de0d-42db-a5c8-df4767c8e714 \"HTTP/1.1 404 Not Found\"", "level": "info", "logger": "httpx", "timestamp": "2026-08-17T12:53:22.577645Z"}
{"method": "POST", "path": "/api/v1/login/access-token", "client_host": "testclient", "event": "request_started", "correlation_id": "58d121dd-face-4c47-86ef-5039c35cf8b3", "level": "info", "logger": "app.middleware.RequestLoggingMiddleware", "timestamp": "2026-08-17T12:53:22.981853Z"}
{"method": "POST", "path": "/api/v1/login/access-token", "status_code": 200, "duration": 0.3912, "event": "request_finished", "correlation_id": "58d121dd-face-4c47-86ef-5039c35cf8b3", "level": "info", "logger": "app.middleware.RequestLoggingMiddleware", "timestamp": "2026-08-17T12:53:23.373067Z"}
{"event": "HTTP Request: POST http://testserver/api/v1/login/access-token \"HTTP/1.1 200 OK\"", "level": "info", "logger": "httpx", "timestamp": "2026-08-17T12:53:23.374077Z"}
{"method": "DELETE", "path": "/api/v1/items/14b7b601-c89d-43be-b57d-c7ac55b8d223", "client_host": "testclient", "event": "request_started", "correlation_id": "dcd21bf4-b622-4e74-91f7-bb8808201f14", "level": "info", "logger": "app.middleware.RequestLoggingMiddleware", "timestamp": "2026-08-17T12:53:23.763771Z"}
{"method": "DELETE", "path": "/api/v1/items/14b7b601-c89d-43be-b57d-c7ac55b8d223", "status_code": 400, "duration": 0.0, "event": "request_finished", "correlation_id": "dcd21bf4-b622-4e74-91f7-bb8808201f14", "level": "info", "logger": "app.middleware.RequestLoggingMiddleware", "timestamp": "2026-08-17T12:53:23.763771Z"}
{"event": "HTTP Request: DELETE http://testserver/api/v1/items/14b7b601-c89d-43be-b57d-c7ac55b8d223 \"HTTP/1.1 400 Bad Request\"", "level": "info", "logger": "httpx", "timestamp": "2026-08-17T12:53:23.767777Z"}
{"event": "HTTP Request: GET http://127.0.0.1:51562/api/v1/utils/health-check/ \"HTTP/1.1 200 OK\"", "level": "info", "logger": "httpx", "timestamp": "2026-08-17T12:53:23.917600Z"}
{"method": "POST", "path": "/api/v1/login/access-token", "client_host": "testclient", "event": "request_started", "correlation_id": "93e78ae1-0d25-4c88-ab55-91159356ffc3", "level": "info", "logger": "app.middleware.RequestLoggingMiddleware", "timestamp": "2026-08-17T12:53:23.941907Z"}
{"method": "POST", "path": "/api/v1/login/access-token", "status_code": 200, "duration": 0.4094, "event": "request_finished", "correlation_id": "93e78ae1-0d25-4c88-ab55-91159356ffc3", "level": "info", "logger": "app.middleware.RequestLoggingMiddleware", "timestamp": "2026-08-17T12:53:24.351272Z"}
{"event": "HTTP Request: POST http://testserver/api/v1/login/access-token \"HTTP/1.1 200 OK\"", "level": "info", "logger": "httpx", "timestamp": "2026-08-17T12:53:24.357599Z"}
{"method": "GET", "path": "/api/v1/utils/health-check", "client_host": "127.0.0.1", "event": "request_started", "correlation_id": "1cc7a748-8a8c-46d7-b7e4-60ae3ebb1c76", "level": "info", "logger": "app.middleware.RequestLoggingMiddleware", "timestamp": "2026-08-17T12:53:24.359612Z"}
{"method": "GET", "path": "/api/v1/utils/health-check", "status_code": 307, "duration": 0.0, "event": "request_finished", "correlation_id": "1cc7a748-8a8c-46d7-b7e4-60ae3ebb1c76", "level": "info", "logger": "app.middleware.RequestLoggingMiddleware", "timestamp": "2026-08-17T12:53:24.359612Z"}
{"event": "HTTP Request: GET http://127.0.0.1:51562/api/v1/utils/health-check \"HTTP/1.1 307 Temporary Redirect\"", "level": "info", "logger": "httpx", "timestamp": "2026-08-17T12:53:24.359612Z"}
{"event": "HTTP Request: GET http://127.0.0.1:51562/api/v1/utils/health-check/ \"HTTP/1.1 200 OK\"", "level": "info", "logger": "httpx", "timestamp": "2026-08-17T12:53:24.365334Z"}
{"method": "GET", "path": "/api/v1/users/me", "client_host": "127.0.0.1", "event": "request_started", "correlation_id": "e5ff5cce-4f9f-4cfc-bab9-56f13504f835", "level": "info", "logger": "app.middleware.RequestLoggingMiddleware", "timestamp": "2026-08-17T12:53:24.365982Z"}
{"method": "GET", "path": "/api/v1/users/me", "status_code": 200, "duration": 0.0062, "event": "request_finished", "correlation_id": "e5ff5cce-4f9f-4cfc-bab9-56f13504f835", "level": "info", "logger": "app.middleware.RequestLoggingMiddleware", "timestamp": "2026-08-17T12:53:24.372209Z"}
{"event": "HTTP Request: GET http://127.0.0.1:51562/api/v1/users/me \"HTTP/1.1 200 OK\"", "level": "info", "logger": "httpx", "timestamp": "2026-08-17T12:53:24.372209Z"}
{"method": "POST", "path": "/api/v1/login/access-token", "client_host": "testclient", "event": "request_started", "correlation_id": "f8a778a0-542e-4a6c-bdb7-6724edda31d1", "level": "info", "logger": "app.middleware.RequestLoggingMiddleware", "timestamp": "2026-08-17T12:53:24.391841Z"}
{"method": "POST", "path": "/api/v1/login/access-token", "status_code": 200, "duration": 0.389, "event": "request_finished", "correlation_id": "f8a778a0-542e-4a6c-bdb7-6724edda31d1", "level": "info", "logger": "app.middleware.RequestLoggingMiddleware", "timestamp": "2026-08-17T12:53:24.780815Z"}
{"event": "HTTP Request: POST http://testserver/api/v1/login/access-token \"HTTP/1.1 200 OK\"", "level": "info", "logger": "httpx", "timestamp": "2026-08-17T12:53:24.796654Z"}
{"method": "POST", "path": "/api/v1/login/access-token", "client_host": "testclient", "event": "request_started", "correlation_id": "c8b1d616-a422-4854-80dc-4df4a6eeedcc", "level": "info", "logger": "app.middleware.RequestLoggingMiddleware", "timestamp": "2026-08-17T12:53:24.810843Z"}
{"method": "POST", "path": "/api/v1/login/access-token", "status_code": 200, "duration": 0.3875, "event": "request_finished", "correlation_id": "c8b1d616-a422-4854-80dc-4df4a6eeedcc", "level": "info", "logger": "app.middleware.RequestLoggingMiddleware", "timestamp": "2026-08-17T12:53:25.198346Z"}
{"event": "HTTP Request: POST http://testserver/api/v1/login/access-token \"HTTP/1.1 200 OK\"", "level": "info", "logger": "httpx", "timestamp": "2026-08-17T12:53:25.203078Z"}
{"method": "POST", "path": "/api/v1/login/access-token", "client_host": "testclient", "event": "request_started", "correlation_id": "2fe34eed-1743-451f-8019-aaff178fcc8b", "level": "info", "logger": "app.middleware.RequestLoggingMiddleware", "timestamp": "2026-08-17T12:53:25.212097Z"}
{"method": "POST", "path": "/api/v1/login/access-token", "status_code": 200, "duration": 0.3979, "event": "request_finished", "correlation_id": "2fe34eed-1743-451f-8019-aaff178fcc8b", "level": "info", "logger": "app.middleware.RequestLoggingMiddleware", "timestamp": "2026-08-17T12:53:25.609977Z"}
{"event": "HTTP Request: POST http://testserver/api/v1/login/access-token \"HTTP/1.1 200 OK\"", "level": "info", "logger": "httpx", "timestamp": "2026-08-17T12:53:25.609977Z"}
{"method": "POST", "path": "/api/v1/login/refresh-token", "client_host": "testclient", "event": "request_started", "correlation_id": "512e4809-a147-4eb7-af9c-c5e6be354663", "level": "info", "logger": "app.middleware.RequestLoggingMiddleware", "timestamp": "2026-08-17T12:53:25.609977Z"}
{"method": "POST", "path": "/api/v1/login/refresh-token", "status_code": 200, "duration": 0.0, "event": "request_finished", "correlation_id": "512e4809-a147-4eb7-af9c-c5e6be354663", "level": "info", "logger": "app.middleware.RequestLoggingMiddleware", "timestamp": "2026-08-17T12:53:25.609977Z"}
{"event": "HTTP Request: POST http://testserver/api/v1/login/refresh-token \"HTTP/1.1 200 OK\"", "level": "info", "logger": "httpx", "timestamp": "2026-08-17T12:53:25.609977Z"}
{"method": "POST", "path": "/api/v1/login/access-token", "client_host": "testclient", "event": "request_started", "correlation_id": "63b7fe46-9477-4c56-ad90-8810202553e6", "level": "info", "logger": "app.middleware.RequestLoggingMiddleware", "timestamp": "2026-08-17T12:53:25.631822Z"}
{"method": "POST", "path": "/api/v1/login/access-token", "status_code": 200, "duration": 0.3925, "event": "request_finished", "correlation_id": "63b7fe46-9477-4c56-ad90-8810202553e6", "level": "info", "logger": "app.middleware.RequestLoggingMiddleware", "timestamp": "2026-08-17T12:53:26.024332Z"}
{"event": "HTTP Request: POST http://testserver/api/v1/login/access-token \"HTTP/1.1 200 OK\"", "level": "info", "logger": "httpx", "timestamp": "2026-08-17T12:53:26.024332Z"}
{"method": "POST", "path": "/api/v1/login/refresh-token", "client_host": "testclient", "event": "request_started", "correlation_id": "3ab28e2b-75b2-4583-9906-462fdcd6a921", "level": "info", "logger": "app.middleware.RequestLoggingMiddleware", "timestamp": "2026-08-17T12:53:26.024332Z"}
{"method": "POST", "path": "/api/v1/login/refresh-token", "status_code": 200, "duration": 0.0052, "event": "request_finished", "correlation_id": "3ab28e2b-75b2-4583-9906-462fdcd6a921", "level": "info", "logger": "app.middleware.RequestLoggingMiddleware", "timestamp": "2026-08-17T12:53:26.029567Z"}
{"event": "HTTP Request: POST http://testserver/api/v1/login/refresh-token \"HTTP/1.1 200 OK\"", "level": "info", "logger": "httpx", "timestamp": "2026-08-17T12:53:26.029567Z"}
{"method": "POST", "path": "/api/v1/login/refresh-token", "client_host": "testclient", "event": "request_started", "correlation_id": "648279c0-c7b6-4f64-80d0-270ea4255fe8", "level": "info", "logger": "app.middleware.RequestLoggingMiddleware", "timestamp": "2026-08-17T12:53:26.029567Z"}
{"method": "POST", "path": "/api/v1/login/refresh-token", "status_code": 401, "duration": 0.0, "event": "request_finished", "correlation_id": "648279c0-c7b6-4f64-80d0-270ea4255fe8", "level": "info", "logger": "app.middleware.RequestLoggingMiddleware", "timestamp": "2026-08-17T12:53:26.029567Z"}
{"event": "HTTP Request: POST http://testserver/api/v1/login/refresh-token \"HTTP/1.1 401 Unauthorized\"", "level": "info", "logger": "httpx", "timestamp": "2026-08-17T12:53:26.029567Z"}
{"method": "POST", "path": "/api/v1/login/refresh-token", "client_host": "testclient", "event": "request_started", "correlation_id": "296d0daf-60ea-4a4c-837a-6503ff1b27d9", "level": "info", "logger": "app.middleware.RequestLoggingMiddleware", "timestamp": "2026-08-17T12:53:26.045270Z"}
{"method": "POST", "path": "/api/v1/login/refresh-token", "status_code": 401, "duration": 0.0039, "event": "request_finished", "correlation_id": "296d0daf-60ea-4a4c-837a-6503ff1b27d9", "level": "info", "logger": "app.middleware.RequestLoggingMiddleware", "timestamp": "2026-08-17T12:53:26.049137Z"}
{"event": "HTTP Request: POST http://testserver/api/v1/login/refresh-token \"HTTP/1.1 401 Unauthorized\"", "level": "info", "logger": "httpx", "timestamp": "2026-08-17T12:53:26.050452Z"}
{"method": "POST", "path": "/api/v1/login/access-token", "client_host": "testclient", "event": "request_started", "correlation_id": "d467a4a8-31d2-4cf5-a0a7-e3a3e82c57a1", "level": "info", "logger": "app.middleware.RequestLoggingMiddleware", "timestamp": "2026-08-17T12:53:26.057742Z"}
{"method": "POST", "path": "/api/v1/login/access-token", "status_code": 200, "duration": 0.3812, "event": "request_finished", "correlation_id": "d467a4a8-31d2-4cf5-a0a7-e3a3e82c57a1", "level": "info", "logger": "app.middleware.RequestLoggingMiddleware", "timestamp": "2026-08-17T12:53:26.438938Z"}
{"event": "HTTP Request: POST http://testserver/api/v1/login/access-token \"HTTP/1.1 200 OK\"", "level": "info", "logger": "httpx", "timestamp": "2026-08-17T12:53:26.440951Z"}
{"method": "POST", "path": "/api/v1/login/logout", "client_host": "testclient", "event": "request_started", "correlation_id": "958ca363-b740-4b63-ba8b-8320836b8c13", "level": "info", "logger": "app.middleware.RequestLoggingMiddleware", "timestamp": "2026-08-17T12:53:26.440951Z"}
{"method": "POST", "path": "/api/v1/login/logout", "status_code": 200, "duration": 0.0079, "event": "request_finished", "correlation_id": "958ca363-b740-4b63-ba8b-8320836b8c13", "level": "info", "logger": "app.middleware.RequestLoggingMiddleware", "timestamp": "2026-08-17T12:53:26.448804Z"}
{"event": "HTTP Request: POST http://testserver/api/v1/login/logout \"HTTP/1.1 200 OK\"", "level": "info", "logger": "httpx", "timestamp": "2026-08-17T12:53:26.450412Z"}
{"method": "POST", "path": "/api/v1/login/refresh-token", "client_host": "testclient", "event": "request_started", "correlation_id": "07bba032-8879-40dc-bbe5-e14d5235071b", "level": "info", "logger": "app.middleware.RequestLoggingMiddleware", "timestamp": "2026-08-17T12:53:26.453218Z"}
{"method": "POST", "path": "/api/v1/login/refresh-token", "status_code": 401, "duration": 0.0057, "event": "request_finished", "correlation_id": "07bba032-8879-40dc-bbe5-e14d5235071b", "level": "info", "logger": "app.middleware.RequestLoggingMiddleware", "timestamp": "2026-08-17T12:53:26.458875Z"}
{"event": "HTTP Request: POST http://testserver/api/v1/login/refresh-token \"HTTP/1.1 401 Unauthorized\"", "level": "info", "logger": "httpx", "timestamp": "2026-08-17T12:53:26.458875Z"}
{"method": "POST", "path": "/api/v1/login/access-token", "client_host": "testclient", "event": "request_started", "correlation_id": "f81940cb-d07c-48dd-9a46-acffafc4b599", "level": "info", "logger": "app.middleware.RequestLoggingMiddleware", "timestamp": "2026-08-17T12:53:26.472462Z"}
{"method": "POST", "path": "/api/v1/login/access-token", "status_code": 400, "duration": 0.3848, "event": "request_finished", "correlation_id": "f81940cb-d07c-48dd-9a46-acffafc4b599", "level": "info", "logger": "app.middleware.RequestLoggingMiddleware", "timestamp": "2026-08-17T12:53:26.857307Z"}
{"event": "HTTP Request: POST http://testserver/api/v1/login/access-token \"HTTP/1.1 400 Bad Request\"", "level": "info", "logger": "httpx", "timestamp": "2026-08-17T12:53:26.857307Z"}
{"method": "POST", "path": "/api/v1/login/access-token", "client_host": "testclient", "event": "request_started", "correlation_id": "d86a1b5e-6ed0-48ea-9439-bafee4ff1059", "level": "info", "logger": "app.middleware.RequestLoggingMiddleware", "timestamp": "2026-08-17T12:53:26.866409Z"}
{"method": "POST", "path": "/api/v1/login/access-token", "status_code": 200, "duration": 0.3957, "event": "request_finished", "correlation_id": "d86a1b5e-6ed0-48ea-9439-bafee4ff1059", "level": "info", "logger": "app.middleware.RequestLoggingMiddleware", "timestamp": "2026-08-17T12:53:27.262156Z"}
{"event": "HTTP Request: POST http://testserver/api/v1/login/access-token \"HTTP/1.1 200 OK\"", "level": "info", "logger": "httpx", "timestamp": "2026-08-17T12:53:27.262156Z"}
{"method": "POST", "path": "/api/v1/login/test-token", "client_host": "testclient", "event": "request_started", "correlation_id": "7c992df3-3d78-457e-b09e-05b135787540", "level": "info", "logger": "app.middleware.RequestLoggingMiddleware", "timestamp": "2026-08-17T12:53:27.271330Z"}
{"method": "POST", "path": "/api/v1/login/test-token", "status_code": 200, "duration": 0.0, "event": "request_finished", "correlation_id": "7c992df3-3d78-457e-b09e-05b135787540", "level": "info", "logger": "app.middleware.RequestLoggingMiddleware", "timestamp": "2026-08-17T12:53:27.271330Z"}
{"event": "HTTP Request: POST http://testserver/api/v1/login/test-token \"HTTP/1.1 200 OK\"", "level": "info", "logger": "httpx", "timestamp": "2026-08-17T12:53:27.271330Z"}
{"method": "POST", "path": "/api/v1/login/access-token", "client_host": "testclient", "event": "request_started", "correlation_id": "155918e7-2386-46d5-a683-3b2ae2c49b83", "level": "info", "logger": "app.middleware.RequestLoggingMiddleware", "timestamp": "2026-08-17T12:53:27.661851Z"}
{"method": "POST", "path": "/api/v1/login/access-token", "status_code": 200, "duration": 0.3751, "event": "request_finished", "correlation_id": "155918e7-2386-46d5-a683-3b2ae2c49b83", "level": "info", "logger": "app.middleware.RequestLoggingMiddleware", "timestamp": "2026-08-17T12:53:28.036944Z"}
{"event": "HTTP Request: POST http://testserver/api/v1/login/access-token \"HTTP/1.1 200 OK\"", "level": "info", "logger": "httpx", "timestamp": "2026-08-17T12:53:28.036944Z"}
{"method": "POST", "path": "/api/v1/password-recovery/test@example.com", "client_host": "testclient", "event": "request_started", "correlation_id": "639c30a5-1f33-4cef-a81f-4009ead2b028", "level": "info", "logger": "app.middleware.RequestLoggingMiddleware", "timestamp": "2026-08-17T12:53:28.041195Z"}
{"event": "Preparing to send email to test@example.com", "correlation_id": "639c30a5-1f33-4cef-a81f-4009ead2b028", "level": "info", "logger": "app.utils", "timestamp": "2026-08-17T12:53:28.047228Z"}
{"event": "SMTP Config: Host=smtp.example.com, Port=587, TLS=True, User=admin@example.com", "correlation_id": "639c30a5-1f33-4cef-a81f-4009ead2b028", "level": "info", "logger": "app.utils", "timestamp": "2026-08-17T12:53:28.047228Z"}
{"event": "Failed to send email: [Errno 11001] getaddrinfo failed", "correlation_id": "639c30a5-1f33-4cef-a81f-4009ead2b028", "level": "error", "logger": "app.utils", "timestamp": "2026-08-17T12:53:28.162052Z"}
{"event": "Traceback (most recent call last):\n  File \"C:\\Users\\kiran\\Desktop\\doit-prod\\backend\\app\\utils.py\", line 74, in send_email\n    with smtplib.SMTP(settings.SMTP_HOST, settings.SMTP_PORT) as server:\n         ^^^^^^^^^^^^^^^^^^^^^^^^^^^^^^^^^^^^^^^^^^^^^^^^^^^^\n  File \"C:\\Users\\kiran\\AppData\\Roaming\\uv\\python\\cpython-3.12.12-windows-x86_64-none\\Lib\\smtplib.py\", line 255, in __init__\n    (code, msg) = self.connect(host, port)\n                  ^^^^^^^^^^^^^^^^^^^^^^^^\n  File \"C:\\Users\\kiran\\AppData\\Roaming\\uv\\python\\cpython-3.12.12-windows-x86_64-none\\Lib\\smtplib.py\", line 341, in connect\n    self.sock = self._get_socket(host, port, self.timeout)\n                ^^^^^^^^^^^^^^^^^^^^^^^^^^^^^^^^^^^^^^^^^^\n  File \"C:\\Users\\kiran\\AppData\\Roaming\\uv\\python\\cpython-3.12.12-windows-x86_64-none\\Lib\\smtplib.py\", line 312, in _get_socket\n    return socket.create_connection((host, port), timeout,\n           ^^^^^^^^^^^^^^^^^^^^^^^^^^^^^^^^^^^^^^^^^^^^^^^\n  File \"C:\\Users\\kiran\\AppData\\Roaming\\uv\\python\\cpython-3.12.12-windows-x86_64-none\\Lib\\socket.py\", line 841, in create_connection\n    for res in getaddrinfo(host, port, 0, SOCK_STREAM):\n               ^^^^^^^^^^^^^^^^^^^^^^^^^^^^^^^^^^^^^^^\n  File \"C:\\Users\\kiran\\AppData\\Roaming\\uv\\python\\cpython-3.12.12-windows-x86_64-none\\Lib\\socket.py\", line 978, in getaddrinfo\n    for res in _socket.getaddrinfo(host, port, family, type, proto, flags):\n               ^^^^^^^^^^^^^^^^^^^^^^^^^^^^^^^^^^^^^^^^^^^^^^^^^^^^^^^^^^^\nsocket.gaierror: [Errno 11001] getaddrinfo failed\n", "correlation_id": "639c30a5-1f33-4cef-a81f-4009ead2b028", "level": "error", "logger": "app.utils", "timestamp": "2026-08-17T12:53:28.169624Z"}
{"method": "POST", "path": "/api/v1/password-recovery/test@example.com", "status_code": 200, "duration": 0.1284, "event": "request_finished", "correlation_id": "639c30a5-1f33-4cef-a81f-4009ead2b028", "level": "info", "logger": "app.middleware.RequestLoggingMiddleware", "timestamp": "2026-08-17T12:53:28.169624Z"}
{"event": "HTTP Request: POST http://testserver/api/v1/password-recovery/test@example.com \"HTTP/1.1 200 OK\"", "level": "info", "logger": "httpx", "timestamp": "2026-08-17T12:53:28.172095Z"}
{"method": "POST", "path": "/api/v1/login/access-token", "client_host": "testclient", "event": "request_started", "correlation_id": "ded96408-3563-4be5-b146-4c3d61014dd6", "level": "info", "logger": "app.middleware.RequestLoggingMiddleware", "timestamp": "2026-08-17T12:53:28.573948Z"}
{"method": "POST", "path": "/api/v1/login/access-token", "status_code": 200, "duration": 0.3875, "event": "request_finished", "correlation_id": "ded96408-3563-4be5-b146-4c3d61014dd6", "level": "info", "logger": "app.middleware.RequestLoggingMiddleware", "timestamp": "2026-08-17T12:53:28.963500Z"}
{"event": "HTTP Request: POST http://testserver/api/v1/login/access-token \"HTTP/1.1 200 OK\"", "level": "info", "logger": "httpx", "timestamp": "2026-08-17T12:53:28.963500Z"}
{"method": "POST", "path": "/api/v1/password-recovery/jVgQr@example.com", "client_host": "testclient", "event": "request_started", "correlation_id": "de94e99c-eeff-416d-acde-0e358279169e", "level": "info", "logger": "app.middleware.RequestLoggingMiddleware", "timestamp": "2026-08-17T12:53:28.965509Z"}
{"method": "POST", "path": "/api/v1/password-recovery/jVgQr@example.com", "status_code": 404, "duration": 0.0021, "event": "request_finished", "correlation_id": "de94e99c-eeff-416d-acde-0e358279169e", "level": "info", "logger": "app.middleware.RequestLoggingMiddleware", "timestamp": "2026-08-17T12:53:28.967646Z"}
{"event": "HTTP Request: POST http://testserver/api/v1/password-recovery/jVgQr@example.com \"HTTP/1.1 404 Not Found\"", "level": "info", "logger": "httpx", "timestamp": "2026-08-17T12:53:28.968703Z"}
{"method": "POST", "path": "/api/v1/login/access-token", "client_host": "testclient", "event": "request_started", "correlation_id": "61f6832d-4900-479c-a41f-78c9d1114999", "level": "info", "logger": "app.middleware.RequestLoggingMiddleware", "timestamp": "2026-08-17T12:53:29.367028Z"}
{"method": "POST", "path": "/api/v1/login/access-token", "status_code": 200, "duration": 0.3788, "event": "request_finished", "correlation_id": "61f6832d-4900-479c-a41f-78c9d1114999", "level": "info", "logger": "app.middleware.RequestLoggingMiddleware", "timestamp": "2026-08-17T12:53:29.745828Z"}
{"event": "HTTP Request: POST http://testserver/api/v1/login/access-token \"HTTP/1.1 200 OK\"", "level": "info", "logger": "httpx", "timestamp": "2026-08-17T12:53:29.745828Z"}
{"method": "POST", "path": "/api/v1/reset-password/", "client_host": "testclient", "event": "request_started", "correlation_id": "51233140-ce81-4cd9-acbe-6c2028928d24", "level": "info", "logger": "app.middleware.RequestLoggingMiddleware", "timestamp": "2026-08-17T12:53:29.745828Z"}
{"method": "POST", "path": "/api/v1/reset-password/", "status_code": 200, "duration": 0.3831, "event": "request_finished", "correlation_id": "51233140-ce81-4cd9-acbe-6c2028928d24", "level": "info", "logger": "app.middleware.RequestLoggingMiddleware", "timestamp": "2026-08-17T12:53:30.128916Z"}
{"event": "HTTP Request: POST http://testserver/api/v1/reset-password/ \"HTTP/1.1 200 OK\"", "level": "info", "logger": "httpx", "timestamp": "2026-08-17T12:53:30.128916Z"}
{"method": "POST", "path": "/api/v1/login/access-token", "client_host": "testclient", "event": "request_started", "correlation_id": "007b8be5-5105-48b1-993a-7fc7bab5e858", "level": "info", "logger": "app.middleware.RequestLoggingMiddleware", "timestamp": "2026-08-17T12:53:30.527207Z"}
{"method": "POST", "path": "/api/v1/login/access-token", "status_code": 200, "duration": 0.3968, "event": "request_finished", "correlation_id": "007b8be5-5105-48b1-993a-7fc7bab5e858", "level": "info", "logger": "app.middleware.RequestLoggingMiddleware", "timestamp": "2026-08-17T12:53:30.924008Z"}
{"event": "HTTP Request: POST http://testserver/api/v1/login/access-token \"HTTP/1.1 200 OK\"", "level": "info", "logger": "httpx", "timestamp": "2026-08-17T12:53:30.933394Z"}
{"method": "POST", "path": "/api/v1/reset-password/", "client_host": "testclient", "event": "request_started", "correlation_id": "a6a43bd7-f959-4409-86cb-134fdf78ddb3", "level": "info", "logger": "app.middleware.RequestLoggingMiddleware", "timestamp": "2026-08-17T12:53:30.935916Z"}
{"method": "POST", "path": "/api/v1/reset-password/", "status_code": 400, "duration": 0.0016, "event": "request_finished", "correlation_id": "a6a43bd7-f959-4409-86cb-134fdf78ddb3", "level": "info", "logger": "app.middleware.RequestLoggingMiddleware", "timestamp": "2026-08-17T12:53:30.937501Z"}
{"event": "HTTP Request: POST http://testserver/api/v1/reset-password/ \"HTTP/1.1 400 Bad Request\"", "level": "info", "logger": "httpx", "timestamp": "2026-08-17T12:53:30.938831Z"}
{"method": "POST", "path": "/api/v1/private/users/", "client_host": "testclient", "event": "request_started", "correlation_id": "468dbb2a-b3e0-43bf-ae06-2cb015da2971", "level": "info", "logger": "app.middleware.RequestLoggingMiddleware", "timestamp": "2026-08-17T12:53:30.950192Z"}
{"method": "POST", "path": "/api/v1/private/users/", "status_code": 200, "duration": 0.3891, "event": "request_finished", "correlation_id": "468dbb2a-b3e0-43bf-ae06-2cb015da2971", "level": "info", "logger": "app.middleware.RequestLoggingMiddleware", "timestamp": "2026-08-17T12:53:31.339261Z"}
{"event": "HTTP Request: POST http://testserver/api/v1/private/users/ \"HTTP/1.1 200 OK\"", "level": "info", "logger": "httpx", "timestamp": "2026-08-17T12:53:31.339261Z"}
{"method": "POST", "path": "/api/v1/login/access-token", "client_host": "testclient", "event": "request_started", "correlation_id": "eba4ad33-1557-432a-9186-ffa4f2c3c207", "level": "info", "logger": "app.middleware.RequestLoggingMiddleware", "timestamp": "2026-08-17T12:53:31.353454Z"}
{"method": "POST", "path": "/api/v1/login/access-token", "status_code": 200, "duration": 0.3809, "event": "request_finished", "correlation_id": "eba4ad33-1557-432a-9186-ffa4f2c3c207", "level": "info", "logger": "app.middleware.RequestLoggingMiddleware", "timestamp": "2026-08-17T12:53:31.734325Z"}
{"event": "HTTP Request: POST http://testserver/api/v1/login/access-token \"HTTP/1.1 200 OK\"", "level": "info", "logger": "httpx", "timestamp": "2026-08-17T12:53:31.735626Z"}
{"method": "POST", "path": "/api/v1/workspaces/", "client_host": "testclient", "event": "request_started", "correlation_id": "e94928d2-f838-4fb2-b756-8db7e6bd1e71", "level": "info", "logger": "app.middleware.RequestLoggingMiddleware", "timestamp": "2026-08-17T12:53:31.737167Z"}
{"method": "POST", "path": "/api/v1/workspaces/", "status_code": 200, "duration": 0.01, "event": "request_finished", "correlation_id": "e94928d2-f838-4fb2-b756-8db7e6bd1e71", "level": "info", "logger": "app.middleware.RequestLoggingMiddleware", "timestamp": "2026-08-17T12:53:31.747156Z"}
{"event": "HTTP Request: POST http://testserver/api/v1/workspaces/ \"HTTP/1.1 200 OK\"", "level": "info", "logger": "httpx", "timestamp": "2026-08-17T12:53:31.748714Z"}
{"method": "POST", "path": "/api/v1/projects/", "client_host": "testclient", "event": "request_started", "correlation_id": "dd18b1b4-61ed-43d8-bc94-eecbca9f460f", "level": "info", "logger": "app.middleware.RequestLoggingMiddleware", "timestamp": "2026-08-17T12:53:31.750942Z"}
{"method": "POST", "path": "/api/v1/projects/", "status_code": 200, "duration": 0.0123, "event": "request_finished", "correlation_id": "dd18b1b4-61ed-43d8-bc94-eecbca9f460f", "level": "info", "logger": "app.middleware.RequestLoggingMiddleware", "timestamp": "2026-08-17T12:53:31.763252Z"}
{"event": "HTTP Request: POST http://testserver/api/v1/projects/ \"HTTP/1.1 200 OK\"", "level": "info", "logger": "httpx", "timestamp": "2026-08-17T12:53:31.763252Z"}
{"method": "POST", "path": "/api/v1/login/access-token", "client_host": "testclient", "event": "request_started", "correlation_id": "17eb01e3-dc2a-4078-bbe3-52f58cd5ec2e", "level": "info", "logger": "app.middleware.RequestLoggingMiddleware", "timestamp": "2026-08-17T12:53:31.773546Z"}
{"method": "POST", "path": "/api/v1/login/access-token", "status_code": 200, "duration": 0.4106, "event": "request_finished", "correlation_id": "17eb01e3-dc2a-4078-bbe3-52f58cd5ec2e", "level": "info", "logger": "app.middleware.RequestLoggingMiddleware", "timestamp": "2026-08-17T12:53:32.184159Z"}
{"event": "HTTP Request: POST http://testserver/api/v1/login/access-token \"HTTP/1.1 200 OK\"", "level": "info", "logger": "httpx", "timestamp": "2026-08-17T12:53:32.184159Z"}
{"method": "POST", "path": "/api/v1/workspaces/", "client_host": "testclient", "event": "request_started", "correlation_id": "b3fafa81-a784-43c3-b447-eabe155bbae0", "level": "info", "logger": "app.middleware.RequestLoggingMiddleware", "timestamp": "2026-08-17T12:53:32.184159Z"}
{"method": "POST", "path": "/api/v1/workspaces/", "status_code": 200, "duration": 0.0115, "event": "request_finished", "correlation_id": "b3fafa81-a784-43c3-b447-eabe155bbae0", "level": "info", "logger": "app.middleware.RequestLoggingMiddleware", "timestamp": "2026-08-17T12:53:32.195674Z"}
{"event": "HTTP Request: POST http://testserver/api/v1/workspaces/ \"HTTP/1.1 200 OK\"", "level": "info", "logger": "httpx", "timestamp": "2026-08-17T12:53:32.195674Z"}
{"method": "POST", "path": "/api/v1/projects/", "client_host": "testclient", "event": "request_started", "correlation_id": "ade40c05-dc35-4ee8-a394-0592eedea877", "level": "info", "logger": "app.middleware.RequestLoggingMiddleware", "timestamp": "2026-08-17T12:53:32.197682Z"}
{"method": "POST", "path": "/api/v1/projects/", "status_code": 200, "duration": 0.0076, "event": "request_finished", "correlation_id": "ade40c05-dc35-4ee8-a394-0592eedea877", "level": "info", "logger": "app.middleware.RequestLoggingMiddleware", "timestamp": "2026-08-17T12:53:32.205296Z"}
{"event": "HTTP Request: POST http://testserver/api/v1/projects/ \"HTTP/1.1 200 OK\"", "level": "info", "logger": "httpx", "timestamp": "2026-08-17T12:53:32.205737Z"}
{"method": "GET", "path": "/api/v1/projects/", "client_host": "testclient", "event": "request_started", "correlation_id": "e6f18693-3d52-43a7-98fd-753b9774b1b2", "level": "info", "logger": "app.middleware.RequestLoggingMiddleware", "timestamp": "2026-08-17T12:53:32.205737Z"}
{"method": "GET", "path": "/api/v1/projects/", "status_code": 200, "duration": 0.0131, "event": "request_finished", "correlation_id": "e6f18693-3d52-43a7-98fd-753b9774b1b2", "level": "info", "logger": "app.middleware.RequestLoggingMiddleware", "timestamp": "2026-08-17T12:53:32.218833Z"}
{"event": "HTTP Request: GET http://testserver/api/v1/projects/ \"HTTP/1.1 200 OK\"", "level": "info", "logger": "httpx", "timestamp": "2026-08-17T12:53:32.218833Z"}
{"method": "POST", "path": "/api/v1/login/access-token", "client_host": "testclient", "event": "request_started", "correlation_id": "2d394890-7d32-4678-a9f2-97af51fa2785", "level": "info", "logger": "app.middleware.RequestLoggingMiddleware", "timestamp": "2026-08-17T12:53:32.232576Z"}
{"method": "POST", "path": "/api/v1/login/access-token", "status_code": 200, "duration": 0.41, "event": "request_finished", "correlation_id": "2d394890-7d32-4678-a9f2-97af51fa2785", "level": "info", "logger": "app.middleware.RequestLoggingMiddleware", "timestamp": "2026-08-17T12:53:32.642539Z"}
{"event": "HTTP Request: POST http://testserver/api/v1/login/access-token \"HTTP/1.1 200 OK\"", "level": "info", "logger": "httpx", "timestamp": "2026-08-17T12:53:32.642539Z"}
{"method": "POST", "path": "/api/v1/workspaces/", "client_host": "testclient", "event": "request_started", "correlation_id": "c78c4889-e260-4d4d-845d-8c2a69b8a05e", "level": "info", "logger": "app.middleware.RequestLoggingMiddleware", "timestamp": "2026-08-17T12:53:32.642539Z"}
{"method": "POST", "path": "/api/v1/workspaces/", "status_code": 200, "duration": 0.009, "event": "request_finished", "correlation_id": "c78c4889-e260-4d4d-845d-8c2a69b8a05e", "level": "info", "logger": "app.middleware.RequestLoggingMiddleware", "timestamp": "2026-08-17T12:53:32.651567Z"}
{"event": "HTTP Request: POST http://testserver/api/v1/workspaces/ \"HTTP/1.1 200 OK\"", "level": "info", "logger": "httpx", "timestamp": "2026-08-17T12:53:32.651567Z"}
{"method": "POST", "path": "/api/v1/projects/", "client_host": "testclient", "event": "request_started", "correlation_id": "bc110883-5997-4212-b7b2-83481584f377", "level": "info", "logger": "app.middleware.RequestLoggingMiddleware", "timestamp": "2026-08-17T12:53:32.655239Z"}
{"method": "POST", "path": "/api/v1/projects/", "status_code": 200, "duration": 0.0085, "event": "request_finished", "correlation_id": "bc110883-5997-4212-b7b2-83481584f377", "level": "info", "logger": "app.middleware.RequestLoggingMiddleware", "timestamp": "2026-08-17T12:53:32.663698Z"}
{"event": "HTTP Request: POST http://testserver/api/v1/projects/ \"HTTP/1.1 200 OK\"", "level": "info", "logger": "httpx", "timestamp": "2026-08-17T12:53:32.664481Z"}
{"method": "PUT", "path": "/api/v1/projects/87ce2915-ba23-411d-b2cd-6f96dec2e8b2", "client_host": "testclient", "event": "request_started", "correlation_id": "a464482e-5b7a-479a-8288-063793cc3882", "level": "info", "logger": "app.middleware.RequestLoggingMiddleware", "timestamp": "2026-08-17T12:53:32.664481Z"}
{"method": "PUT", "path": "/api/v1/projects/87ce2915-ba23-411d-b2cd-6f96dec2e8b2", "status_code": 200, "duration": 0.0102, "event": "request_finished", "correlation_id": "a464482e-5b7a-479a-8288-063793cc3882", "level": "info", "logger": "app.middleware.RequestLoggingMiddleware", "timestamp": "2026-08-17T12:53:32.674653Z"}
{"event": "HTTP Request: PUT http://testserver/api/v1/projects/87ce2915-ba23-411d-b2cd-6f96dec2e8b2 \"HTTP/1.1 200 OK\"", "level": "info", "logger": "httpx", "timestamp": "2026-08-17T12:53:32.674653Z"}
{"method": "POST", "path": "/api/v1/login/access-token", "client_host": "testclient", "event": "request_started", "correlation_id": "a6c29503-bc45-4658-9000-69018a0fc49c", "level": "info", "logger": "app.middleware.RequestLoggingMiddleware", "timestamp": "2026-08-17T12:53:32.684631Z"}
{"method": "POST", "path": "/api/v1/login/access-token", "status_code": 200, "duration": 0.44, "event": "request_finished", "correlation_id": "a6c29503-bc45-4658-9000-69018a0fc49c", "level": "info", "logger": "app.middleware.RequestLoggingMiddleware", "timestamp": "2026-08-17T12:53:33.124587Z"}
{"event": "HTTP Request: POST http://testserver/api/v1/login/access-token \"HTTP/1.1 200 OK\"", "level": "info", "logger": "httpx", "timestamp": "2026-08-17T12:53:33.124587Z"}
{"method": "POST", "path": "/api/v1/workspaces/", "client_host": "testclient", "event": "request_started", "correlation_id": "95667961-3ba6-486e-ad0c-c68c77cabd5f", "level": "info", "logger": "app.middleware.RequestLoggingMiddleware", "timestamp": "2026-08-17T12:53:33.124587Z"}
{"method": "POST", "path": "/api/v1/workspaces/", "status_code": 200, "duration": 0.0, "event": "request_finished", "correlation_id": "95667961-3ba6-486e-ad0c-c68c77cabd5f", "level": "info", "logger": "app.middleware.RequestLoggingMiddleware", "timestamp": "2026-08-17T12:53:33.124587Z"}
{"event": "HTTP Request: POST http://testserver/api/v1/workspaces/ \"HTTP/1.1 200 OK\"", "level": "info", "logger": "httpx", "timestamp": "2026-08-17T12:53:33.137825Z"}
{"method": "POST", "path": "/api/v1/projects/", "client_host": "testclient", "event": "request_started", "correlation_id": "ec2ace8e-7354-4e2d-9c7c-645b7ec025df", "level": "info", "logger": "app.middleware.RequestLoggingMiddleware", "timestamp": "2026-08-17T12:53:33.139123Z"}
{"method": "POST", "path": "/api/v1/projects/", "status_code": 200, "duration": 0.007, "event": "request_finished", "correlation_id": "ec2ace8e-7354-4e2d-9c7c-645b7ec025df", "level": "info", "logger": "app.middleware.RequestLoggingMiddleware", "timestamp": "2026-08-17T12:53:33.146173Z"}
{"event": "HTTP Request: POST http://testserver/api/v1/projects/ \"HTTP/1.1 200 OK\"", "level": "info", "logger": "httpx", "timestamp": "2026-08-17T12:53:33.149531Z"}
{"method": "DELETE", "path": "/api/v1/projects/cc584701-bd52-4da8-9e9d-a59e2c4ac6d0", "client_host": "testclient", "event": "request_started", "correlation_id": "c43896d1-38ef-4e59-94c6-2c260c64af77", "level": "info", "logger": "app.middleware.RequestLoggingMiddleware", "timestamp": "2026-08-17T12:53:33.151540Z"}
{"method": "DELETE", "path": "/api/v1/projects/cc584701-bd52-4da8-9e9d-a59e2c4ac6d0", "status_code": 200, "duration": 0.0045, "event": "request_finished", "correlation_id": "c43896d1-38ef-4e59-94c6-2c260c64af77", "level": "info", "logger": "app.middleware.RequestLoggingMiddleware", "timestamp": "2026-08-17T12:53:33.156006Z"}
{"event": "HTTP Request: DELETE http://testserver/api/v1/projects/cc584701-bd52-4da8-9e9d-a59e2c4ac6d0 \"HTTP/1.1 200 OK\"", "level": "info", "logger": "httpx", "timestamp": "2026-08-17T12:53:33.156006Z"}
{"method": "GET", "path": "/api/v1/projects/cc584701-bd52-4da8-9e9d-a59e2c4ac6d0", "client_host": "testclient", "event": "request_started", "correlation_id": "697ccad9-3f27-488e-92f5-2ba38777ad46", "level": "info", "logger": "app.middleware.RequestLoggingMiddleware", "timestamp": "2026-08-17T12:53:33.156006Z"}
{"method": "GET", "path": "/api/v1/projects/cc584701-bd52-4da8-9e9d-a59e2c4ac6d0", "status_code": 404, "duration": 0.012, "event": "request_finished", "correlation_id": "697ccad9-3f27-488e-92f5-2ba38777ad46", "level": "info", "logger": "app.middleware.RequestLoggingMiddleware", "timestamp": "2026-08-17T12:53:33.169718Z"}
{"event": "HTTP Request: GET http://testserver/api/v1/projects/cc584701-bd52-4da8-9e9d-a59e2c4ac6d0 \"HTTP/1.1 404 Not Found\"", "level": "info", "logger": "httpx", "timestamp": "2026-08-17T12:53:33.169718Z"}
{"method": "POST", "path": "/api/v1/login/access-token", "client_host": "testclient", "event": "request_started", "correlation_id": "9b6a2161-18e0-4c22-b987-379782515fcc", "level": "info", "logger": "app.middleware.RequestLoggingMiddleware", "timestamp": "2026-08-17T12:53:33.181256Z"}
{"method": "POST", "path": "/api/v1/login/access-token", "status_code": 200, "duration": 0.3772, "event": "request_finished", "correlation_id": "9b6a2161-18e0-4c22-b987-379782515fcc", "level": "info", "logger": "app.middleware.RequestLoggingMiddleware", "timestamp": "2026-08-17T12:53:33.558444Z"}
{"event": "HTTP Request: POST http://testserver/api/v1/login/access-token \"HTTP/1.1 200 OK\"", "level": "info", "logger": "httpx", "timestamp": "2026-08-17T12:53:33.558444Z"}
{"method": "GET", "path": "/api/v1/users/me", "client_host": "testclient", "event": "request_started", "correlation_id": "2224d6f8-4bcb-4ec9-8a0a-cf94227fae7c", "level": "info", "logger": "app.middleware.RequestLoggingMiddleware", "timestamp": "2026-08-17T12:53:33.558444Z"}
{"method": "GET", "path": "/api/v1/users/me", "status_code": 200, "duration": 0.0064, "event": "request_finished", "correlation_id": "2224d6f8-4bcb-4ec9-8a0a-cf94227fae7c", "level": "info", "logger": "app.middleware.RequestLoggingMiddleware", "timestamp": "2026-08-17T12:53:33.564879Z"}
{"event": "HTTP Request: GET http://testserver/api/v1/users/me \"HTTP/1.1 200 OK\"", "level": "info", "logger": "httpx", "timestamp": "2026-08-17T12:53:33.564879Z"}
{"method": "POST", "path": "/api/v1/workspaces/", "client_host": "testclient", "event": "request_started", "correlation_id": "dd8a8a80-5660-4a3e-94a8-74010282faa4", "level": "info", "logger": "app.middleware.RequestLoggingMiddleware", "timestamp": "2026-08-17T12:53:33.566888Z"}
{"method": "POST", "path": "/api/v1/workspaces/", "status_code": 200, "duration": 0.0039, "event": "request_finished", "correlation_id": "dd8a8a80-5660-4a3e-94a8-74010282faa4", "level": "info", "logger": "app.middleware.RequestLoggingMiddleware", "timestamp": "2026-08-17T12:53:33.570795Z"}
{"event": "HTTP Request: POST http://testserver/api/v1/workspaces/ \"HTTP/1.1 200 OK\"", "level": "info", "logger": "httpx", "timestamp": "2026-08-17T12:53:33.572805Z"}
{"method": "POST", "path": "/api/v1/projects/", "client_host": "testclient", "event": "request_started", "correlation_id": "68429399-f18f-44a6-b4a6-efbd31bc7b60", "level": "info", "logger": "app.middleware.RequestLoggingMiddleware", "timestamp": "2026-08-17T12:53:33.572805Z"}
{"method": "POST", "path": "/api/v1/projects/", "status_code": 200, "duration": 0.0054, "event": "request_finished", "correlation_id": "68429399-f18f-44a6-b4a6-efbd31bc7b60", "level": "info", "logger": "app.middleware.RequestLoggingMiddleware", "timestamp": "2026-08-17T12:53:33.578213Z"}
{"event": "HTTP Request: POST http://testserver/api/v1/projects/ \"HTTP/1.1 200 OK\"", "level": "info", "logger": "httpx", "timestamp": "2026-08-17T12:53:33.580221Z"}
{"method": "POST", "path": "/api/v1/tasks/", "client_host": "testclient", "event": "request_started", "correlation_id": "4a395e98-5106-41d7-b0cb-5d10972a729f", "level": "info", "logger": "app.middleware.RequestLoggingMiddleware", "timestamp": "2026-08-17T12:53:33.580221Z"}
{"event": "Generating task assignment email with context: {'project_name': 'Task Project', 'workspace_name': 'Task Workspace', 'task_title': 'Test Task', 'assignee_name': 'admin@doit.com', 'email': 'admin@doit.com'}", "correlation_id": "4a395e98-5106-41d7-b0cb-5d10972a729f", "level": "info", "logger": "app.utils", "timestamp": "2026-08-17T12:53:33.592138Z"}
{"method": "POST", "path": "/api/v1/tasks/", "status_code": 200, "duration": 0.0157, "event": "request_finished", "correlation_id": "4a395e98-5106-41d7-b0cb-5d10972a729f", "level": "info", "logger": "app.middleware.RequestLoggingMiddleware", "timestamp": "2026-08-17T12:53:33.595899Z"}
{"event": "Preparing to send email to admin@doit.com", "correlation_id": "4a395e98-5106-41d7-b0cb-5d10972a729f", "level": "info", "logger": "app.utils", "timestamp": "2026-08-17T12:53:33.595899Z"}
{"event": "SMTP Config: Host=smtp-relay.brevo.com, Port=587, TLS=True, User=a085a7001@smtp-brevo.com", "correlation_id": "4a395e98-5106-41d7-b0cb-5d10972a729f", "level": "info", "logger": "app.utils", "timestamp": "2026-08-17T12:53:33.595899Z"}
{"event": "Connected to SMTP server", "correlation_id": "4a395e98-5106-41d7-b0cb-5d10972a729f", "level": "info", "logger": "app.utils", "timestamp": "2026-08-17T12:53:33.914519Z"}
{"event": "Starting TLS", "correlation_id": "4a395e98-5106-41d7-b0cb-5d10972a729f", "level": "info", "logger": "app.utils", "timestamp": "2026-08-17T12:53:34.007219Z"}
{"event": "Attempting login", "correlation_id": "4a395e98-5106-41d7-b0cb-5d10972a729f", "level": "info", "logger": "app.utils", "timestamp": "2026-08-17T12:53:34.651493Z"}
{"event": "Email sent successfully", "correlation_id": "4a395e98-5106-41d7-b0cb-5d10972a729f", "level": "info", "logger": "app.utils", "timestamp": "2026-08-17T12:53:36.258016Z"}
{"event": "HTTP Request: POST http://testserver/api/v1/tasks/ \"HTTP/1.1 200 OK\"", "level": "info", "logger": "httpx", "timestamp": "2026-08-17T12:53:36.361944Z"}
{"method": "POST", "path": "/api/v1/login/access-token", "client_host": "testclient", "event": "request_started", "correlation_id": "a3cd2b11-5830-4fe8-9e3b-c836b33ad279", "level": "info", "logger": "app.middleware.RequestLoggingMiddleware", "timestamp": "2026-08-17T12:53:36.375367Z"}
{"method": "POST", "path": "/api/v1/login/access-token", "status_code": 200, "duration": 0.3956, "event": "request_finished", "correlation_id": "a3cd2b11-5830-4fe8-9e3b-c836b33ad279", "level": "info", "logger": "app.middleware.RequestLoggingMiddleware", "timestamp": "2026-08-17T12:53:36.771159Z"}
{"event": "HTTP Request: POST http://testserver/api/v1/login/access-token \"HTTP/1.1 200 OK\"", "level": "info", "logger": "httpx", "timestamp": "2026-08-17T12:53:36.771667Z"}
{"method": "GET", "path": "/api/v1/users/me", "client_host": "testclient", "event": "request_started", "correlation_id": "7b5a0c11-c470-40ec-8505-6bca2ba051e2", "level": "info", "logger": "app.middleware.RequestLoggingMiddleware", "timestamp": "2026-08-17T12:53:36.772677Z"}
{"method": "GET", "path": "/api/v1/users/me", "status_code": 200, "duration": 0.0041, "event": "request_finished", "correlation_id": "7b5a0c11-c470-40ec-8505-6bca2ba051e2", "level": "info", "logger": "app.middleware.RequestLoggingMiddleware", "timestamp": "2026-08-17T12:53:36.776826Z"}
{"event": "HTTP Request: GET http://testserver/api/v1/users/me \"HTTP/1.1 200 OK\"", "level": "info", "logger": "httpx", "timestamp": "2026-08-17T12:53:36.776826Z"}
{"method": "POST", "path": "/api/v1/workspaces/", "client_host": "testclient", "event": "request_started", "correlation_id": "a7fad9b7-44f6-4d3f-bebd-7d4ea662f86f", "level": "info", "logger": "app.middleware.RequestLoggingMiddleware", "timestamp": "2026-08-17T12:53:36.779282Z"}
{"method": "POST", "path": "/api/v1/workspaces/", "status_code": 200, "duration": 0.0057, "event": "request_finished", "correlation_id": "a7fad9b7-44f6-4d3f-bebd-7d4ea662f86f", "level": "info", "logger": "app.middleware.RequestLoggingMiddleware", "timestamp": "2026-08-17T12:53:36.785031Z"}
{"event": "HTTP Request: POST http://testserver/api/v1/workspaces/ \"HTTP/1.1 200 OK\"", "level": "info", "logger": "httpx", "timestamp": "2026-08-17T12:53:36.785031Z"}
{"method": "POST", "path": "/api/v1/projects/", "client_host": "testclient", "event": "request_started", "correlation_id": "f5199fc4-ce11-49dc-98b0-ed8135f2beaa", "level": "info", "logger": "app.middleware.RequestLoggingMiddleware", "timestamp": "2026-08-17T12:53:36.785031Z"}
{"method": "POST", "path": "/api/v1/projects/", "status_code": 200, "duration": 0.0036, "event": "request_finished", "correlation_id": "f5199fc4-ce11-49dc-98b0-ed8135f2beaa", "level": "info", "logger": "app.middleware.RequestLoggingMiddleware", "timestamp": "2026-08-17T12:53:36.788663Z"}
{"event": "HTTP Request: POST http://testserver/api/v1/projects/ \"HTTP/1.1 200 OK\"", "level": "info", "logger": "httpx", "timestamp": "2026-08-17T12:53:36.788663Z"}
{"method": "POST", "path": "/api/v1/tasks/", "client_host": "testclient", "event": "request_started", "correlation_id": "23471637-bf2c-4b9a-8dc2-7caae817139c", "level": "info", "logger": "app.middleware.RequestLoggingMiddleware", "timestamp": "2026-08-17T12:53:36.788663Z"}
{"event": "Generating task assignment email with context: {'project_name': 'Task Project', 'workspace_name': 'Task Workspace', 'task_title': 'Read Task', 'assignee_name': 'admin@doit.com', 'email': 'admin@doit.com'}", "correlation_id": "23471637-bf2c-4b9a-8dc2-7caae817139c", "level": "info", "logger": "app.utils", "timestamp": "2026-08-17T12:53:36.788663Z"}
{"method": "POST", "path": "/api/v1/tasks/", "status_code": 200, "duration": 0.0161, "event": "request_finished", "correlation_id": "23471637-bf2c-4b9a-8dc2-7caae817139c", "level": "info", "logger": "app.middleware.RequestLoggingMiddleware", "timestamp": "2026-08-17T12:53:36.804716Z"}
{"event": "Preparing to send email to admin@doit.com", "correlation_id": "23471637-bf2c-4b9a-8dc2-7caae817139c", "level": "info", "logger": "app.utils", "timestamp": "2026-08-17T12:53:36.804716Z"}
{"event": "SMTP Config: Host=smtp-relay.brevo.com, Port=587, TLS=True, User=a085a7001@smtp-brevo.com", "correlation_id": "23471637-bf2c-4b9a-8dc2-7caae817139c", "level": "info", "logger": "app.utils", "timestamp": "2026-08-17T12:53:36.804716Z"}
{"event": "Connected to SMTP server", "correlation_id": "23471637-bf2c-4b9a-8dc2-7caae817139c", "level": "info", "logger": "app.utils", "timestamp": "2026-08-17T12:53:37.076711Z"}
{"event": "Starting TLS", "correlation_id": "23471637-bf2c-4b9a-8dc2-7caae817139c", "level": "info", "logger": "app.utils", "timestamp": "2026-08-17T12:53:37.178206Z"}
{"event": "Attempting login", "correlation_id": "23471637-bf2c-4b9a-8dc2-7caae817139c", "level": "info", "logger": "app.utils", "timestamp": "2026-08-17T12:53:37.704443Z"}
{"event": "Email sent successfully", "correlation_id": "23471637-bf2c-4b9a-8dc2-7caae817139c", "level": "info", "logger": "app.utils", "timestamp": "2026-08-17T12:53:38.817375Z"}
{"event": "HTTP Request: POST http://testserver/api/v1/tasks/ \"HTTP/1.1 200 OK\"", "level": "info", "logger": "httpx", "timestamp": "2026-08-17T12:53:38.920453Z"}
{"method": "GET", "path": "/api/v1/tasks/", "client_host": "testclient", "event": "request_started", "correlation_id": "5e20c352-3440-4183-b9b5-88394aff1fe2", "level": "info", "logger": "app.middleware.RequestLoggingMiddleware", "timestamp": "2026-08-17T12:53:38.922283Z"}
{"method": "GET", "path": "/api/v1/tasks/", "status_code": 200, "duration": 0.0034, "event": "request_finished", "correlation_id": "5e20c352-3440-4183-b9b5-88394aff1fe2", "level": "info", "logger": "app.middleware.RequestLoggingMiddleware", "timestamp": "2026-08-17T12:53:38.925704Z"}
{"event": "HTTP Request: GET http://testserver/api/v1/tasks/?project_id=9e518868-c67a-4b5d-911a-cb8e58012447 \"HTTP/1.1 200 OK\"", "level": "info", "logger": "httpx", "timestamp": "2026-08-17T12:53:38.925704Z"}
{"method": "POST", "path": "/api/v1/login/access-token", "client_host": "testclient", "event": "request_started", "correlation_id": "5e2e7054-3db2-491e-bc73-336acfe83cc8", "level": "info", "logger": "app.middleware.RequestLoggingMiddleware", "timestamp": "2026-08-17T12:53:38.937701Z"}
{"method": "POST", "path": "/api/v1/login/access-token", "status_code": 200, "duration": 0.3904, "event": "request_finished", "correlation_id": "5e2e7054-3db2-491e-bc73-336acfe83cc8", "level": "info", "logger": "app.middleware.RequestLoggingMiddleware", "timestamp": "2026-08-17T12:53:39.328082Z"}
{"event": "HTTP Request: POST http://testserver/api/v1/login/access-token \"HTTP/1.1 200 OK\"", "level": "info", "logger": "httpx", "timestamp": "2026-08-17T12:53:39.328082Z"}
{"method": "GET", "path": "/api/v1/users/me", "client_host": "testclient", "event": "request_started", "correlation_id": "aa011f4b-8243-4c68-a679-646cdbe1fb62", "level": "info", "logger": "app.middleware.RequestLoggingMiddleware", "timestamp": "2026-08-17T12:53:39.328082Z"}
{"method": "GET", "path": "/api/v1/users/me", "status_code": 200, "duration": 0.0, "event": "request_finished", "correlation_id": "aa011f4b-8243-4c68-a679-646cdbe1fb62", "level": "info", "logger": "app.middleware.RequestLoggingMiddleware", "timestamp": "2026-08-17T12:53:39.328082Z"}
{"event": "HTTP Request: GET http://testserver/api/v1/users/me \"HTTP/1.1 200 OK\"", "level": "info", "logger": "httpx", "timestamp": "2026-08-17T12:53:39.336376Z"}
{"method": "POST", "path": "/api/v1/workspaces/", "client_host": "testclient", "event": "request_started", "correlation_id": "3ec62f10-bcf0-4b92-947d-626831859d6b", "level": "info", "logger": "app.middleware.RequestLoggingMiddleware", "timestamp": "2026-08-17T12:53:39.337612Z"}
{"method": "POST", "path": "/api/v1/workspaces/", "status_code": 200, "duration": 0.0021, "event": "request_finished", "correlation_id": "3ec62f10-bcf0-4b92-947d-626831859d6b", "level": "info", "logger": "app.middleware.RequestLoggingMiddleware", "timestamp": "2026-08-17T12:53:39.339691Z"}
{"event": "HTTP Request: POST http://testserver/api/v1/workspaces/ \"HTTP/1.1 200 OK\"", "level": "info", "logger": "httpx", "timestamp": "2026-08-17T12:53:39.339691Z"}
{"method": "POST", "path": "/api/v1/projects/", "client_host": "testclient", "event": "request_started", "correlation_id": "04e3d510-ff4c-4598-8bd3-397133b3ba87", "level": "info", "logger": "app.middleware.RequestLoggingMiddleware", "timestamp": "2026-08-17T12:53:39.344634Z"}
{"method": "POST", "path": "/api/v1/projects/", "status_code": 200, "duration": 0.0037, "event": "request_finished", "correlation_id": "04e3d510-ff4c-4598-8bd3-397133b3ba87", "level": "info", "logger": "app.middleware.RequestLoggingMiddleware", "timestamp": "2026-08-17T12:53:39.348312Z"}
{"event": "HTTP Request: POST http://testserver/api/v1/projects/ \"HTTP/1.1 200 OK\"", "level": "info", "logger": "httpx", "timestamp": "2026-08-17T12:53:39.351627Z"}
{"method": "POST", "path": "/api/v1/tasks/", "client_host": "testclient", "event": "request_started", "correlation_id": "87026305-fc4e-4921-91a0-90fd03cc5dd5", "level": "info", "logger": "app.middleware.RequestLoggingMiddleware", "timestamp": "2026-08-17T12:53:39.353572Z"}
{"event": "Generating task assignment email with context: {'project_name': 'Task Project', 'workspace_name': 'Task Workspace', 'task_title': 'Status Task', 'assignee_name': 'admin@doit.com', 'email': 'admin@doit.com'}", "correlation_id": "87026305-fc4e-4921-91a0-90fd03cc5dd5", "level": "info", "logger": "app.utils", "timestamp": "2026-08-17T12:53:39.358189Z"}
{"method": "POST", "path": "/api/v1/tasks/", "status_code": 200, "duration": 0.0108, "event": "request_finished", "correlation_id": "87026305-fc4e-4921-91a0-90fd03cc5dd5", "level": "info", "logger": "app.middleware.RequestLoggingMiddleware", "timestamp": "2026-08-17T12:53:39.364340Z"}
{"event": "Preparing to send email to admin@doit.com", "correlation_id": "87026305-fc4e-4921-91a0-90fd03cc5dd5", "level": "info", "logger": "app.utils", "timestamp": "2026-08-17T12:53:39.364340Z"}
{"event": "SMTP Config: Host=smtp-relay.brevo.com, Port=587, TLS=True, User=a085a7001@smtp-brevo.com", "correlation_id": "87026305-fc4e-4921-91a0-90fd03cc5dd5", "level": "info", "logger": "app.utils", "timestamp": "2026-08-17T12:53:39.364340Z"}
{"event": "Connected to SMTP server", "correlation_id": "87026305-fc4e-4921-91a0-90fd03cc5dd5", "level": "info", "logger": "app.utils", "timestamp": "2026-08-17T12:53:39.536215Z"}
{"event": "Starting TLS", "correlation_id": "87026305-fc4e-4921-91a0-90fd03cc5dd5", "level": "info", "logger": "app.utils", "timestamp": "2026-08-17T12:53:39.637718Z"}
{"event": "Attempting login", "correlation_id": "87026305-fc4e-4921-91a0-90fd03cc5dd5", "level": "info", "logger": "app.utils", "timestamp": "2026-08-17T12:53:40.047201Z"}
{"event": "Email sent successfully", "correlation_id": "87026305-fc4e-4921-91a0-90fd03cc5dd5", "level": "info", "logger": "app.utils", "timestamp": "2026-08-17T12:53:41.072196Z"}
{"event": "HTTP Request: POST http://testserver/api/v1/tasks/ \"HTTP/1.1 200 OK\"", "level": "info", "logger": "httpx", "timestamp": "2026-08-17T12:53:41.175419Z"}
{"method": "PUT", "path": "/api/v1/tasks/14cbd084-c7e0-4af2-9e1a-b6b64f6ddfa3", "client_host": "testclient", "event": "request_started", "correlation_id": "26218faf-0c8c-4472-bee9-b0383bc2967c", "level": "info", "logger": "app.middleware.RequestLoggingMiddleware", "timestamp": "2026-08-17T12:53:41.175419Z"}
{"method": "PUT", "path": "/api/v1/tasks/14cbd084-c7e0-4af2-9e1a-b6b64f6ddfa3", "status_code": 200, "duration": 0.0111, "event": "request_finished", "correlation_id": "26218faf-0c8c-4472-bee9-b0383bc2967c", "level": "info", "logger": "app.middleware.RequestLoggingMiddleware", "timestamp": "2026-08-17T12:53:41.186546Z"}
{"event": "HTTP Request: PUT http://testserver/api/v1/tasks/14cbd084-c7e0-4af2-9e1a-b6b64f6ddfa3 \"HTTP/1.1 200 OK\"", "level": "info", "logger": "httpx", "timestamp": "2026-08-17T12:53:41.188528Z"}
{"method": "POST", "path": "/api/v1/login/access-token", "client_host": "testclient", "event": "request_started", "correlation_id": "cb96581a-ae70-4451-8490-d1bdfc4e86bc", "level": "info", "logger": "app.middleware.RequestLoggingMiddleware", "timestamp": "2026-08-17T12:53:41.199363Z"}
{"method": "POST", "path": "/api/v1/login/access-token", "status_code": 200, "duration": 0.3806, "event": "request_finished", "correlation_id": "cb96581a-ae70-4451-8490-d1bdfc4e86bc", "level": "info", "logger": "app.middleware.RequestLoggingMiddleware", "timestamp": "2026-08-17T12:53:41.579988Z"}
{"event": "HTTP Request: POST http://testserver/api/v1/login/access-token \"HTTP/1.1 200 OK\"", "level": "info", "logger": "httpx", "timestamp": "2026-08-17T12:53:41.582557Z"}
{"method": "GET", "path": "/api/v1/users/me", "client_host": "testclient", "event": "request_started", "correlation_id": "f6e67d49-caed-4b23-980a-ca1cc22506ff", "level": "info", "logger": "app.middleware.RequestLoggingMiddleware", "timestamp": "2026-08-17T12:53:41.582557Z"}
{"method": "GET", "path": "/api/v1/users/me", "status_code": 200, "duration": 0.0, "event": "request_finished", "correlation_id": "f6e67d49-caed-4b23-980a-ca1cc22506ff", "level": "info", "logger": "app.middleware.RequestLoggingMiddleware", "timestamp": "2026-08-17T12:53:41.582557Z"}
{"event": "HTTP Request: GET http://testserver/api/v1/users/me \"HTTP/1.1 200 OK\"", "level": "info", "logger": "httpx", "timestamp": "2026-08-17T12:53:41.588646Z"}
{"method": "POST", "path": "/api/v1/workspaces/", "client_host": "testclient", "event": "request_started", "correlation_id": "d4addc67-ab16-40de-9758-80c886812f07", "level": "info", "logger": "app.middleware.RequestLoggingMiddleware", "timestamp": "2026-08-17T12:53:41.589231Z"}
{"method": "POST", "path": "/api/v1/workspaces/", "status_code": 200, "duration": 0.0057, "event": "request_finished", "correlation_id": "d4addc67-ab16-40de-9758-80c886812f07", "level": "info", "logger": "app.middleware.RequestLoggingMiddleware", "timestamp": "2026-08-17T12:53:41.594895Z"}
{"event": "HTTP Request: POST http://testserver/api/v1/workspaces/ \"HTTP/1.1 200 OK\"", "level": "info", "logger": "httpx", "timestamp": "2026-08-17T12:53:41.596945Z"}
{"method": "POST", "path": "/api/v1/projects/", "client_host": "testclient", "event": "request_started", "correlation_id": "b5c0bca8-c67a-4363-b9c6-7910dbb1943a", "level": "info", "logger": "app.middleware.RequestLoggingMiddleware", "timestamp": "2026-08-17T12:53:41.597966Z"}
{"method": "POST", "path": "/api/v1/projects/", "status_code": 200, "duration": 0.004, "event": "request_finished", "correlation_id": "b5c0bca8-c67a-4363-b9c6-7910dbb1943a", "level": "info", "logger": "app.middleware.RequestLoggingMiddleware", "timestamp": "2026-08-17T12:53:41.601958Z"}
{"event": "HTTP Request: POST http://testserver/api/v1/projects/ \"HTTP/1.1 200 OK\"", "level": "info", "logger": "httpx", "timestamp": "2026-08-17T12:53:41.605091Z"}
{"method": "POST", "path": "/api/v1/tasks/", "client_host": "testclient", "event": "request_started", "correlation_id": "12186793-a570-49f9-a06e-965bc572f942", "level": "info", "logger": "app.middleware.RequestLoggingMiddleware", "timestamp": "2026-08-17T12:53:41.606627Z"}
{"event": "Generating task assignment email with context: {'project_name': 'Task Project', 'workspace_name': 'Task Workspace', 'task_title': 'Delete Task', 'assignee_name': 'admin@doit.com', 'email': 'admin@doit.com'}", "correlation_id": "12186793-a570-49f9-a06e-965bc572f942", "level": "info", "logger": "app.utils", "timestamp": "2026-08-17T12:53:41.615710Z"}
{"method": "POST", "path": "/api/v1/tasks/", "status_code": 200, "duration": 0.013, "event": "request_finished", "correlation_id": "12186793-a570-49f9-a06e-965bc572f942", "level": "info", "logger": "app.middleware.RequestLoggingMiddleware", "timestamp": "2026-08-17T12:53:41.619640Z"}
{"event": "Preparing to send email to admin@doit.com", "correlation_id": "12186793-a570-49f9-a06e-965bc572f942", "level": "info", "logger": "app.utils", "timestamp": "2026-08-17T12:53:41.619640Z"}
{"event": "SMTP Config: Host=smtp-relay.brevo.com, Port=587, TLS=True, User=a085a7001@smtp-brevo.com", "correlation_id": "12186793-a570-49f9-a06e-965bc572f942", "level": "info", "logger": "app.utils", "timestamp": "2026-08-17T12:53:41.619640Z"}
{"event": "Connected to SMTP server", "correlation_id": "12186793-a570-49f9-a06e-965bc572f942", "level": "info", "logger": "app.utils", "timestamp": "2026-08-17T12:53:41.996889Z"}
{"event": "Starting TLS", "correlation_id": "12186793-a570-49f9-a06e-965bc572f942", "level": "info", "logger": "app.utils", "timestamp": "2026-08-17T12:53:42.094986Z"}
{"event": "Attempting login", "correlation_id": "12186793-a570-49f9-a06e-965bc572f942", "level": "info", "logger": "app.utils", "timestamp": "2026-08-17T12:53:42.606008Z"}
{"event": "Email sent successfully", "correlation_id": "12186793-a570-49f9-a06e-965bc572f942", "level": "info", "logger": "app.utils", "timestamp": "2026-08-17T12:53:43.632027Z"}
{"event": "HTTP Request: POST http://testserver/api/v1/tasks/ \"HTTP/1.1 200 OK\"", "level": "info", "logger": "httpx", "timestamp": "2026-08-17T12:53:43.732086Z"}
{"method": "DELETE", "path": "/api/v1/tasks/e31dd21c-2a94-4078-99bd-93477209b3a3", "client_host": "testclient", "event": "request_started", "correlation_id": "000c7701-ddc7-4f05-bff5-91da10b95c59", "level": "info", "logger": "app.middleware.RequestLoggingMiddleware", "timestamp": "2026-08-17T12:53:43.732086Z"}
{"method": "DELETE", "path": "/api/v1/tasks/e31dd21c-2a94-4078-99bd-93477209b3a3", "status_code": 200, "duration": 0.0181, "event": "request_finished", "correlation_id": "000c7701-ddc7-4f05-bff5-91da10b95c59", "level": "info", "logger": "app.middleware.RequestLoggingMiddleware", "timestamp": "2026-08-17T12:53:43.750166Z"}
{"event": "HTTP Request: DELETE http://testserver/api/v1/tasks/e31dd21c-2a94-4078-99bd-93477209b3a3 \"HTTP/1.1 200 OK\"", "level": "info", "logger": "httpx", "timestamp": "2026-08-17T12:53:43.750166Z"}
{"method": "GET", "path": "/api/v1/tasks/e31dd21c-2a94-4078-99bd-93477209b3a3", "client_host": "testclient", "event": "request_started", "correlation_id": "4abb07af-a7e1-4da5-bf3a-49523927062f", "level": "info", "logger": "app.middleware.RequestLoggingMiddleware", "timestamp": "2026-08-17T12:53:43.750166Z"}
{"method": "GET", "path": "/api/v1/tasks/e31dd21c-2a94-4078-99bd-93477209b3a3", "status_code": 404, "duration": 0.0, "event": "request_finished", "correlation_id": "4abb07af-a7e1-4da5-bf3a-49523927062f", "level": "info", "logger": "app.middleware.RequestLoggingMiddleware", "timestamp": "2026-08-17T12:53:43.750166Z"}
{"event": "HTTP Request: GET http://testserver/api/v1/tasks/e31dd21c-2a94-4078-99bd-93477209b3a3 \"HTTP/1.1 404 Not Found\"", "level": "info", "logger": "httpx", "timestamp": "2026-08-17T12:53:43.760354Z"}
{"method": "POST", "path": "/api/v1/login/access-token", "client_host": "testclient", "event": "request_started", "correlation_id": "a6e816d1-316e-4416-8f5b-07c3cef71512", "level": "info", "logger": "app.middleware.RequestLoggingMiddleware", "timestamp": "2026-08-17T12:53:43.773326Z"}
{"method": "POST", "path": "/api/v1/login/access-token", "status_code": 200, "duration": 0.3909, "event": "request_finished", "correlation_id": "a6e816d1-316e-4416-8f5b-07c3cef71512", "level": "info", "logger": "app.middleware.RequestLoggingMiddleware", "timestamp": "2026-08-17T12:53:44.164219Z"}
{"event": "HTTP Request: POST http://testserver/api/v1/login/access-token \"HTTP/1.1 200 OK\"", "level": "info", "logger": "httpx", "timestamp": "2026-08-17T12:53:44.164219Z"}
{"method": "GET", "path": "/api/v1/users/me", "client_host": "testclient", "event": "request_started", "correlation_id": "eb003e2e-de5d-47a3-b464-6a14fecd266a", "level": "info", "logger": "app.middleware.RequestLoggingMiddleware", "timestamp": "2026-08-17T12:53:44.164219Z"}
{"method": "GET", "path": "/api/v1/users/me", "status_code": 200, "duration": 0.0055, "event": "request_finished", "correlation_id": "eb003e2e-de5d-47a3-b464-6a14fecd266a", "level": "info", "logger": "app.middleware.RequestLoggingMiddleware", "timestamp": "2026-08-17T12:53:44.169715Z"}
{"event": "HTTP Request: GET http://testserver/api/v1/users/me \"HTTP/1.1 200 OK\"", "level": "info", "logger": "httpx", "timestamp": "2026-08-17T12:53:44.169715Z"}
{"method": "POST", "path": "/api/v1/login/access-token", "client_host": "testclient", "event": "request_started", "correlation_id": "640184b8-3799-4540-9f48-9647ca1c28d3", "level": "info", "logger": "app.middleware.RequestLoggingMiddleware", "timestamp": "2026-08-17T12:53:44.551923Z"}
{"method": "POST", "path": "/api/v1/login/access-token", "status_code": 200, "duration": 0.3778, "event": "request_finished", "correlation_id": "640184b8-3799-4540-9f48-9647ca1c28d3", "level": "info", "logger": "app.middleware.RequestLoggingMiddleware", "timestamp": "2026-08-17T12:53:44.929691Z"}
{"event": "HTTP Request: POST http://testserver/api/v1/login/access-token \"HTTP/1.1 200 OK\"", "level": "info", "logger": "httpx", "timestamp": "2026-08-17T12:53:44.932789Z"}
{"method": "GET", "path": "/api/v1/users/me", "client_host": "testclient", "event": "request_started", "correlation_id": "7c75f34b-65de-4455-93fa-05a8d332e867", "level": "info", "logger": "app.middleware.RequestLoggingMiddleware", "timestamp": "2026-08-17T12:53:44.932789Z"}
{"method": "GET", "path": "/api/v1/users/me", "status_code": 200, "duration": 0.0049, "event": "request_finished", "correlation_id": "7c75f34b-65de-4455-93fa-05a8d332e867", "level": "info", "logger": "app.middleware.RequestLoggingMiddleware", "timestamp": "2026-08-17T12:53:44.937719Z"}
{"event": "HTTP Request: GET http://testserver/api/v1/users/me \"HTTP/1.1 200 OK\"", "level": "info", "logger": "httpx", "timestamp": "2026-08-17T12:53:44.939040Z"}
{"method": "POST", "path": "/api/v1/login/access-token", "client_host": "testclient", "event": "request_started", "correlation_id": "71e07319-acb2-448d-bf29-3cb7f8dce909", "level": "info", "logger": "app.middleware.RequestLoggingMiddleware", "timestamp": "2026-08-17T12:53:44.948127Z"}
{"method": "POST", "path": "/api/v1/login/access-token", "status_code": 200, "duration": 0.3742, "event": "request_finished", "correlation_id": "71e07319-acb2-448d-bf29-3cb7f8dce909", "level": "info", "logger": "app.middleware.RequestLoggingMiddleware", "timestamp": "2026-08-17T12:53:45.322284Z"}
{"event": "HTTP Request: POST http://testserver/api/v1/login/access-token \"HTTP/1.1 200 OK\"", "level": "info", "logger": "httpx", "timestamp": "2026-08-17T12:53:45.322284Z"}
{"method": "POST", "path": "/api/v1/users/", "client_host": "testclient", "event": "request_started", "correlation_id": "ea67ba52-25b6-4e99-ba64-3eb07dd6feca", "level": "info", "logger": "app.middleware.RequestLoggingMiddleware", "timestamp": "2026-08-17T12:53:45.322284Z"}
{"event": "Preparing to send email to uvoqzbydeujyvptaakyfmscudcobjmdo@bxbzwcltkiobzceexhrbsqaoobqpexle.com", "correlation_id": "ea67ba52-25b6-4e99-ba64-3eb07dd6feca", "level": "info", "logger": "app.utils", "timestamp": "2026-08-17T12:53:45.705709Z"}
{"event": "SMTP Config: Host=smtp.example.com, Port=587, TLS=True, User=admin@example.com", "correlation_id": "ea67ba52-25b6-4e99-ba64-3eb07dd6feca", "level": "info", "logger": "app.utils", "timestamp": "2026-08-17T12:53:45.705709Z"}
{"event": "Failed to send email: [Errno 11001] getaddrinfo failed", "correlation_id": "ea67ba52-25b6-4e99-ba64-3eb07dd6feca", "level": "error", "logger": "app.utils", "timestamp": "2026-08-17T12:53:45.788948Z"}
{"event": "Traceback (most recent call last):\n  File \"C:\\Users\\kiran\\Desktop\\doit-prod\\backend\\app\\utils.py\", line 74, in send_email\n    with smtplib.SMTP(settings.SMTP_HOST, settings.SMTP_PORT) as server:\n         ^^^^^^^^^^^^^^^^^^^^^^^^^^^^^^^^^^^^^^^^^^^^^^^^^^^^\n  File \"C:\\Users\\kiran\\AppData\\Roaming\\uv\\python\\cpython-3.12.12-windows-x86_64-none\\Lib\\smtplib.py\", line 255, in __init__\n    (code, msg) = self.connect(host, port)\n                  ^^^^^^^^^^^^^^^^^^^^^^^^\n  File \"C:\\Users\\kiran\\AppData\\Roaming\\uv\\python\\cpython-3.12.12-windows-x86_64-none\\Lib\\smtplib.py\", line 341, in connect\n    self.sock = self._get_socket(host, port, self.timeout)\n                ^^^^^^^^^^^^^^^^^^^^^^^^^^^^^^^^^^^^^^^^^^\n  File \"C:\\Users\\kiran\\AppData\\Roaming\\uv\\python\\cpython-3.12.12-windows-x86_64-none\\Lib\\smtplib.py\", line 312, in _get_socket\n    return socket.create_connection((host, port), timeout,\n           ^^^^^^^^^^^^^^^^^^^^^^^^^^^^^^^^^^^^^^^^^^^^^^^\n  File \"C:\\Users\\kiran\\AppData\\Roaming\\uv\\python\\cpython-3.12.12-windows-x86_64-none\\Lib\\socket.py\", line 841, in create_connection\n    for res in getaddrinfo(host, port, 0, SOCK_STREAM):\n               ^^^^^^^^^^^^^^^^^^^^^^^^^^^^^^^^^^^^^^^\n  File \"C:\\Users\\kiran\\AppData\\Roaming\\uv\\python\\cpython-3.12.12-windows-x86_64-none\\Lib\\socket.py\", line 978, in getaddrinfo\n    for res in _socket.getaddrinfo(host, port, family, type, proto, flags):\n               ^^^^^^^^^^^^^^^^^^^^^^^^^^^^^^^^^^^^^^^^^^^^^^^^^^^^^^^^^^^\nsocket.gaierror: [Errno 11001] getaddrinfo failed\n", "correlation_id": "ea67ba52-25b6-4e99-ba64-3eb07dd6feca", "level": "error", "logger": "app.utils", "timestamp": "2026-08-17T12:53:45.793589Z"}
{"method": "POST", "path": "/api/v1/users/", "status_code": 200, "duration": 0.4713, "event": "request_finished", "correlation_id": "ea67ba52-25b6-4e99-ba64-3eb07dd6feca", "level": "info", "logger": "app.middleware.RequestLoggingMiddleware", "timestamp": "2026-08-17T12:53:45.793589Z"}
{"event": "HTTP Request: POST http://testserver/api/v1/users/ \"HTTP/1.1 200 OK\"", "level": "info", "logger": "httpx", "timestamp": "2026-08-17T12:53:45.793589Z"}
{"method": "POST", "path": "/api/v1/login/access-token", "client_host": "testclient", "event": "request_started", "correlation_id": "294cdb63-fbeb-4578-8e7c-709b4192441a", "level": "info", "logger": "app.middleware.RequestLoggingMiddleware", "timestamp": "2026-08-17T12:53:45.806856Z"}
{"method": "POST", "path": "/api/v1/login/access-token", "status_code": 200, "duration": 0.3661, "event": "request_finished", "correlation_id": "294cdb63-fbeb-4578-8e7c-709b4192441a", "level": "info", "logger": "app.middleware.RequestLoggingMiddleware", "timestamp": "2026-08-17T12:53:46.172979Z"}
{"event": "HTTP Request: POST http://testserver/api/v1/login/access-token \"HTTP/1.1 200 OK\"", "level": "info", "logger": "httpx", "timestamp": "2026-08-17T12:53:46.172979Z"}
{"method": "GET", "path": "/api/v1/users/c2e926e6-710f-4038-a28a-4d021788c47d", "client_host": "testclient", "event": "request_started", "correlation_id": "19279d53-c98a-42f3-acdb-bbc031f17c6c", "level": "info", "logger": "app.middleware.RequestLoggingMiddleware", "timestamp": "2026-08-17T12:53:46.539871Z"}
{"method": "GET", "path": "/api/v1/users/c2e926e6-710f-4038-a28a-4d021788c47d", "status_code": 200, "duration": 0.014, "event": "request_finished", "correlation_id": "19279d53-c98a-42f3-acdb-bbc031f17c6c", "level": "info", "logger": "app.middleware.RequestLoggingMiddleware", "timestamp": "2026-08-17T12:53:46.553890Z"}
{"event": "HTTP Request: GET http://testserver/api/v1/users/c2e926e6-710f-4038-a28a-4d021788c47d \"HTTP/1.1 200 OK\"", "level": "info", "logger": "httpx", "timestamp": "2026-08-17T12:53:46.555145Z"}
{"method": "POST", "path": "/api/v1/login/access-token", "client_host": "testclient", "event": "request_started", "correlation_id": "f1a0adb8-bff4-4242-954d-432ada9696af", "level": "info", "logger": "app.middleware.RequestLoggingMiddleware", "timestamp": "2026-08-17T12:53:46.935612Z"}
{"method": "POST", "path": "/api/v1/login/access-token", "status_code": 200, "duration": 0.3781, "event": "request_finished", "correlation_id": "f1a0adb8-bff4-4242-954d-432ada9696af", "level": "info", "logger": "app.middleware.RequestLoggingMiddleware", "timestamp": "2026-08-17T12:53:47.313735Z"}
{"event": "HTTP Request: POST http://testserver/api/v1/login/access-token \"HTTP/1.1 200 OK\"", "level": "info", "logger": "httpx", "timestamp": "2026-08-17T12:53:47.313735Z"}
{"method": "GET", "path": "/api/v1/users/e11e832e-fa4c-4bb8-b8e9-a154ad92d893", "client_host": "testclient", "event": "request_started", "correlation_id": "e5716b8d-4507-40ed-8314-98967e0c3da3", "level": "info", "logger": "app.middleware.RequestLoggingMiddleware", "timestamp": "2026-08-17T12:53:47.316628Z"}
{"method": "GET", "path": "/api/v1/users/e11e832e-fa4c-4bb8-b8e9-a154ad92d893", "status_code": 200, "duration": 0.0, "event": "request_finished", "correlation_id": "e5716b8d-4507-40ed-8314-98967e0c3da3", "level": "info", "logger": "app.middleware.RequestLoggingMiddleware", "timestamp": "2026-08-17T12:53:47.316628Z"}
{"event": "HTTP Request: GET http://testserver/api/v1/users/e11e832e-fa4c-4bb8-b8e9-a154ad92d893 \"HTTP/1.1 200 OK\"", "level": "info", "logger": "httpx", "timestamp": "2026-08-17T12:53:47.316628Z"}
{"method": "POST", "path": "/api/v1/login/access-token", "client_host": "testclient", "event": "request_started", "correlation_id": "e6ff40a7-d1e2-4838-a7d8-6804cfbcff49", "level": "info", "logger": "app.middleware.RequestLoggingMiddleware", "timestamp": "2026-08-17T12:53:47.696043Z"}
{"method": "POST", "path": "/api/v1/login/access-token", "status_code": 200, "duration": 0.3967, "event": "request_finished", "correlation_id": "e6ff40a7-d1e2-4838-a7d8-6804cfbcff49", "level": "info", "logger": "app.middleware.RequestLoggingMiddleware", "timestamp": "2026-08-17T12:53:48.092739Z"}
{"event": "HTTP Request: POST http://testserver/api/v1/login/access-token \"HTTP/1.1 200 OK\"", "level": "info", "logger": "httpx", "timestamp": "2026-08-17T12:53:48.094503Z"}
{"method": "GET", "path": "/api/v1/users/ba117ba9-04bc-4b3a-b9a5-ee35bebe9fa8", "client_host": "testclient", "event": "request_started", "correlation_id": "822753e5-f655-4a7a-b5e4-09dec57e9099", "level": "info", "logger": "app.middleware.RequestLoggingMiddleware", "timestamp": "2026-08-17T12:53:48.096378Z"}
{"method": "GET", "path": "/api/v1/users/ba117ba9-04bc-4b3a-b9a5-ee35bebe9fa8", "status_code": 403, "duration": 0.0024, "event": "request_finished", "correlation_id": "822753e5-f655-4a7a-b5e4-09dec57e9099", "level": "info", "logger": "app.middleware.RequestLoggingMiddleware", "timestamp": "2026-08-17T12:53:48.099391Z"}
{"event": "HTTP Request: GET http://testserver/api/v1/users/ba117ba9-04bc-4b3a-b9a5-ee35bebe9fa8 \"HTTP/1.1 403 Forbidden\"", "level": "info", "logger": "httpx", "timestamp": "2026-08-17T12:53:48.099979Z"}
{"method": "POST", "path": "/api/v1/login/access-token", "client_host": "testclient", "event": "request_started", "correlation_id": "c20d2f78-8811-4411-8b24-78157e13c4aa", "level": "info", "logger": "app.middleware.RequestLoggingMiddleware", "timestamp": "2026-08-17T12:53:48.109674Z"}
{"method": "POST", "path": "/api/v1/login/access-token", "status_code": 200, "duration": 0.3785, "event": "request_finished", "correlation_id": "c20d2f78-8811-4411-8b24-78157e13c4aa", "level": "info", "logger": "app.middleware.RequestLoggingMiddleware", "timestamp": "2026-08-17T12:53:48.488153Z"}
{"event": "HTTP Request: POST http://testserver/api/v1/login/access-token \"HTTP/1.1 200 OK\"", "level": "info", "logger": "httpx", "timestamp": "2026-08-17T12:53:48.490166Z"}
{"method": "POST", "path": "/api/v1/users/", "client_host": "testclient", "event": "request_started", "correlation_id": "b82deea1-457d-46b5-a30a-56239b5d72c0", "level": "info", "logger": "app.middleware.RequestLoggingMiddleware", "timestamp": "2026-08-17T12:53:48.879135Z"}
{"method": "POST", "path": "/api/v1/users/", "status_code": 400, "duration": 0.0158, "event": "request_finished", "correlation_id": "b82deea1-457d-46b5-a30a-56239b5d72c0", "level": "info", "logger": "app.middleware.RequestLoggingMiddleware", "timestamp": "2026-08-17T12:53:48.895417Z"}
{"event": "HTTP Request: POST http://testserver/api/v1/users/ \"HTTP/1.1 400 Bad Request\"", "level": "info", "logger": "httpx", "timestamp": "2026-08-17T12:53:48.895926Z"}
{"method": "POST", "path": "/api/v1/login/access-token", "client_host": "testclient", "event": "request_started", "correlation_id": "7cec5164-92f1-4e09-a41f-a37d049daa73", "level": "info", "logger": "app.middleware.RequestLoggingMiddleware", "timestamp": "2026-08-17T12:53:49.278457Z"}
{"method": "POST", "path": "/api/v1/login/access-token", "status_code": 200, "duration": 0.3771, "event": "request_finished", "correlation_id": "7cec5164-92f1-4e09-a41f-a37d049daa73", "level": "info", "logger": "app.middleware.RequestLoggingMiddleware", "timestamp": "2026-08-17T12:53:49.655580Z"}
{"event": "HTTP Request: POST http://testserver/api/v1/login/access-token \"HTTP/1.1 200 OK\"", "level": "info", "logger": "httpx", "timestamp": "2026-08-17T12:53:49.655580Z"}
{"method": "POST", "path": "/api/v1/users/", "client_host": "testclient", "event": "request_started", "correlation_id": "a134c985-d889-41b0-9b46-4ff7531e60b4", "level": "info", "logger": "app.middleware.RequestLoggingMiddleware", "timestamp": "2026-08-17T12:53:49.655580Z"}
{"method": "POST", "path": "/api/v1/users/", "status_code": 403, "duration": 0.0136, "event": "request_finished", "correlation_id": "a134c985-d889-41b0-9b46-4ff7531e60b4", "level": "info", "logger": "app.middleware.RequestLoggingMiddleware", "timestamp": "2026-08-17T12:53:49.669224Z"}
{"event": "HTTP Request: POST http://testserver/api/v1/users/ \"HTTP/1.1 403 Forbidden\"", "level": "info", "logger": "httpx", "timestamp": "2026-08-17T12:53:49.669224Z"}
{"method": "POST", "path": "/api/v1/login/access-token", "client_host": "testclient", "event": "request_started", "correlation_id": "2c1a39e3-856d-4f03-b67b-ff1bdf89c130", "level": "info", "logger": "app.middleware.RequestLoggingMiddleware", "timestamp": "2026-08-17T12:53:49.678983Z"}
{"method": "POST", "path": "/api/v1/login/access-token", "status_code": 200, "duration": 0.3723, "event": "request_finished", "correlation_id": "2c1a39e3-856d-4f03-b67b-ff1bdf89c130", "level": "info", "logger": "app.middleware.RequestLoggingMiddleware", "timestamp": "2026-08-17T12:53:50.051295Z"}
{"event": "HTTP Request: POST http://testserver/api/v1/login/access-token \"HTTP/1.1 200 OK\"", "level": "info", "logger": "httpx", "timestamp": "2026-08-17T12:53:50.051295Z"}
{"method": "GET", "path": "/api/v1/users/", "client_host": "testclient", "event": "request_started", "correlation_id": "09f5b7b1-1ca9-40b3-a0fe-6f72657d318c", "level": "info", "logger": "app.middleware.RequestLoggingMiddleware", "timestamp": "2026-08-17T12:53:50.817775Z"}
{"method": "GET", "path": "/api/v1/users/", "status_code": 200, "duration": 0.0057, "event": "request_finished", "correlation_id": "09f5b7b1-1ca9-40b3-a0fe-6f72657d318c", "level": "info", "logger": "app.middleware.RequestLoggingMiddleware", "timestamp": "2026-08-17T12:53:50.823516Z"}
{"event": "HTTP Request: GET http://testserver/api/v1/users/ \"HTTP/1.1 200 OK\"", "level": "info", "logger": "httpx", "timestamp": "2026-08-17T12:53:50.823516Z"}
{"method": "POST", "path": "/api/v1/login/access-token", "client_host": "testclient", "event": "request_started", "correlation_id": "22b59572-29c1-43bf-95ea-a529f7b295fb", "level": "info", "logger": "app.middleware.RequestLoggingMiddleware", "timestamp": "2026-08-17T12:53:51.209450Z"}
{"method": "POST", "path": "/api/v1/login/access-token", "status_code": 200, "duration": 0.3691, "event": "request_finished", "correlation_id": "22b59572-29c1-43bf-95ea-a529f7b295fb", "level": "info", "logger": "app.middleware.RequestLoggingMiddleware", "timestamp": "2026-08-17T12:53:51.578509Z"}
{"event": "HTTP Request: POST http://testserver/api/v1/login/access-token \"HTTP/1.1 200 OK\"", "level": "info", "logger": "httpx", "timestamp": "2026-08-17T12:53:51.594586Z"}
{"method": "PATCH", "path": "/api/v1/users/me", "client_host": "testclient", "event": "request_started", "correlation_id": "468a044d-baae-4e49-80d0-d5ec9c885a5b", "level": "info", "logger": "app.middleware.RequestLoggingMiddleware", "timestamp": "2026-08-17T12:53:51.594586Z"}
{"method": "PATCH", "path": "/api/v1/users/me", "status_code": 200, "duration": 0.0, "event": "request_finished", "correlation_id": "468a044d-baae-4e49-80d0-d5ec9c885a5b", "level": "info", "logger": "app.middleware.RequestLoggingMiddleware", "timestamp": "2026-08-17T12:53:51.594586Z"}
{"event": "HTTP Request: PATCH http://testserver/api/v1/users/me \"HTTP/1.1 200 OK\"", "level": "info", "logger": "httpx", "timestamp": "2026-08-17T12:53:51.594586Z"}
{"method": "POST", "path": "/api/v1/login/access-token", "client_host": "testclient", "event": "request_started", "correlation_id": "585f02c9-8d5b-42ac-a15c-39a0df87b727", "level": "info", "logger": "app.middleware.RequestLoggingMiddleware", "timestamp": "2026-08-17T12:53:51.617373Z"}
{"method": "POST", "path": "/api/v1/login/access-token", "status_code": 200, "duration": 0.4361, "event": "request_finished", "correlation_id": "585f02c9-8d5b-42ac-a15c-39a0df87b727", "level": "info", "logger": "app.middleware.RequestLoggingMiddleware", "timestamp": "2026-08-17T12:53:52.053504Z"}
{"event": "HTTP Request: POST http://testserver/api/v1/login/access-token \"HTTP/1.1 200 OK\"", "level": "info", "logger": "httpx", "timestamp": "2026-08-17T12:53:52.053504Z"}
{"method": "PATCH", "path": "/api/v1/users/me/password", "client_host": "testclient", "event": "request_started", "correlation_id": "e3e4ed2b-0f94-4d9b-9a8f-709913b5f589", "level": "info", "logger": "app.middleware.RequestLoggingMiddleware", "timestamp": "2026-08-17T12:53:52.058098Z"}
{"method": "PATCH", "path": "/api/v1/users/me/password", "status_code": 200, "duration": 0.7409, "event": "request_finished", "correlation_id": "e3e4ed2b-0f94-4d9b-9a8f-709913b5f589", "level": "info", "logger": "app.middleware.RequestLoggingMiddleware", "timestamp": "2026-08-17T12:53:52.798963Z"}
{"event": "HTTP Request: PATCH http://testserver/api/v1/users/me/password \"HTTP/1.1 200 OK\"", "level": "info", "logger": "httpx", "timestamp": "2026-08-17T12:53:52.807684Z"}
{"method": "PATCH", "path": "/api/v1/users/me/password", "client_host": "testclient", "event": "request_started", "correlation_id": "a1e38224-e0ca-4bf4-be52-801ca4f64aff", "level": "info", "logger": "app.middleware.RequestLoggingMiddleware", "timestamp": "2026-08-17T12:53:53.191824Z"}
{"method": "PATCH", "path": "/api/v1/users/me/password", "status_code": 200, "duration": 0.7263, "event": "request_finished", "correlation_id": "a1e38224-e0ca-4bf4-be52-801ca4f64aff", "level": "info", "logger": "app.middleware.RequestLoggingMiddleware", "timestamp": "2026-08-17T12:53:53.918129Z"}
{"event": "HTTP Request: PATCH http://testserver/api/v1/users/me/password \"HTTP/1.1 200 OK\"", "level": "info", "logger": "httpx", "timestamp": "2026-08-17T12:53:53.918129Z"}
{"method": "POST", "path": "/api/v1/login/access-token", "client_host": "testclient", "event": "request_started", "correlation_id": "4abdf206-30bb-434b-8f51-dad24ac33c48", "level": "info", "logger": "app.middleware.RequestLoggingMiddleware", "timestamp": "2026-08-17T12:53:54.310189Z"}
{"method": "POST", "path": "/api/v1/login/access-token", "status_code": 200, "duration": 0.3638, "event": "request_finished", "correlation_id": "4abdf206-30bb-434b-8f51-dad24ac33c48", "level": "info", "logger": "app.middleware.RequestLoggingMiddleware", "timestamp": "2026-08-17T12:53:54.674028Z"}
{"event": "HTTP Request: POST http://testserver/api/v1/login/access-token \"HTTP/1.1 200 OK\"", "level": "info", "logger": "httpx", "timestamp": "2026-08-17T12:53:54.674028Z"}
{"method": "PATCH", "path": "/api/v1/users/me/password", "client_host": "testclient", "event": "request_started", "correlation_id": "b5a8631d-b7f9-4f6c-aec2-fe307ec81744", "level": "info", "logger": "app.middleware.RequestLoggingMiddleware", "timestamp": "2026-08-17T12:53:54.674028Z"}
{"method": "PATCH", "path": "/api/v1/users/me/password", "status_code": 400, "duration": 0.3809, "event": "request_finished", "correlation_id": "b5a8631d-b7f9-4f6c-aec2-fe307ec81744", "level": "info", "logger": "app.middleware.RequestLoggingMiddleware", "timestamp": "2026-08-17T12:53:55.054900Z"}
{"event": "HTTP Request: PATCH http://testserver/api/v1/users/me/password \"HTTP/1.1 400 Bad Request\"", "level": "info", "logger": "httpx", "timestamp": "2026-08-17T12:53:55.054900Z"}
{"method": "POST", "path": "/api/v1/login/access-token", "client_host": "testclient", "event": "request_started", "correlation_id": "5dfff0ee-aa4c-4521-a6c9-0ee2bfa6d6b0", "level": "info", "logger": "app.middleware.RequestLoggingMiddleware", "timestamp": "2026-08-17T12:53:55.445635Z"}
{"method": "POST", "path": "/api/v1/login/access-token", "status_code": 200, "duration": 0.3656, "event": "request_finished", "correlation_id": "5dfff0ee-aa4c-4521-a6c9-0ee2bfa6d6b0", "level": "info", "logger": "app.middleware.RequestLoggingMiddleware", "timestamp": "2026-08-17T12:53:55.811245Z"}
{"event": "HTTP Request: POST http://testserver/api/v1/login/access-token \"HTTP/1.1 200 OK\"", "level": "info", "logger": "httpx", "timestamp": "2026-08-17T12:53:55.811245Z"}
{"method": "PATCH", "path": "/api/v1/users/me", "client_host": "testclient", "event": "request_started", "correlation_id": "d4df18c4-32d8-4172-82cb-c5aacb9fda3e", "level": "info", "logger": "app.middleware.RequestLoggingMiddleware", "timestamp": "2026-08-17T12:53:56.191332Z"}
{"method": "PATCH", "path": "/api/v1/users/me", "status_code": 409, "duration": 0.0, "event": "request_finished", "correlation_id": "d4df18c4-32d8-4172-82cb-c5aacb9fda3e", "level": "info", "logger": "app.middleware.RequestLoggingMiddleware", "timestamp": "2026-08-17T12:53:56.191332Z"}
{"event": "HTTP Request: PATCH http://testserver/api/v1/users/me \"HTTP/1.1 409 Conflict\"", "level": "info", "logger": "httpx", "timestamp": "2026-08-17T12:53:56.191332Z"}
{"method": "POST", "path": "/api/v1/login/access-token", "client_host": "testclient", "event": "request_started", "correlation_id": "5a575fc7-e0f3-4445-be1a-a60af1b6295c", "level": "info", "logger": "app.middleware.RequestLoggingMiddleware", "timestamp": "2026-08-17T12:53:56.212108Z"}
{"method": "POST", "path": "/api/v1/login/access-token", "status_code": 200, "duration": 0.3794, "event": "request_finished", "correlation_id": "5a575fc7-e0f3-4445-be1a-a60af1b6295c", "level": "info", "logger": "app.middleware.RequestLoggingMiddleware", "timestamp": "2026-08-17T12:53:56.591528Z"}
{"event": "HTTP Request: POST http://testserver/api/v1/login/access-token \"HTTP/1.1 200 OK\"", "level": "info", "logger": "httpx", "timestamp": "2026-08-17T12:53:56.591528Z"}
{"method": "PATCH", "path": "/api/v1/users/me/password", "client_host": "testclient", "event": "request_started", "correlation_id": "5665d923-baf1-4679-b5a7-d92d9fd98ac2", "level": "info", "logger": "app.middleware.RequestLoggingMiddleware", "timestamp": "2026-08-17T12:53:56.591528Z"}
{"method": "PATCH", "path": "/api/v1/users/me/password", "status_code": 400, "duration": 0.3795, "event": "request_finished", "correlation_id": "5665d923-baf1-4679-b5a7-d92d9fd98ac2", "level": "info", "logger": "app.middleware.RequestLoggingMiddleware", "timestamp": "2026-08-17T12:53:56.971072Z"}
{"event": "HTTP Request: PATCH http://testserver/api/v1/users/me/password \"HTTP/1.1 400 Bad Request\"", "level": "info", "logger": "httpx", "timestamp": "2026-08-17T12:53:56.971072Z"}
{"method": "POST", "path": "/api/v1/users/signup", "client_host": "testclient", "event": "request_started", "correlation_id": "997db7d2-9747-4ccb-839a-e13bd86fc3cf", "level": "info", "logger": "app.middleware.RequestLoggingMiddleware", "timestamp": "2026-08-17T12:53:56.982754Z"}
{"event": "Preparing to send email to ysuvtcjkfdrnklhczbqvfpidghqentgf@muhjvwztxfgiligjrdtornjecitcbfwx.com", "correlation_id": "997db7d2-9747-4ccb-839a-e13bd86fc3cf", "level": "info", "logger": "app.utils", "timestamp": "2026-08-17T12:53:57.367405Z"}
{"event": "SMTP Config: Host=smtp-relay.brevo.com, Port=587, TLS=True, User=a085a7001@smtp-brevo.com", "correlation_id": "997db7d2-9747-4ccb-839a-e13bd86fc3cf", "level": "info", "logger": "app.utils", "timestamp": "2026-08-17T12:53:57.367405Z"}
{"event": "Connected to SMTP server", "correlation_id": "997db7d2-9747-4ccb-839a-e13bd86fc3cf", "level": "info", "logger": "app.utils", "timestamp": "2026-08-17T12:53:57.765435Z"}
{"event": "Starting TLS", "correlation_id": "997db7d2-9747-4ccb-839a-e13bd86fc3cf", "level": "info", "logger": "app.utils", "timestamp": "2026-08-17T12:53:57.866052Z"}
{"event": "Attempting login", "correlation_id": "997db7d2-9747-4ccb-839a-e13bd86fc3cf", "level": "info", "logger": "app.utils", "timestamp": "2026-08-17T12:53:58.379882Z"}
{"event": "Email sent successfully", "correlation_id": "997db7d2-9747-4ccb-839a-e13bd86fc3cf", "level": "info", "logger": "app.utils", "timestamp": "2026-08-17T12:53:59.312577Z"}
{"method": "POST", "path": "/api/v1/users/signup", "status_code": 200, "duration": 2.4191, "event": "request_finished", "correlation_id": "997db7d2-9747-4ccb-839a-e13bd86fc3cf", "level": "info", "logger": "app.middleware.RequestLoggingMiddleware", "timestamp": "2026-08-17T12:53:59.401857Z"}
{"event": "HTTP Request: POST http://testserver/api/v1/users/signup \"HTTP/1.1 200 OK\"", "level": "info", "logger": "httpx", "timestamp": "2026-08-17T12:53:59.404452Z"}
{"method": "POST", "path": "/api/v1/users/signup", "client_host": "testclient", "event": "request_started", "correlation_id": "e12d12ab-f435-49b7-abb9-5d126de5c30b", "level": "info", "logger": "app.middleware.RequestLoggingMiddleware", "timestamp": "2026-08-17T12:53:59.817270Z"}
{"method": "POST", "path": "/api/v1/users/signup", "status_code": 400, "duration": 0.0048, "event": "request_finished", "correlation_id": "e12d12ab-f435-49b7-abb9-5d126de5c30b", "level": "info", "logger": "app.middleware.RequestLoggingMiddleware", "timestamp": "2026-08-17T12:53:59.822089Z"}
{"event": "HTTP Request: POST http://testserver/api/v1/users/signup \"HTTP/1.1 400 Bad Request\"", "level": "info", "logger": "httpx", "timestamp": "2026-08-17T12:53:59.822693Z"}
{"method": "POST", "path": "/api/v1/login/access-token", "client_host": "testclient", "event": "request_started", "correlation_id": "4ca54fcc-a7e8-4cfd-aeab-36ce568575ff", "level": "info", "logger": "app.middleware.RequestLoggingMiddleware", "timestamp": "2026-08-17T12:53:59.830763Z"}
{"method": "POST", "path": "/api/v1/login/access-token", "status_code": 200, "duration": 0.3916, "event": "request_finished", "correlation_id": "4ca54fcc-a7e8-4cfd-aeab-36ce568575ff", "level": "info", "logger": "app.middleware.RequestLoggingMiddleware", "timestamp": "2026-08-17T12:54:00.222394Z"}
{"event": "HTTP Request: POST http://testserver/api/v1/login/access-token \"HTTP/1.1 200 OK\"", "level": "info", "logger": "httpx", "timestamp": "2026-08-17T12:54:00.234325Z"}
{"method": "PATCH", "path": "/api/v1/users/84f64a78-cef5-46b7-967d-901e1401deae", "client_host": "testclient", "event": "request_started", "correlation_id": "19dd30cc-e04f-43b0-9524-179d5ee313cd", "level": "info", "logger": "app.middleware.RequestLoggingMiddleware", "timestamp": "2026-08-17T12:54:00.629609Z"}
{"method": "PATCH", "path": "/api/v1/users/84f64a78-cef5-46b7-967d-901e1401deae", "status_code": 200, "duration": 0.0105, "event": "request_finished", "correlation_id": "19dd30cc-e04f-43b0-9524-179d5ee313cd", "level": "info", "logger": "app.middleware.RequestLoggingMiddleware", "timestamp": "2026-08-17T12:54:00.640142Z"}
{"event": "HTTP Request: PATCH http://testserver/api/v1/users/84f64a78-cef5-46b7-967d-901e1401deae \"HTTP/1.1 200 OK\"", "level": "info", "logger": "httpx", "timestamp": "2026-08-17T12:54:00.644230Z"}
{"method": "POST", "path": "/api/v1/login/access-token", "client_host": "testclient", "event": "request_started", "correlation_id": "ed63a065-3f37-49f0-b938-6a98d26f2f0b", "level": "info", "logger": "app.middleware.RequestLoggingMiddleware", "timestamp": "2026-08-17T12:54:00.653675Z"}
{"method": "POST", "path": "/api/v1/login/access-token", "status_code": 200, "duration": 0.3935, "event": "request_finished", "correlation_id": "ed63a065-3f37-49f0-b938-6a98d26f2f0b", "level": "info", "logger": "app.middleware.RequestLoggingMiddleware", "timestamp": "2026-08-17T12:54:01.047141Z"}
{"event": "HTTP Request: POST http://testserver/api/v1/login/access-token \"HTTP/1.1 200 OK\"", "level": "info", "logger": "httpx", "timestamp": "2026-08-17T12:54:01.047141Z"}
{"method": "PATCH", "path": "/api/v1/users/9d0a11f3-379b-440e-9aae-65dbed85d793", "client_host": "testclient", "event": "request_started", "correlation_id": "c514f0b4-608d-4fca-94b6-08641b1b9f49", "level": "info", "logger": "app.middleware.RequestLoggingMiddleware", "timestamp": "2026-08-17T12:54:01.047141Z"}
{"method": "PATCH", "path": "/api/v1/users/9d0a11f3-379b-440e-9aae-65dbed85d793", "status_code": 404, "duration": 0.0, "event": "request_finished", "correlation_id": "c514f0b4-608d-4fca-94b6-08641b1b9f49", "level": "info", "logger": "app.middleware.RequestLoggingMiddleware", "timestamp": "2026-08-17T12:54:01.047141Z"}
{"event": "HTTP Request: PATCH http://testserver/api/v1/users/9d0a11f3-379b-440e-9aae-65dbed85d793 \"HTTP/1.1 404 Not Found\"", "level": "info", "logger": "httpx", "timestamp": "2026-08-17T12:54:01.047141Z"}
{"method": "POST", "path": "/api/v1/login/access-token", "client_host": "testclient", "event": "request_started", "correlation_id": "211d2e08-0c02-4e5b-b1c8-abc3dfa7d211", "level": "info", "logger": "app.middleware.RequestLoggingMiddleware", "timestamp": "2026-08-17T12:54:01.066726Z"}
{"method": "POST", "path": "/api/v1/login/access-token", "status_code": 200, "duration": 0.374, "event": "request_finished", "correlation_id": "211d2e08-0c02-4e5b-b1c8-abc3dfa7d211", "level": "info", "logger": "app.middleware.RequestLoggingMiddleware", "timestamp": "2026-08-17T12:54:01.440748Z"}
{"event": "HTTP Request: POST http://testserver/api/v1/login/access-token \"HTTP/1.1 200 OK\"", "level": "info", "logger": "httpx", "timestamp": "2026-08-17T12:54:01.440748Z"}
{"method": "PATCH", "path": "/api/v1/users/ea236b5e-6815-4200-9e9b-037a2a77274a", "client_host": "testclient", "event": "request_started", "correlation_id": "0772683c-38a4-4365-8ff4-7fa78d00c993", "level": "info", "logger": "app.middleware.RequestLoggingMiddleware", "timestamp": "2026-08-17T12:54:02.602756Z"}
{"method": "PATCH", "path": "/api/v1/users/ea236b5e-6815-4200-9e9b-037a2a77274a", "status_code": 409, "duration": 0.0075, "event": "request_finished", "correlation_id": "0772683c-38a4-4365-8ff4-7fa78d00c993", "level": "info", "logger": "app.middleware.RequestLoggingMiddleware", "timestamp": "2026-08-17T12:54:02.610284Z"}
{"event": "HTTP Request: PATCH http://testserver/api/v1/users/ea236b5e-6815-4200-9e9b-037a2a77274a \"HTTP/1.1 409 Conflict\"", "level": "info", "logger": "httpx", "timestamp": "2026-08-17T12:54:02.614244Z"}
{"method": "POST", "path": "/api/v1/login/access-token", "client_host": "testclient", "event": "request_started", "correlation_id": "fb57dec0-1ab2-4f7a-a6e4-437a91b0352c", "level": "info", "logger": "app.middleware.RequestLoggingMiddleware", "timestamp": "2026-08-17T12:54:03.231051Z"}
{"method": "POST", "path": "/api/v1/login/access-token", "status_code": 200, "duration": 0.6032, "event": "request_finished", "correlation_id": "fb57dec0-1ab2-4f7a-a6e4-437a91b0352c", "level": "info", "logger": "app.middleware.RequestLoggingMiddleware", "timestamp": "2026-08-17T12:54:03.834262Z"}
{"event": "HTTP Request: POST http://testserver/api/v1/login/access-token \"HTTP/1.1 200 OK\"", "level": "info", "logger": "httpx", "timestamp": "2026-08-17T12:54:03.841468Z"}
{"method": "DELETE", "path": "/api/v1/users/me", "client_host": "testclient", "event": "request_started", "correlation_id": "6a340481-4908-4e31-b4fa-7c65e4a95d1f", "level": "info", "logger": "app.middleware.RequestLoggingMiddleware", "timestamp": "2026-08-17T12:54:03.841468Z"}
{"method": "DELETE", "path": "/api/v1/users/me", "status_code": 200, "duration": 0.017, "event": "request_finished", "correlation_id": "6a340481-4908-4e31-b4fa-7c65e4a95d1f", "level": "info", "logger": "app.middleware.RequestLoggingMiddleware", "timestamp": "2026-08-17T12:54:03.858509Z"}
{"event": "HTTP Request: DELETE http://testserver/api/v1/users/me \"HTTP/1.1 200 OK\"", "level": "info", "logger": "httpx", "timestamp": "2026-08-17T12:54:03.860518Z"}
{"method": "POST", "path": "/api/v1/login/access-token", "client_host": "testclient", "event": "request_started", "correlation_id": "8d79d03f-b463-4887-bc0f-05bba517bcdb", "level": "info", "logger": "app.middleware.RequestLoggingMiddleware", "timestamp": "2026-08-17T12:54:03.874518Z"}
{"method": "POST", "path": "/api/v1/login/access-token", "status_code": 200, "duration": 0.5836, "event": "request_finished", "correlation_id": "8d79d03f-b463-4887-bc0f-05bba517bcdb", "level": "info", "logger": "app.middleware.RequestLoggingMiddleware", "timestamp": "2026-08-17T12:54:04.458117Z"}
{"event": "HTTP Request: POST http://testserver/api/v1/login/access-token \"HTTP/1.1 200 OK\"", "level": "info", "logger": "httpx", "timestamp": "2026-08-17T12:54:04.458117Z"}
{"method": "DELETE", "path": "/api/v1/users/me", "client_host": "testclient", "event": "request_started", "correlation_id": "2f0f2cda-7567-43bb-b7a8-dca1fd305d42", "level": "info", "logger": "app.middleware.RequestLoggingMiddleware", "timestamp": "2026-08-17T12:54:04.458117Z"}
{"method": "DELETE", "path": "/api/v1/users/me", "status_code": 403, "duration": 0.0185, "event": "request_finished", "correlation_id": "2f0f2cda-7567-43bb-b7a8-dca1fd305d42", "level": "info", "logger": "app.middleware.RequestLoggingMiddleware", "timestamp": "2026-08-17T12:54:04.476659Z"}
{"event": "HTTP Request: DELETE http://testserver/api/v1/users/me \"HTTP/1.1 403 Forbidden\"", "level": "info", "logger": "httpx", "timestamp": "2026-08-17T12:54:04.476659Z"}
{"method": "POST", "path": "/api/v1/login/access-token", "client_host": "testclient", "event": "request_started", "correlation_id": "445188fd-6451-4331-bd77-b4d32a516c3c", "level": "info", "logger": "app.middleware.RequestLoggingMiddleware", "timestamp": "2026-08-17T12:54:04.494183Z"}
{"method": "POST", "path": "/api/v1/login/access-token", "status_code": 200, "duration": 0.6499, "event": "request_finished", "correlation_id": "445188fd-6451-4331-bd77-b4d32a516c3c", "level": "info", "logger": "app.middleware.RequestLoggingMiddleware", "timestamp": "2026-08-17T12:54:05.144095Z"}
{"event": "HTTP Request: POST http://testserver/api/v1/login/access-token \"HTTP/1.1 200 OK\"", "level": "info", "logger": "httpx", "timestamp": "2026-08-17T12:54:05.144095Z"}
{"method": "DELETE", "path": "/api/v1/users/bacaaefe-3d6b-42b3-87a8-7e69218d4b70", "client_host": "testclient", "event": "request_started", "correlation_id": "44f219b2-b4f9-434a-beeb-d780280b7b3d", "level": "info", "logger": "app.middleware.RequestLoggingMiddleware", "timestamp": "2026-08-17T12:54:05.708229Z"}
{"method": "DELETE", "path": "/api/v1/users/bacaaefe-3d6b-42b3-87a8-7e69218d4b70", "status_code": 200, "duration": 0.0162, "event": "request_finished", "correlation_id": "44f219b2-b4f9-434a-beeb-d780280b7b3d", "level": "info", "logger": "app.middleware.RequestLoggingMiddleware", "timestamp": "2026-08-17T12:54:05.724381Z"}
{"event": "HTTP Request: DELETE http://testserver/api/v1/users/bacaaefe-3d6b-42b3-87a8-7e69218d4b70 \"HTTP/1.1 200 OK\"", "level": "info", "logger": "httpx", "timestamp": "2026-08-17T12:54:05.724381Z"}
{"method": "POST", "path": "/api/v1/login/access-token", "client_host": "testclient", "event": "request_started", "correlation_id": "42e01d9c-66ca-430c-ab64-1a407b6a1830", "level": "info", "logger": "app.middleware.RequestLoggingMiddleware", "timestamp": "2026-08-17T12:54:05.744243Z"}
{"method": "POST", "path": "/api/v1/login/access-token", "status_code": 200, "duration": 0.6368, "event": "request_finished", "correlation_id": "42e01d9c-66ca-430c-ab64-1a407b6a1830", "level": "info", "logger": "app.middleware.RequestLoggingMiddleware", "timestamp": "2026-08-17T12:54:06.381092Z"}
{"event": "HTTP Request: POST http://testserver/api/v1/login/access-token \"HTTP/1.1 200 OK\"", "level": "info", "logger": "httpx", "timestamp": "2026-08-17T12:54:06.392078Z"}
{"method": "DELETE", "path": "/api/v1/users/6ec96f42-08ee-4cec-9187-cd32628f8a5c", "client_host": "testclient", "event": "request_started", "correlation_id": "e4fa3ccb-889e-43ca-9a0e-fa84e8ca17c7", "level": "info", "logger": "app.middleware.RequestLoggingMiddleware", "timestamp": "2026-08-17T12:54:06.392078Z"}
{"method": "DELETE", "path": "/api/v1/users/6ec96f42-08ee-4cec-9187-cd32628f8a5c", "status_code": 404, "duration": 0.0, "event": "request_finished", "correlation_id": "e4fa3ccb-889e-43ca-9a0e-fa84e8ca17c7", "level": "info", "logger": "app.middleware.RequestLoggingMiddleware", "timestamp": "2026-08-17T12:54:06.392078Z"}
{"event": "HTTP Request: DELETE http://testserver/api/v1/users/6ec96f42-08ee-4cec-9187-cd32628f8a5c \"HTTP/1.1 404 Not Found\"", "level": "info", "logger": "httpx", "timestamp": "2026-08-17T12:54:06.392078Z"}
{"method": "POST", "path": "/api/v1/login/access-token", "client_host": "testclient", "event": "request_started", "correlation_id": "06a23434-8c3a-4e6c-89d2-176d7973a4bb", "level": "info", "logger": "app.middleware.RequestLoggingMiddleware", "timestamp": "2026-08-17T12:54:06.418082Z"}
{"method": "POST", "path": "/api/v1/login/access-token", "status_code": 200, "duration": 0.6272, "event": "request_finished", "correlation_id": "06a23434-8c3a-4e6c-89d2-176d7973a4bb", "level": "info", "logger": "app.middleware.RequestLoggingMiddleware", "timestamp": "2026-08-17T12:54:07.045251Z"}
{"event": "HTTP Request: POST http://testserver/api/v1/login/access-token \"HTTP/1.1 200 OK\"", "level": "info", "logger": "httpx", "timestamp": "2026-08-17T12:54:07.045251Z"}
{"method": "DELETE", "path": "/api/v1/users/47816dab-99c8-4cf1-a257-78b0d905d015", "client_host": "testclient", "event": "request_started", "correlation_id": "432fbda0-af87-4dfe-87ca-c6c314bd2fa4", "level": "info", "logger": "app.middleware.RequestLoggingMiddleware", "timestamp": "2026-08-17T12:54:07.045251Z"}
{"method": "DELETE", "path": "/api/v1/users/47816dab-99c8-4cf1-a257-78b0d905d015", "status_code": 403, "duration": 0.016, "event": "request_finished", "correlation_id": "432fbda0-af87-4dfe-87ca-c6c314bd2fa4", "level": "info", "logger": "app.middleware.RequestLoggingMiddleware", "timestamp": "2026-08-17T12:54:07.061247Z"}
{"event": "HTTP Request: DELETE http://testserver/api/v1/users/47816dab-99c8-4cf1-a257-78b0d905d015 \"HTTP/1.1 403 Forbidden\"", "level": "info", "logger": "httpx", "timestamp": "2026-08-17T12:54:07.061247Z"}
{"method": "POST", "path": "/api/v1/login/access-token", "client_host": "testclient", "event": "request_started", "correlation_id": "2e8bcdf6-c808-43e9-8507-c9235a76e23d", "level": "info", "logger": "app.middleware.RequestLoggingMiddleware", "timestamp": "2026-08-17T12:54:07.664356Z"}
{"method": "POST", "path": "/api/v1/login/access-token", "status_code": 200, "duration": 0.6375, "event": "request_finished", "correlation_id": "2e8bcdf6-c808-43e9-8507-c9235a76e23d", "level": "info", "logger": "app.middleware.RequestLoggingMiddleware", "timestamp": "2026-08-17T12:54:08.301857Z"}
{"event": "HTTP Request: POST http://testserver/api/v1/login/access-token \"HTTP/1.1 200 OK\"", "level": "info", "logger": "httpx", "timestamp": "2026-08-17T12:54:08.301857Z"}
{"method": "DELETE", "path": "/api/v1/users/70b551b2-269c-4463-ba37-127ba540a380", "client_host": "testclient", "event": "request_started", "correlation_id": "366f7d91-3df0-4f36-9705-0b6b38e684c4", "level": "info", "logger": "app.middleware.RequestLoggingMiddleware", "timestamp": "2026-08-17T12:54:08.846707Z"}
{"method": "DELETE", "path": "/api/v1/users/70b551b2-269c-4463-ba37-127ba540a380", "status_code": 403, "duration": 0.008, "event": "request_finished", "correlation_id": "366f7d91-3df0-4f36-9705-0b6b38e684c4", "level": "info", "logger": "app.middleware.RequestLoggingMiddleware", "timestamp": "2026-08-17T12:54:08.854732Z"}
{"event": "HTTP Request: DELETE http://testserver/api/v1/users/70b551b2-269c-4463-ba37-127ba540a380 \"HTTP/1.1 403 Forbidden\"", "level": "info", "logger": "httpx", "timestamp": "2026-08-17T12:54:08.854732Z"}
{"event": "Starting call to 'app.backend_pre_start.init', this is the 1st time calling it.", "level": "info", "logger": "app.backend_pre_start", "timestamp": "2026-08-17T12:54:14.976907Z"}
{"event": "Starting call to 'app.tests_pre_start.init', this is the 1st time calling it.", "level": "info", "logger": "app.tests_pre_start", "timestamp": "2026-08-17T12:54:14.987482Z"}
{"event": "Preparing to send email to test@example.com", "level": "info", "logger": "app.utils", "timestamp": "2026-08-17T12:54:15.033313Z"}
{"event": "SMTP Config: Host=smtp-relay.brevo.com, Port=587, TLS=True, User=a085a7001@smtp-brevo.com", "level": "info", "logger": "app.utils", "timestamp": "2026-08-17T12:54:15.034375Z"}
{"event": "Connected to SMTP server", "level": "info", "logger": "app.utils", "timestamp": "2026-08-17T12:54:15.036401Z"}
{"event": "Starting TLS", "level": "info", "logger": "app.utils", "timestamp": "2026-08-17T12:54:15.037931Z"}
{"event": "Attempting login", "level": "info", "logger": "app.utils", "timestamp": "2026-08-17T12:54:15.039156Z"}
{"event": "Email sent successfully", "level": "info", "logger": "app.utils", "timestamp": "2026-08-17T12:54:15.042112Z"}
{"method": "POST", "path": "/api/v1/login/access-token", "client_host": "testclient", "event": "request_started", "correlation_id": "4cdc211a-dc02-47ec-b08f-ab5d4a2df40d", "level": "info", "logger": "app.middleware.RequestLoggingMiddleware", "timestamp": "2026-08-17T12:59:30.882727Z"}
{"method": "POST", "path": "/api/v1/login/access-token", "status_code": 200, "duration": 0.3764, "event": "request_finished", "correlation_id": "4cdc211a-dc02-47ec-b08f-ab5d4a2df40d", "level": "info", "logger": "app.middleware.RequestLoggingMiddleware", "timestamp": "2026-08-17T12:59:31.259109Z"}
{"event": "HTTP Request: POST http://testserver/api/v1/login/access-token \"HTTP/1.1 200 OK\"", "level": "info", "logger": "httpx", "timestamp": "2026-08-17T12:59:31.264157Z"}
{"method": "POST", "path": "/api/v1/items/", "client_host": "testclient", "event": "request_started", "correlation_id": "627d3f96-b58b-404a-b464-efb4908ddfed", "level": "info", "logger": "app.middleware.RequestLoggingMiddleware", "timestamp": "2026-08-17T12:59:31.264157Z"}
{"method": "POST", "path": "/api/v1/items/", "status_code": 200, "duration": 0.0111, "event": "request_finished", "correlation_id": "627d3f96-b58b-404a-b464-efb4908ddfed", "level": "info", "logger": "app.middleware.RequestLoggingMiddleware", "timestamp": "2026-08-17T12:59:31.275262Z"}
{"event": "HTTP Request: POST http://testserver/api/v1/items/ \"HTTP/1.1 200 OK\"", "level": "info", "logger": "httpx", "timestamp": "2026-08-17T12:59:31.275262Z"}
{"method": "POST", "path": "/api/v1/login/access-token", "client_host": "testclient", "event": "request_started", "correlation_id": "c14f6fd6-bedb-47b7-a68d-7cf5501cfd93", "level": "info", "logger": "app.middleware.RequestLoggingMiddleware", "timestamp": "2026-08-17T12:59:31.291183Z"}
{"method": "POST", "path": "/api/v1/login/access-token", "status_code": 200, "duration": 0.4625, "event": "request_finished", "correlation_id": "c14f6fd6-bedb-47b7-a68d-7cf5501cfd93", "level": "info", "logger": "app.middleware.RequestLoggingMiddleware", "timestamp": "2026-08-17T12:59:31.753639Z"}
{"event": "HTTP Request: POST http://testserver/api/v1/login/access-token \"HTTP/1.1 200 OK\"", "level": "info", "logger": "httpx", "timestamp": "2026-08-17T12:59:31.753639Z"}
{"method": "GET", "path": "/api/v1/items/3a0cb55a-9feb-409c-9422-8360495798c7", "client_host": "testclient", "event": "request_started", "correlation_id": "5e7f66f5-5217-4dec-aea1-7639f27c312f", "level": "info", "logger": "app.middleware.RequestLoggingMiddleware", "timestamp": "2026-08-17T12:59:32.136502Z"}
{"method": "GET", "path": "/api/v1/items/3a0cb55a-9feb-409c-9422-8360495798c7", "status_code": 200, "duration": 0.005, "event": "request_finished", "correlation_id": "5e7f66f5-5217-4dec-aea1-7639f27c312f", "level": "info", "logger": "app.middleware.RequestLoggingMiddleware", "timestamp": "2026-08-17T12:59:32.141503Z"}
{"event": "HTTP Request: GET http://testserver/api/v1/items/3a0cb55a-9feb-409c-9422-8360495798c7 \"HTTP/1.1 200 OK\"", "level": "info", "logger": "httpx", "timestamp": "2026-08-17T12:59:32.141503Z"}
{"method": "POST", "path": "/api/v1/login/access-token", "client_host": "testclient", "event": "request_started", "correlation_id": "961ac559-e82e-4aa6-82ae-999e15bc3885", "level": "info", "logger": "app.middleware.RequestLoggingMiddleware", "timestamp": "2026-08-17T12:59:32.152238Z"}
{"method": "POST", "path": "/api/v1/login/access-token", "status_code": 200, "duration": 0.3759, "event": "request_finished", "correlation_id": "961ac559-e82e-4aa6-82ae-999e15bc3885", "level": "info", "logger": "app.middleware.RequestLoggingMiddleware", "timestamp": "2026-08-17T12:59:32.528154Z"}
{"event": "HTTP Request: POST http://testserver/api/v1/login/access-token \"HTTP/1.1 200 OK\"", "level": "info", "logger": "httpx", "timestamp": "2026-08-17T12:59:32.528154Z"}
{"method": "GET", "path": "/api/v1/items/e4ba981a-6a6b-4a1c-95d1-e177139fee4e", "client_host": "testclient", "event": "request_started", "correlation_id": "7ad7cb85-bced-4bf5-ac24-cda1713a465a", "level": "info", "logger": "app.middleware.RequestLoggingMiddleware", "timestamp": "2026-08-17T12:59:32.528154Z"}
{"method": "GET", "path": "/api/v1/items/e4ba981a-6a6b-4a1c-95d1-e177139fee4e", "status_code": 404, "duration": 0.0064, "event": "request_finished", "correlation_id": "7ad7cb85-bced-4bf5-ac24-cda1713a465a", "level": "info", "logger": "app.middleware.RequestLoggingMiddleware", "timestamp": "2026-08-17T12:59:32.534567Z"}
{"event": "HTTP Request: GET http://testserver/api/v1/items/e4ba981a-6a6b-4a1c-95d1-e177139fee4e \"HTTP/1.1 404 Not Found\"", "level": "info", "logger": "httpx", "timestamp": "2026-08-17T12:59:32.534567Z"}
{"method": "POST", "path": "/api/v1/login/access-token", "client_host": "testclient", "event": "request_started", "correlation_id": "3668ccc4-012a-49db-97fd-9b851de80cf5", "level": "info", "logger": "app.middleware.RequestLoggingMiddleware", "timestamp": "2026-08-17T12:59:32.935054Z"}
{"method": "POST", "path": "/api/v1/login/access-token", "status_code": 200, "duration": 0.3842, "event": "request_finished", "correlation_id": "3668ccc4-012a-49db-97fd-9b851de80cf5", "level": "info", "logger": "app.middleware.RequestLoggingMiddleware", "timestamp": "2026-08-17T12:59:33.319266Z"}
{"event": "HTTP Request: POST http://testserver/api/v1/login/access-token \"HTTP/1.1 200 OK\"", "level": "info", "logger": "httpx", "timestamp": "2026-08-17T12:59:33.319266Z"}
{"method": "GET", "path": "/api/v1/items/d95a13cb-c4c5-4c88-bb2e-9a6cda95b200", "client_host": "testclient", "event": "request_started", "correlation_id": "5ad1a329-0b5c-4c30-8ba7-6aedf1aca561", "level": "info", "logger": "app.middleware.RequestLoggingMiddleware", "timestamp": "2026-08-17T12:59:33.688351Z"}
{"method": "GET", "path": "/api/v1/items/d95a13cb-c4c5-4c88-bb2e-9a6cda95b200", "status_code": 400, "duration": 0.0138, "event": "request_finished", "correlation_id": "5ad1a329-0b5c-4c30-8ba7-6aedf1aca561", "level": "info", "logger": "app.middleware.RequestLoggingMiddleware", "timestamp": "2026-08-17T12:59:33.702173Z"}
{"event": "HTTP Request: GET http://testserver/api/v1/items/d95a13cb-c4c5-4c88-bb2e-9a6cda95b200 \"HTTP/1.1 400 Bad Request\"", "level": "info", "logger": "httpx", "timestamp": "2026-08-17T12:59:33.702173Z"}
{"method": "POST", "path": "/api/v1/login/access-token", "client_host": "testclient", "event": "request_started", "correlation_id": "da6f4b0e-02a7-496e-8a48-ccd93cff3a1a", "level": "info", "logger": "app.middleware.RequestLoggingMiddleware", "timestamp": "2026-08-17T12:59:33.712788Z"}
{"method": "POST", "path": "/api/v1/login/access-token", "status_code": 200, "duration": 0.37, "event": "request_finished", "correlation_id": "da6f4b0e-02a7-496e-8a48-ccd93cff3a1a", "level": "info", "logger": "app.middleware.RequestLoggingMiddleware", "timestamp": "2026-08-17T12:59:34.082797Z"}
{"event": "HTTP Request: POST http://testserver/api/v1/login/access-token \"HTTP/1.1 200 OK\"", "level": "info", "logger": "httpx", "timestamp": "2026-08-17T12:59:34.082797Z"}
{"method": "GET", "path": "/api/v1/items/", "client_host": "testclient", "event": "request_started", "correlation_id": "bf68e91e-ba63-4271-aead-eb9fa67e8c11", "level": "info", "logger": "app.middleware.RequestLoggingMiddleware", "timestamp": "2026-08-17T12:59:34.849548Z"}
{"method": "GET", "path": "/api/v1/items/", "status_code": 200, "duration": 0.0026, "event": "request_finished", "correlation_id": "bf68e91e-ba63-4271-aead-eb9fa67e8c11", "level": "info", "logger": "app.middleware.RequestLoggingMiddleware", "timestamp": "2026-08-17T12:59:34.852186Z"}
{"event": "HTTP Request: GET http://testserver/api/v1/items/ \"HTTP/1.1 200 OK\"", "level": "info", "logger": "httpx", "timestamp": "2026-08-17T12:59:34.852186Z"}
{"method": "POST", "path": "/api/v1/login/access-token", "client_host": "testclient", "event": "request_started", "correlation_id": "e672fcb0-ad0a-4086-9704-86826472bf2f", "level": "info", "logger": "app.middleware.RequestLoggingMiddleware", "timestamp": "2026-08-17T12:59:34.867978Z"}
{"method": "POST", "path": "/api/v1/login/access-token", "status_code": 200, "duration": 0.3903, "event": "request_finished", "correlation_id": "e672fcb0-ad0a-4086-9704-86826472bf2f", "level": "info", "logger": "app.middleware.RequestLoggingMiddleware", "timestamp": "2026-08-17T12:59:35.258326Z"}
{"event": "HTTP Request: POST http://testserver/api/v1/login/access-token \"HTTP/1.1 200 OK\"", "level": "info", "logger": "httpx", "timestamp": "2026-08-17T12:59:35.258326Z"}
{"method": "PUT", "path": "/api/v1/items/c31df73b-233d-4f2e-b331-6f6578fe90d4", "client_host": "testclient", "event": "request_started", "correlation_id": "163ecc3f-5687-4737-b46b-6e7616d648b5", "level": "info", "logger": "app.middleware.RequestLoggingMiddleware", "timestamp": "2026-08-17T12:59:35.624073Z"}
{"method": "PUT", "path": "/api/v1/items/c31df73b-233d-4f2e-b331-6f6578fe90d4", "status_code": 200, "duration": 0.0101, "event": "request_finished", "correlation_id": "163ecc3f-5687-4737-b46b-6e7616d648b5", "level": "info", "logger": "app.middleware.RequestLoggingMiddleware", "timestamp": "2026-08-17T12:59:35.634220Z"}
{"event": "HTTP Request: PUT http://testserver/api/v1/items/c31df73b-233d-4f2e-b331-6f6578fe90d4 \"HTTP/1.1 200 OK\"", "level": "info", "logger": "httpx", "timestamp": "2026-08-17T12:59:35.636760Z"}
{"method": "POST", "path": "/api/v1/login/access-token", "client_host": "testclient", "event": "request_started", "correlation_id": "b47c73fb-0463-4534-b976-43cc13f0568c", "level": "info", "logger": "app.middleware.RequestLoggingMiddleware", "timestamp": "2026-08-17T12:59:35.645809Z"}
{"method": "POST", "path": "/api/v1/login/access-token", "status_code": 200, "duration": 0.3842, "event": "request_finished", "correlation_id": "b47c73fb-0463-4534-b976-43cc13f0568c", "level": "info", "logger": "app.middleware.RequestLoggingMiddleware", "timestamp": "2026-08-17T12:59:36.030605Z"}
{"event": "HTTP Request: POST http://testserver/api/v1/login/access-token \"HTTP/1.1 200 OK\"", "level": "info", "logger": "httpx", "timestamp": "2026-08-17T12:59:36.031115Z"}
{"method": "PUT", "path": "/api/v1/items/52b65c2d-90c1-4a70-8d59-60eae82262dc", "client_host": "testclient", "event": "request_started", "correlation_id": "0645e4a8-94ec-49e0-8b82-e8ecae2dd163", "level": "info", "logger": "app.middleware.RequestLoggingMiddleware", "timestamp": "2026-08-17T12:59:36.033013Z"}
{"method": "PUT", "path": "/api/v1/items/52b65c2d-90c1-4a70-8d59-60eae82262dc", "status_code": 404, "duration": 0.0024, "event": "request_finished", "correlation_id": "0645e4a8-94ec-49e0-8b82-e8ecae2dd163", "level": "info", "logger": "app.middleware.RequestLoggingMiddleware", "timestamp": "2026-08-17T12:59:36.035435Z"}
{"event": "HTTP Request: PUT http://testserver/api/v1/items/52b65c2d-90c1-4a70-8d59-60eae82262dc \"HTTP/1.1 404 Not Found\"", "level": "info", "logger": "httpx", "timestamp": "2026-08-17T12:59:36.035435Z"}
{"method": "POST", "path": "/api/v1/login/access-token", "client_host": "testclient", "event": "request_started", "correlation_id": "cde7699b-c2e0-4604-bc21-90082936c891", "level": "info", "logger": "app.middleware.RequestLoggingMiddleware", "timestamp": "2026-08-17T12:59:36.416201Z"}
{"method": "POST", "path": "/api/v1/login/access-token", "status_code": 200, "duration": 0.3832, "event": "request_finished", "correlation_id": "cde7699b-c2e0-4604-bc21-90082936c891", "level": "info", "logger": "app.middleware.RequestLoggingMiddleware", "timestamp": "2026-08-17T12:59:36.799398Z"}
{"event": "HTTP Request: POST http://testserver/api/v1/login/access-token \"HTTP/1.1 200 OK\"", "level": "info", "logger": "httpx", "timestamp": "2026-08-17T12:59:36.799398Z"}
{"method": "PUT", "path": "/api/v1/items/88cd78b1-5dc9-437d-9b85-e9b123082da8", "client_host": "testclient", "event": "request_started", "correlation_id": "61f9eb60-acb6-46cc-a3f2-cf9fc63310e8", "level": "info", "logger": "app.middleware.RequestLoggingMiddleware", "timestamp": "2026-08-17T12:59:37.166476Z"}
{"method": "PUT", "path": "/api/v1/items/88cd78b1-5dc9-437d-9b85-e9b123082da8", "status_code": 400, "duration": 0.0141, "event": "request_finished", "correlation_id": "61f9eb60-acb6-46cc-a3f2-cf9fc63310e8", "level": "info", "logger": "app.middleware.RequestLoggingMiddleware", "timestamp": "2026-08-17T12:59:37.180534Z"}
{"event": "HTTP Request: PUT http://testserver/api/v1/items/88cd78b1-5dc9-437d-9b85-e9b123082da8 \"HTTP/1.1 400 Bad Request\"", "level": "info", "logger": "httpx", "timestamp": "2026-08-17T12:59:37.181210Z"}
{"method": "POST", "path": "/api/v1/login/access-token", "client_host": "testclient", "event": "request_started", "correlation_id": "7e74bd5a-0ce6-49e6-904e-6627856a2a2c", "level": "info", "logger": "app.middleware.RequestLoggingMiddleware", "timestamp": "2026-08-17T12:59:37.190507Z"}
{"method": "POST", "path": "/api/v1/login/access-token", "status_code": 200, "duration": 0.3812, "event": "request_finished", "correlation_id": "7e74bd5a-0ce6-49e6-904e-6627856a2a2c", "level": "info", "logger": "app.middleware.RequestLoggingMiddleware", "timestamp": "2026-08-17T12:59:37.571741Z"}
{"event": "HTTP Request: POST http://testserver/api/v1/login/access-token \"HTTP/1.1 200 OK\"", "level": "info", "logger": "httpx", "timestamp": "2026-08-17T12:59:37.571741Z"}
{"method": "DELETE", "path": "/api/v1/items/a53e3667-624f-4e65-9f09-b8376cee8f72", "client_host": "testclient", "event": "request_started", "correlation_id": "d5213a4b-747b-49f5-90d1-811f10ede562", "level": "info", "logger": "app.middleware.RequestLoggingMiddleware", "timestamp": "2026-08-17T12:59:37.960168Z"}
{"method": "DELETE", "path": "/api/v1/items/a53e3667-624f-4e65-9f09-b8376cee8f72", "status_code": 200, "duration": 0.0055, "event": "request_finished", "correlation_id": "d5213a4b-747b-49f5-90d1-811f10ede562", "level": "info", "logger": "app.middleware.RequestLoggingMiddleware", "timestamp": "2026-08-17T12:59:37.965650Z"}
{"event": "HTTP Request: DELETE http://testserver/api/v1/items/a53e3667-624f-4e65-9f09-b8376cee8f72 \"HTTP/1.1 200 OK\"", "level": "info", "logger": "httpx", "timestamp": "2026-08-17T12:59:37.966369Z"}
{"method": "POST", "path": "/api/v1/login/access-token", "client_host": "testclient", "event": "request_started", "correlation_id": "1dfd3654-6d77-4ae4-9b45-dede52c5f383", "level": "info", "logger": "app.middleware.RequestLoggingMiddleware", "timestamp": "2026-08-17T12:59:37.977358Z"}
{"method": "POST", "path": "/api/v1/login/access-token", "status_code": 200, "duration": 0.3833, "event": "request_finished", "correlation_id": "1dfd3654-6d77-4ae4-9b45-dede52c5f383", "level": "info", "logger": "app.middleware.RequestLoggingMiddleware", "timestamp": "2026-08-17T12:59:38.360616Z"}
{"event": "HTTP Request: POST http://testserver/api/v1/login/access-token \"HTTP/1.1 200 OK\"", "level": "info", "logger": "httpx", "timestamp": "2026-08-17T12:59:38.360616Z"}
{"method": "DELETE", "path": "/api/v1/items/d45950b9-bda8-401b-a0b7-c6335692d3ab", "client_host": "testclient", "event": "request_started", "correlation_id": "ce1dd788-4574-4d00-8a65-5a889c3afe72", "level": "info", "logger": "app.middleware.RequestLoggingMiddleware", "timestamp": "2026-08-17T12:59:38.360616Z"}
{"method": "DELETE", "path": "/api/v1/items/d45950b9-bda8-401b-a0b7-c6335692d3ab", "status_code": 404, "duration": 0.0065, "event": "request_finished", "correlation_id": "ce1dd788-4574-4d00-8a65-5a889c3afe72", "level": "info", "logger": "app.middleware.RequestLoggingMiddleware", "timestamp": "2026-08-17T12:59:38.367161Z"}
{"event": "HTTP Request: DELETE http://testserver/api/v1/items/d45950b9-bda8-401b-a0b7-c6335692d3ab \"HTTP/1.1 404 Not Found\"", "level": "info", "logger": "httpx", "timestamp": "2026-08-17T12:59:38.369173Z"}
{"method": "POST", "path": "/api/v1/login/access-token", "client_host": "testclient", "event": "request_started", "correlation_id": "b9544fe8-d230-47bc-88d6-21d8955bf663", "level": "info", "logger": "app.middleware.RequestLoggingMiddleware", "timestamp": "2026-08-17T12:59:38.752090Z"}
{"method": "POST", "path": "/api/v1/login/access-token", "status_code": 200, "duration": 0.3806, "event": "request_finished", "correlation_id": "b9544fe8-d230-47bc-88d6-21d8955bf663", "level": "info", "logger": "app.middleware.RequestLoggingMiddleware", "timestamp": "2026-08-17T12:59:39.132708Z"}
{"event": "HTTP Request: POST http://testserver/api/v1/login/access-token \"HTTP/1.1 200 OK\"", "level": "info", "logger": "httpx", "timestamp": "2026-08-17T12:59:39.132708Z"}
{"method": "DELETE", "path": "/api/v1/items/076f409e-e494-4cc3-a106-d7431d6b6ad9", "client_host": "testclient", "event": "request_started", "correlation_id": "43cbae8a-b41f-4186-a312-9da711d819be", "level": "info", "logger": "app.middleware.RequestLoggingMiddleware", "timestamp": "2026-08-17T12:59:39.503693Z"}
{"method": "DELETE", "path": "/api/v1/items/076f409e-e494-4cc3-a106-d7431d6b6ad9", "status_code": 400, "duration": 0.004, "event": "request_finished", "correlation_id": "43cbae8a-b41f-4186-a312-9da711d819be", "level": "info", "logger": "app.middleware.RequestLoggingMiddleware", "timestamp": "2026-08-17T12:59:39.507707Z"}
{"event": "HTTP Request: DELETE http://testserver/api/v1/items/076f409e-e494-4cc3-a106-d7431d6b6ad9 \"HTTP/1.1 400 Bad Request\"", "level": "info", "logger": "httpx", "timestamp": "2026-08-17T12:59:39.509722Z"}
{"event": "HTTP Request: GET http://127.0.0.1:60040/api/v1/utils/health-check/ \"HTTP/1.1 200 OK\"", "level": "info", "logger": "httpx", "timestamp": "2026-08-17T12:59:39.682408Z"}
{"method": "POST", "path": "/api/v1/login/access-token", "client_host": "testclient", "event": "request_started", "correlation_id": "5cd4960a-0a50-4cd0-a418-91d05b610366", "level": "info", "logger": "app.middleware.RequestLoggingMiddleware", "timestamp": "2026-08-17T12:59:39.710323Z"}
{"method": "POST", "path": "/api/v1/login/access-token", "status_code": 200, "duration": 0.3833, "event": "request_finished", "correlation_id": "5cd4960a-0a50-4cd0-a418-91d05b610366", "level": "info", "logger": "app.middleware.RequestLoggingMiddleware", "timestamp": "2026-08-17T12:59:40.093585Z"}
{"event": "HTTP Request: POST http://testserver/api/v1/login/access-token \"HTTP/1.1 200 OK\"", "level": "info", "logger": "httpx", "timestamp": "2026-08-17T12:59:40.093585Z"}
{"method": "GET", "path": "/api/v1/utils/health-check", "client_host": "127.0.0.1", "event": "request_started", "correlation_id": "da926501-3951-43f8-88d5-eaf42ea5d96b", "level": "info", "logger": "app.middleware.RequestLoggingMiddleware", "timestamp": "2026-08-17T12:59:40.099055Z"}
{"method": "GET", "path": "/api/v1/utils/health-check", "status_code": 307, "duration": 0.0024, "event": "request_finished", "correlation_id": "da926501-3951-43f8-88d5-eaf42ea5d96b", "level": "info", "logger": "app.middleware.RequestLoggingMiddleware", "timestamp": "2026-08-17T12:59:40.101445Z"}
{"event": "HTTP Request: GET http://127.0.0.1:60040/api/v1/utils/health-check \"HTTP/1.1 307 Temporary Redirect\"", "level": "info", "logger": "httpx", "timestamp": "2026-08-17T12:59:40.103460Z"}
{"event": "HTTP Request: GET http://127.0.0.1:60040/api/v1/utils/health-check/ \"HTTP/1.1 200 OK\"", "level": "info", "logger": "httpx", "timestamp": "2026-08-17T12:59:40.104831Z"}
{"method": "GET", "path": "/api/v1/users/me", "client_host": "127.0.0.1", "event": "request_started", "correlation_id": "1a8f955d-7fb9-4ea6-85b5-5f1b0b69c698", "level": "info", "logger": "app.middleware.RequestLoggingMiddleware", "timestamp": "2026-08-17T12:59:40.104831Z"}
{"method": "GET", "path": "/api/v1/users/me", "status_code": 200, "duration": 0.0062, "event": "request_finished", "correlation_id": "1a8f955d-7fb9-4ea6-85b5-5f1b0b69c698", "level": "info", "logger": "app.middleware.RequestLoggingMiddleware", "timestamp": "2026-08-17T12:59:40.110986Z"}
{"event": "HTTP Request: GET http://127.0.0.1:60040/api/v1/users/me \"HTTP/1.1 200 OK\"", "level": "info", "logger": "httpx", "timestamp": "2026-08-17T12:59:40.110986Z"}
{"method": "POST", "path": "/api/v1/login/access-token", "client_host": "testclient", "event": "request_started", "correlation_id": "25c64942-656f-46e6-9602-a8f7d9eacca1", "level": "info", "logger": "app.middleware.RequestLoggingMiddleware", "timestamp": "2026-08-17T12:59:40.122827Z"}
{"method": "POST", "path": "/api/v1/login/access-token", "status_code": 200, "duration": 0.3766, "event": "request_finished", "correlation_id": "25c64942-656f-46e6-9602-a8f7d9eacca1", "level": "info", "logger": "app.middleware.RequestLoggingMiddleware", "timestamp": "2026-08-17T12:59:40.499477Z"}
{"event": "HTTP Request: POST http://testserver/api/v1/login/access-token \"HTTP/1.1 200 OK\"", "level": "info", "logger": "httpx", "timestamp": "2026-08-17T12:59:40.499477Z"}
{"method": "POST", "path": "/api/v1/login/access-token", "client_host": "testclient", "event": "request_started", "correlation_id": "c2b0d251-2a92-4d4f-8e0c-0a3688402a62", "level": "info", "logger": "app.middleware.RequestLoggingMiddleware", "timestamp": "2026-08-17T12:59:40.510119Z"}
{"method": "POST", "path": "/api/v1/login/access-token", "status_code": 200, "duration": 0.376, "event": "request_finished", "correlation_id": "c2b0d251-2a92-4d4f-8e0c-0a3688402a62", "level": "info", "logger": "app.middleware.RequestLoggingMiddleware", "timestamp": "2026-08-17T12:59:40.887203Z"}
{"event": "HTTP Request: POST http://testserver/api/v1/login/access-token \"HTTP/1.1 200 OK\"", "level": "info", "logger": "httpx", "timestamp": "2026-08-17T12:59:40.887203Z"}
{"method": "POST", "path": "/api/v1/login/access-token", "client_host": "testclient", "event": "request_started", "correlation_id": "5bb98c34-13c7-47be-b15d-7f5921c8b80f", "level": "info", "logger": "app.middleware.RequestLoggingMiddleware", "timestamp": "2026-08-17T12:59:40.896329Z"}
{"method": "POST", "path": "/api/v1/login/access-token", "status_code": 200, "duration": 0.3865, "event": "request_finished", "correlation_id": "5bb98c34-13c7-47be-b15d-7f5921c8b80f", "level": "info", "logger": "app.middleware.RequestLoggingMiddleware", "timestamp": "2026-08-17T12:59:41.282844Z"}
{"event": "HTTP Request: POST http://testserver/api/v1/login/access-token \"HTTP/1.1 200 OK\"", "level": "info", "logger": "httpx", "timestamp": "2026-08-17T12:59:41.282844Z"}
{"method": "POST", "path": "/api/v1/login/refresh-token", "client_host": "testclient", "event": "request_started", "correlation_id": "976ebb4c-0578-4343-8c33-7d430551117d", "level": "info", "logger": "app.middleware.RequestLoggingMiddleware", "timestamp": "2026-08-17T12:59:41.282844Z"}
{"method": "POST", "path": "/api/v1/login/refresh-token", "status_code": 200, "duration": 0.0, "event": "request_finished", "correlation_id": "976ebb4c-0578-4343-8c33-7d430551117d", "level": "info", "logger": "app.middleware.RequestLoggingMiddleware", "timestamp": "2026-08-17T12:59:41.282844Z"}
{"event": "HTTP Request: POST http://testserver/api/v1/login/refresh-token \"HTTP/1.1 200 OK\"", "level": "info", "logger": "httpx", "timestamp": "2026-08-17T12:59:41.282844Z"}
{"method": "POST", "path": "/api/v1/login/access-token", "client_host": "testclient", "event": "request_started", "correlation_id": "0b623d68-2cd6-4065-84c6-6ed04825035d", "level": "info", "logger": "app.middleware.RequestLoggingMiddleware", "timestamp": "2026-08-17T12:59:41.303458Z"}
{"method": "POST", "path": "/api/v1/login/access-token", "status_code": 200, "duration": 0.3745, "event": "request_finished", "correlation_id": "0b623d68-2cd6-4065-84c6-6ed04825035d", "level": "info", "logger": "app.middleware.RequestLoggingMiddleware", "timestamp": "2026-08-17T12:59:41.677909Z"}
{"event": "HTTP Request: POST http://testserver/api/v1/login/access-token \"HTTP/1.1 200 OK\"", "level": "info", "logger": "httpx", "timestamp": "2026-08-17T12:59:41.677909Z"}
{"method": "POST", "path": "/api/v1/login/refresh-token", "client_host": "testclient", "event": "request_started", "correlation_id": "260d15e4-35af-4ed0-ad45-335a3506349a", "level": "info", "logger": "app.middleware.RequestLoggingMiddleware", "timestamp": "2026-08-17T12:59:41.677909Z"}
{"method": "POST", "path": "/api/v1/login/refresh-token", "status_code": 200, "duration": 0.0075, "event": "request_finished", "correlation_id": "260d15e4-35af-4ed0-ad45-335a3506349a", "level": "info", "logger": "app.middleware.RequestLoggingMiddleware", "timestamp": "2026-08-17T12:59:41.685409Z"}
{"event": "HTTP Request: POST http://testserver/api/v1/login/refresh-token \"HTTP/1.1 200 OK\"", "level": "info", "logger": "httpx", "timestamp": "2026-08-17T12:59:41.685409Z"}
{"method": "POST", "path": "/api/v1/login/refresh-token", "client_host": "testclient", "event": "request_started", "correlation_id": "3534d628-3f4c-46f4-9562-8164e5d649d9", "level": "info", "logger": "app.middleware.RequestLoggingMiddleware", "timestamp": "2026-08-17T12:59:41.685409Z"}
{"method": "POST", "path": "/api/v1/login/refresh-token", "status_code": 401, "duration": 0.0065, "event": "request_finished", "correlation_id": "3534d628-3f4c-46f4-9562-8164e5d649d9", "level": "info", "logger": "app.middleware.RequestLoggingMiddleware", "timestamp": "2026-08-17T12:59:41.691897Z"}
{"event": "HTTP Request: POST http://testserver/api/v1/login/refresh-token \"HTTP/1.1 401 Unauthorized\"", "level": "info", "logger": "httpx", "timestamp": "2026-08-17T12:59:41.691897Z"}
{"method": "POST", "path": "/api/v1/login/refresh-token", "client_host": "testclient", "event": "request_started", "correlation_id": "b1d79eb6-bbb6-4a15-ab3b-b8316eb3ae54", "level": "info", "logger": "app.middleware.RequestLoggingMiddleware", "timestamp": "2026-08-17T12:59:41.701156Z"}
{"method": "POST", "path": "/api/v1/login/refresh-token", "status_code": 401, "duration": 0.003, "event": "request_finished", "correlation_id": "b1d79eb6-bbb6-4a15-ab3b-b8316eb3ae54", "level": "info", "logger": "app.middleware.RequestLoggingMiddleware", "timestamp": "2026-08-17T12:59:41.704125Z"}
{"event": "HTTP Request: POST http://testserver/api/v1/login/refresh-token \"HTTP/1.1 401 Unauthorized\"", "level": "info", "logger": "httpx", "timestamp": "2026-08-17T12:59:41.705240Z"}
{"method": "POST", "path": "/api/v1/login/access-token", "client_host": "testclient", "event": "request_started", "correlation_id": "35f58afb-d6e9-4ea8-a000-41d63ed5209c", "level": "info", "logger": "app.middleware.RequestLoggingMiddleware", "timestamp": "2026-08-17T12:59:41.711904Z"}
{"method": "POST", "path": "/api/v1/login/access-token", "status_code": 200, "duration": 0.3771, "event": "request_finished", "correlation_id": "35f58afb-d6e9-4ea8-a000-41d63ed5209c", "level": "info", "logger": "app.middleware.RequestLoggingMiddleware", "timestamp": "2026-08-17T12:59:42.089035Z"}
{"event": "HTTP Request: POST http://testserver/api/v1/login/access-token \"HTTP/1.1 200 OK\"", "level": "info", "logger": "httpx", "timestamp": "2026-08-17T12:59:42.089035Z"}
{"method": "POST", "path": "/api/v1/login/logout", "client_host": "testclient", "event": "request_started", "correlation_id": "34f846e4-feb4-4908-be4b-b409419967e1", "level": "info", "logger": "app.middleware.RequestLoggingMiddleware", "timestamp": "2026-08-17T12:59:42.091046Z"}
{"method": "POST", "path": "/api/v1/login/logout", "status_code": 200, "duration": 0.0, "event": "request_finished", "correlation_id": "34f846e4-feb4-4908-be4b-b409419967e1", "level": "info", "logger": "app.middleware.RequestLoggingMiddleware", "timestamp": "2026-08-17T12:59:42.091046Z"}
{"event": "HTTP Request: POST http://testserver/api/v1/login/logout \"HTTP/1.1 200 OK\"", "level": "info", "logger": "httpx", "timestamp": "2026-08-17T12:59:42.091046Z"}
{"method": "POST", "path": "/api/v1/login/refresh-token", "client_host": "testclient", "event": "request_started", "correlation_id": "6f5aea3f-6657-4680-ac69-e3d23b4acddb", "level": "info", "logger": "app.middleware.RequestLoggingMiddleware", "timestamp": "2026-08-17T12:59:42.095806Z"}
{"method": "POST", "path": "/api/v1/login/refresh-token", "status_code": 401, "duration": 0.005, "event": "request_finished", "correlation_id": "6f5aea3f-6657-4680-ac69-e3d23b4acddb", "level": "info", "logger": "app.middleware.RequestLoggingMiddleware", "timestamp": "2026-08-17T12:59:42.100780Z"}
{"event": "HTTP Request: POST http://testserver/api/v1/login/refresh-token \"HTTP/1.1 401 Unauthorized\"", "level": "info", "logger": "httpx", "timestamp": "2026-08-17T12:59:42.101297Z"}
{"method": "POST", "path": "/api/v1/login/access-token", "client_host": "testclient", "event": "request_started", "correlation_id": "44e25a03-c6cd-4efb-9907-167974864d2b", "level": "info", "logger": "app.middleware.RequestLoggingMiddleware", "timestamp": "2026-08-17T12:59:42.109844Z"}
{"method": "POST", "path": "/api/v1/login/access-token", "status_code": 400, "duration": 0.3791, "event": "request_finished", "correlation_id": "44e25a03-c6cd-4efb-9907-167974864d2b", "level": "info", "logger": "app.middleware.RequestLoggingMiddleware", "timestamp": "2026-08-17T12:59:42.488930Z"}
{"event": "HTTP Request: POST http://testserver/api/v1/login/access-token \"HTTP/1.1 400 Bad Request\"", "level": "info", "logger": "httpx", "timestamp": "2026-08-17T12:59:42.488930Z"}
{"method": "POST", "path": "/api/v1/login/access-token", "client_host": "testclient", "event": "request_started", "correlation_id": "a69c5dcd-de64-4427-9931-4a15c1cec814", "level": "info", "logger": "app.middleware.RequestLoggingMiddleware", "timestamp": "2026-08-17T12:59:42.500959Z"}
{"method": "POST", "path": "/api/v1/login/access-token", "status_code": 200, "duration": 0.3819, "event": "request_finished", "correlation_id": "a69c5dcd-de64-4427-9931-4a15c1cec814", "level": "info", "logger": "app.middleware.RequestLoggingMiddleware", "timestamp": "2026-08-17T12:59:42.882840Z"}
{"event": "HTTP Request: POST http://testserver/api/v1/login/access-token \"HTTP/1.1 200 OK\"", "level": "info", "logger": "httpx", "timestamp": "2026-08-17T12:59:42.882840Z"}
{"method": "POST", "path": "/api/v1/login/test-token", "client_host": "testclient", "event": "request_started", "correlation_id": "fea889b0-61dc-40f3-9708-76efb9d57c45", "level": "info", "logger": "app.middleware.RequestLoggingMiddleware", "timestamp": "2026-08-17T12:59:42.885419Z"}
{"method": "POST", "path": "/api/v1/login/test-token", "status_code": 200, "duration": 0.0, "event": "request_finished", "correlation_id": "fea889b0-61dc-40f3-9708-76efb9d57c45", "level": "info", "logger": "app.middleware.RequestLoggingMiddleware", "timestamp": "2026-08-17T12:59:42.885419Z"}
{"event": "HTTP Request: POST http://testserver/api/v1/login/test-token \"HTTP/1.1 200 OK\"", "level": "info", "logger": "httpx", "timestamp": "2026-08-17T12:59:42.885419Z"}
{"method": "POST", "path": "/api/v1/login/access-token", "client_host": "testclient", "event": "request_started", "correlation_id": "4e7f6805-3898-40a2-8b03-103cfd25a313", "level": "info", "logger": "app.middleware.RequestLoggingMiddleware", "timestamp": "2026-08-17T12:59:43.269944Z"}
{"method": "POST", "path": "/api/v1/login/access-token", "status_code": 200, "duration": 0.3795, "event": "request_finished", "correlation_id": "4e7f6805-3898-40a2-8b03-103cfd25a313", "level": "info", "logger": "app.middleware.RequestLoggingMiddleware", "timestamp": "2026-08-17T12:59:43.649404Z"}
{"event": "HTTP Request: POST http://testserver/api/v1/login/access-token \"HTTP/1.1 200 OK\"", "level": "info", "logger": "httpx", "timestamp": "2026-08-17T12:59:43.649404Z"}
{"method": "POST", "path": "/api/v1/password-recovery/test@example.com", "client_host": "testclient", "event": "request_started", "correlation_id": "d5422b92-4952-464b-8dfd-c4aad30fd876", "level": "info", "logger": "app.middleware.RequestLoggingMiddleware", "timestamp": "2026-08-17T12:59:43.659697Z"}
{"event": "Preparing to send email to test@example.com", "correlation_id": "d5422b92-4952-464b-8dfd-c4aad30fd876", "level": "info", "logger": "app.utils", "timestamp": "2026-08-17T12:59:43.669039Z"}
{"event": "SMTP Config: Host=smtp.example.com, Port=587, TLS=True, User=admin@example.com", "correlation_id": "d5422b92-4952-464b-8dfd-c4aad30fd876", "level": "info", "logger": "app.utils", "timestamp": "2026-08-17T12:59:43.669039Z"}
{"event": "Failed to send email: [Errno 11001] getaddrinfo failed", "correlation_id": "d5422b92-4952-464b-8dfd-c4aad30fd876", "level": "error", "logger": "app.utils", "timestamp": "2026-08-17T12:59:43.768813Z"}
{"event": "Traceback (most recent call last):\n  File \"C:\\Users\\kiran\\Desktop\\doit-prod\\backend\\app\\utils.py\", line 74, in send_email\n    with smtplib.SMTP(settings.SMTP_HOST, settings.SMTP_PORT) as server:\n         ^^^^^^^^^^^^^^^^^^^^^^^^^^^^^^^^^^^^^^^^^^^^^^^^^^^^\n  File \"C:\\Users\\kiran\\AppData\\Roaming\\uv\\python\\cpython-3.12.12-windows-x86_64-none\\Lib\\smtplib.py\", line 255, in __init__\n    (code, msg) = self.connect(host, port)\n                  ^^^^^^^^^^^^^^^^^^^^^^^^\n  File \"C:\\Users\\kiran\\AppData\\Roaming\\uv\\python\\cpython-3.12.12-windows-x86_64-none\\Lib\\smtplib.py\", line 341, in connect\n    self.sock = self._get_socket(host, port, self.timeout)\n                ^^^^^^^^^^^^^^^^^^^^^^^^^^^^^^^^^^^^^^^^^^\n  File \"C:\\Users\\kiran\\AppData\\Roaming\\uv\\python\\cpython-3.12.12-windows-x86_64-none\\Lib\\smtplib.py\", line 312, in _get_socket\n    return socket.create_connection((host, port), timeout,\n           ^^^^^^^^^^^^^^^^^^^^^^^^^^^^^^^^^^^^^^^^^^^^^^^\n  File \"C:\\Users\\kiran\\AppData\\Roaming\\uv\\python\\cpython-3.12.12-windows-x86_64-none\\Lib\\socket.py\", line 841, in create_connection\n    for res in getaddrinfo(host, port, 0, SOCK_STREAM):\n               ^^^^^^^^^^^^^^^^^^^^^^^^^^^^^^^^^^^^^^^\n  File \"C:\\Users\\kiran\\AppData\\Roaming\\uv\\python\\cpython-3.12.12-windows-x86_64-none\\Lib\\socket.py\", line 978, in getaddrinfo\n    for res in _socket.getaddrinfo(host, port, family, type, proto, flags):\n               ^^^^^^^^^^^^^^^^^^^^^^^^^^^^^^^^^^^^^^^^^^^^^^^^^^^^^^^^^^^\nsocket.gaierror: [Errno 11001] getaddrinfo failed\n", "correlation_id": "d5422b92-4952-464b-8dfd-c4aad30fd876", "level": "error", "logger": "app.utils", "timestamp": "2026-08-17T12:59:43.775757Z"}
{"method": "POST", "path": "/api/v1/password-recovery/test@example.com", "status_code": 200, "duration": 0.1161, "event": "request_finished", "correlation_id": "d5422b92-4952-464b-8dfd-c4aad30fd876", "level": "info", "logger": "app.middleware.RequestLoggingMiddleware", "timestamp": "2026-08-17T12:59:43.775757Z"}
{"event": "HTTP Request: POST http://testserver/api/v1/password-recovery/test@example.com \"HTTP/1.1 200 OK\"", "level": "info", "logger": "httpx", "timestamp": "2026-08-17T12:59:43.775757Z"}
{"method": "POST", "path": "/api/v1/login/access-token", "client_host": "testclient", "event": "request_started", "correlation_id": "53fcd71b-823a-40f5-ad26-452160a7b964", "level": "info", "logger": "app.middleware.RequestLoggingMiddleware", "timestamp": "2026-08-17T12:59:44.177782Z"}
{"method": "POST", "path": "/api/v1/login/access-token", "status_code": 200, "duration": 0.4063, "event": "request_finished", "correlation_id": "53fcd71b-823a-40f5-ad26-452160a7b964", "level": "info", "logger": "app.middleware.RequestLoggingMiddleware", "timestamp": "2026-08-17T12:59:44.584061Z"}
{"event": "HTTP Request: POST http://testserver/api/v1/login/access-token \"HTTP/1.1 200 OK\"", "level": "info", "logger": "httpx", "timestamp": "2026-08-17T12:59:44.586070Z"}
{"method": "POST", "path": "/api/v1/password-recovery/jVgQr@example.com", "client_host": "testclient", "event": "request_started", "correlation_id": "5076e2e2-eb84-4d50-9789-d15abf88768a", "level": "info", "logger": "app.middleware.RequestLoggingMiddleware", "timestamp": "2026-08-17T12:59:44.588082Z"}
{"method": "POST", "path": "/api/v1/password-recovery/jVgQr@example.com", "status_code": 404, "duration": 0.0018, "event": "request_finished", "correlation_id": "5076e2e2-eb84-4d50-9789-d15abf88768a", "level": "info", "logger": "app.middleware.RequestLoggingMiddleware", "timestamp": "2026-08-17T12:59:44.589836Z"}
{"event": "HTTP Request: POST http://testserver/api/v1/password-recovery/jVgQr@example.com \"HTTP/1.1 404 Not Found\"", "level": "info", "logger": "httpx", "timestamp": "2026-08-17T12:59:44.589836Z"}
{"method": "POST", "path": "/api/v1/login/access-token", "client_host": "testclient", "event": "request_started", "correlation_id": "2d8d66ff-b435-493d-aabf-f529d7e50c07", "level": "info", "logger": "app.middleware.RequestLoggingMiddleware", "timestamp": "2026-08-17T12:59:44.965721Z"}
{"method": "POST", "path": "/api/v1/login/access-token", "status_code": 200, "duration": 0.3723, "event": "request_finished", "correlation_id": "2d8d66ff-b435-493d-aabf-f529d7e50c07", "level": "info", "logger": "app.middleware.RequestLoggingMiddleware", "timestamp": "2026-08-17T12:59:45.347372Z"}
{"event": "HTTP Request: POST http://testserver/api/v1/login/access-token \"HTTP/1.1 200 OK\"", "level": "info", "logger": "httpx", "timestamp": "2026-08-17T12:59:45.347372Z"}
{"method": "POST", "path": "/api/v1/reset-password/", "client_host": "testclient", "event": "request_started", "correlation_id": "63cf272a-6c1a-4711-9720-1925c152475e", "level": "info", "logger": "app.middleware.RequestLoggingMiddleware", "timestamp": "2026-08-17T12:59:45.347372Z"}
{"method": "POST", "path": "/api/v1/reset-password/", "status_code": 200, "duration": 0.3706, "event": "request_finished", "correlation_id": "63cf272a-6c1a-4711-9720-1925c152475e", "level": "info", "logger": "app.middleware.RequestLoggingMiddleware", "timestamp": "2026-08-17T12:59:45.717982Z"}
{"event": "HTTP Request: POST http://testserver/api/v1/reset-password/ \"HTTP/1.1 200 OK\"", "level": "info", "logger": "httpx", "timestamp": "2026-08-17T12:59:45.717982Z"}
{"method": "POST", "path": "/api/v1/login/access-token", "client_host": "testclient", "event": "request_started", "correlation_id": "662c8a96-b1e0-49f7-a895-c6d3fc7e8e57", "level": "info", "logger": "app.middleware.RequestLoggingMiddleware", "timestamp": "2026-08-17T12:59:46.105171Z"}
{"method": "POST", "path": "/api/v1/login/access-token", "status_code": 200, "duration": 0.3599, "event": "request_finished", "correlation_id": "662c8a96-b1e0-49f7-a895-c6d3fc7e8e57", "level": "info", "logger": "app.middleware.RequestLoggingMiddleware", "timestamp": "2026-08-17T12:59:46.465062Z"}
{"event": "HTTP Request: POST http://testserver/api/v1/login/access-token \"HTTP/1.1 200 OK\"", "level": "info", "logger": "httpx", "timestamp": "2026-08-17T12:59:46.465062Z"}
{"method": "POST", "path": "/api/v1/reset-password/", "client_host": "testclient", "event": "request_started", "correlation_id": "a35af36f-be40-4d2d-ad38-31d2dea77c73", "level": "info", "logger": "app.middleware.RequestLoggingMiddleware", "timestamp": "2026-08-17T12:59:46.465062Z"}
{"method": "POST", "path": "/api/v1/reset-password/", "status_code": 400, "duration": 0.018, "event": "request_finished", "correlation_id": "a35af36f-be40-4d2d-ad38-31d2dea77c73", "level": "info", "logger": "app.middleware.RequestLoggingMiddleware", "timestamp": "2026-08-17T12:59:46.483109Z"}
{"event": "HTTP Request: POST http://testserver/api/v1/reset-password/ \"HTTP/1.1 400 Bad Request\"", "level": "info", "logger": "httpx", "timestamp": "2026-08-17T12:59:46.483109Z"}
{"method": "POST", "path": "/api/v1/private/users/", "client_host": "testclient", "event": "request_started", "correlation_id": "19e1c13b-045b-4e30-aa75-4bd266674f47", "level": "info", "logger": "app.middleware.RequestLoggingMiddleware", "timestamp": "2026-08-17T12:59:46.493489Z"}
{"method": "POST", "path": "/api/v1/private/users/", "status_code": 200, "duration": 0.4353, "event": "request_finished", "correlation_id": "19e1c13b-045b-4e30-aa75-4bd266674f47", "level": "info", "logger": "app.middleware.RequestLoggingMiddleware", "timestamp": "2026-08-17T12:59:46.928809Z"}
{"event": "HTTP Request: POST http://testserver/api/v1/private/users/ \"HTTP/1.1 200 OK\"", "level": "info", "logger": "httpx", "timestamp": "2026-08-17T12:59:46.928809Z"}
{"method": "POST", "path": "/api/v1/login/access-token", "client_host": "testclient", "event": "request_started", "correlation_id": "fa123eeb-6131-44c0-bacc-c6e9cc84b7c4", "level": "info", "logger": "app.middleware.RequestLoggingMiddleware", "timestamp": "2026-08-17T12:59:46.944180Z"}
{"method": "POST", "path": "/api/v1/login/access-token", "status_code": 200, "duration": 0.3831, "event": "request_finished", "correlation_id": "fa123eeb-6131-44c0-bacc-c6e9cc84b7c4", "level": "info", "logger": "app.middleware.RequestLoggingMiddleware", "timestamp": "2026-08-17T12:59:47.326743Z"}
{"event": "HTTP Request: POST http://testserver/api/v1/login/access-token \"HTTP/1.1 200 OK\"", "level": "info", "logger": "httpx", "timestamp": "2026-08-17T12:59:47.326743Z"}
{"method": "POST", "path": "/api/v1/workspaces/", "client_host": "testclient", "event": "request_started", "correlation_id": "ebfdc6a4-3270-46a6-a3cd-0c42a677e64d", "level": "info", "logger": "app.middleware.RequestLoggingMiddleware", "timestamp": "2026-08-17T12:59:47.329569Z"}
{"method": "POST", "path": "/api/v1/workspaces/", "status_code": 200, "duration": 0.0, "event": "request_finished", "correlation_id": "ebfdc6a4-3270-46a6-a3cd-0c42a677e64d", "level": "info", "logger": "app.middleware.RequestLoggingMiddleware", "timestamp": "2026-08-17T12:59:47.329569Z"}
{"event": "HTTP Request: POST http://testserver/api/v1/workspaces/ \"HTTP/1.1 200 OK\"", "level": "info", "logger": "httpx", "timestamp": "2026-08-17T12:59:47.329569Z"}
{"method": "POST", "path": "/api/v1/projects/", "client_host": "testclient", "event": "request_started", "correlation_id": "f059fe62-8bc0-4880-ba25-e26b2c18ee11", "level": "info", "logger": "app.middleware.RequestLoggingMiddleware", "timestamp": "2026-08-17T12:59:47.345278Z"}
{"method": "POST", "path": "/api/v1/projects/", "status_code": 200, "duration": 0.0141, "event": "request_finished", "correlation_id": "f059fe62-8bc0-4880-ba25-e26b2c18ee11", "level": "info", "logger": "app.middleware.RequestLoggingMiddleware", "timestamp": "2026-08-17T12:59:47.359415Z"}
{"event": "HTTP Request: POST http://testserver/api/v1/projects/ \"HTTP/1.1 200 OK\"", "level": "info", "logger": "httpx", "timestamp": "2026-08-17T12:59:47.359415Z"}
{"method": "POST", "path": "/api/v1/login/access-token", "client_host": "testclient", "event": "request_started", "correlation_id": "a295cd1d-6c41-4021-ba9d-8ecf351b0227", "level": "info", "logger": "app.middleware.RequestLoggingMiddleware", "timestamp": "2026-08-17T12:59:47.369266Z"}
{"method": "POST", "path": "/api/v1/login/access-token", "status_code": 200, "duration": 0.3904, "event": "request_finished", "correlation_id": "a295cd1d-6c41-4021-ba9d-8ecf351b0227", "level": "info", "logger": "app.middleware.RequestLoggingMiddleware", "timestamp": "2026-08-17T12:59:47.759687Z"}
{"event": "HTTP Request: POST http://testserver/api/v1/login/access-token \"HTTP/1.1 200 OK\"", "level": "info", "logger": "httpx", "timestamp": "2026-08-17T12:59:47.759687Z"}
{"method": "POST", "path": "/api/v1/workspaces/", "client_host": "testclient", "event": "request_started", "correlation_id": "befca001-b856-4ade-927e-b8decf2fafa4", "level": "info", "logger": "app.middleware.RequestLoggingMiddleware", "timestamp": "2026-08-17T12:59:47.759687Z"}
{"method": "POST", "path": "/api/v1/workspaces/", "status_code": 200, "duration": 0.0059, "event": "request_finished", "correlation_id": "befca001-b856-4ade-927e-b8decf2fafa4", "level": "info", "logger": "app.middleware.RequestLoggingMiddleware", "timestamp": "2026-08-17T12:59:47.765545Z"}
{"event": "HTTP Request: POST http://testserver/api/v1/workspaces/ \"HTTP/1.1 200 OK\"", "level": "info", "logger": "httpx", "timestamp": "2026-08-17T12:59:47.765545Z"}
{"method": "POST", "path": "/api/v1/projects/", "client_host": "testclient", "event": "request_started", "correlation_id": "8b5d3cdb-afed-434c-aee9-9f2a107eb541", "level": "info", "logger": "app.middleware.RequestLoggingMiddleware", "timestamp": "2026-08-17T12:59:47.773479Z"}
{"method": "POST", "path": "/api/v1/projects/", "status_code": 200, "duration": 0.002, "event": "request_finished", "correlation_id": "8b5d3cdb-afed-434c-aee9-9f2a107eb541", "level": "info", "logger": "app.middleware.RequestLoggingMiddleware", "timestamp": "2026-08-17T12:59:47.775490Z"}
{"event": "HTTP Request: POST http://testserver/api/v1/projects/ \"HTTP/1.1 200 OK\"", "level": "info", "logger": "httpx", "timestamp": "2026-08-17T12:59:47.781404Z"}
{"method": "GET", "path": "/api/v1/projects/", "client_host": "testclient", "event": "request_started", "correlation_id": "12127bfa-e28a-431c-9de4-ba1cb39cc33d", "level": "info", "logger": "app.middleware.RequestLoggingMiddleware", "timestamp": "2026-08-17T12:59:47.783733Z"}
{"method": "GET", "path": "/api/v1/projects/", "status_code": 200, "duration": 0.0774, "event": "request_finished", "correlation_id": "12127bfa-e28a-431c-9de4-ba1cb39cc33d", "level": "info", "logger": "app.middleware.RequestLoggingMiddleware", "timestamp": "2026-08-17T12:59:47.861110Z"}
{"event": "HTTP Request: GET http://testserver/api/v1/projects/ \"HTTP/1.1 200 OK\"", "level": "info", "logger": "httpx", "timestamp": "2026-08-17T12:59:47.861110Z"}
{"method": "POST", "path": "/api/v1/login/access-token", "client_host": "testclient", "event": "request_started", "correlation_id": "9654f6fd-200b-4204-b835-03c98ae1981f", "level": "info", "logger": "app.middleware.RequestLoggingMiddleware", "timestamp": "2026-08-17T12:59:47.872928Z"}
{"method": "POST", "path": "/api/v1/login/access-token", "status_code": 200, "duration": 0.3824, "event": "request_finished", "correlation_id": "9654f6fd-200b-4204-b835-03c98ae1981f", "level": "info", "logger": "app.middleware.RequestLoggingMiddleware", "timestamp": "2026-08-17T12:59:48.255360Z"}
{"event": "HTTP Request: POST http://testserver/api/v1/login/access-token \"HTTP/1.1 200 OK\"", "level": "info", "logger": "httpx", "timestamp": "2026-08-17T12:59:48.255360Z"}
{"method": "POST", "path": "/api/v1/workspaces/", "client_host": "testclient", "event": "request_started", "correlation_id": "56d7ebb9-718b-416a-bae3-85241342c772", "level": "info", "logger": "app.middleware.RequestLoggingMiddleware", "timestamp": "2026-08-17T12:59:48.259136Z"}
{"method": "POST", "path": "/api/v1/workspaces/", "status_code": 200, "duration": 0.0053, "event": "request_finished", "correlation_id": "56d7ebb9-718b-416a-bae3-85241342c772", "level": "info", "logger": "app.middleware.RequestLoggingMiddleware", "timestamp": "2026-08-17T12:59:48.264394Z"}
{"event": "HTTP Request: POST http://testserver/api/v1/workspaces/ \"HTTP/1.1 200 OK\"", "level": "info", "logger": "httpx", "timestamp": "2026-08-17T12:59:48.266035Z"}
{"method": "POST", "path": "/api/v1/projects/", "client_host": "testclient", "event": "request_started", "correlation_id": "bcfd5621-4b1d-4edc-a494-e6240d5fdd30", "level": "info", "logger": "app.middleware.RequestLoggingMiddleware", "timestamp": "2026-08-17T12:59:48.266035Z"}
{"method": "POST", "path": "/api/v1/projects/", "status_code": 200, "duration": 0.0064, "event": "request_finished", "correlation_id": "bcfd5621-4b1d-4edc-a494-e6240d5fdd30", "level": "info", "logger": "app.middleware.RequestLoggingMiddleware", "timestamp": "2026-08-17T12:59:48.272437Z"}
{"event": "HTTP Request: POST http://testserver/api/v1/projects/ \"HTTP/1.1 200 OK\"", "level": "info", "logger": "httpx", "timestamp": "2026-08-17T12:59:48.272437Z"}
{"method": "PUT", "path": "/api/v1/projects/58577394-7ae9-49d0-9ee8-c748bb22d162", "client_host": "testclient", "event": "request_started", "correlation_id": "6695b8a4-9a47-4cef-b3a9-80f7af29b3ea", "level": "info", "logger": "app.middleware.RequestLoggingMiddleware", "timestamp": "2026-08-17T12:59:48.274841Z"}
{"method": "PUT", "path": "/api/v1/projects/58577394-7ae9-49d0-9ee8-c748bb22d162", "status_code": 200, "duration": 0.0102, "event": "request_finished", "correlation_id": "6695b8a4-9a47-4cef-b3a9-80f7af29b3ea", "level": "info", "logger": "app.middleware.RequestLoggingMiddleware", "timestamp": "2026-08-17T12:59:48.285009Z"}
{"event": "HTTP Request: PUT http://testserver/api/v1/projects/58577394-7ae9-49d0-9ee8-c748bb22d162 \"HTTP/1.1 200 OK\"", "level": "info", "logger": "httpx", "timestamp": "2026-08-17T12:59:48.286071Z"}
{"method": "POST", "path": "/api/v1/login/access-token", "client_host": "testclient", "event": "request_started", "correlation_id": "257e41e6-01ba-4a10-a52e-1f4fb15e3468", "level": "info", "logger": "app.middleware.RequestLoggingMiddleware", "timestamp": "2026-08-17T12:59:48.294972Z"}
{"method": "POST", "path": "/api/v1/login/access-token", "status_code": 200, "duration": 0.4022, "event": "request_finished", "correlation_id": "257e41e6-01ba-4a10-a52e-1f4fb15e3468", "level": "info", "logger": "app.middleware.RequestLoggingMiddleware", "timestamp": "2026-08-17T12:59:48.697147Z"}
{"event": "HTTP Request: POST http://testserver/api/v1/login/access-token \"HTTP/1.1 200 OK\"", "level": "info", "logger": "httpx", "timestamp": "2026-08-17T12:59:48.698885Z"}
{"method": "POST", "path": "/api/v1/workspaces/", "client_host": "testclient", "event": "request_started", "correlation_id": "db1307b6-b63d-4b42-8b27-8d66e67aa64f", "level": "info", "logger": "app.middleware.RequestLoggingMiddleware", "timestamp": "2026-08-17T12:59:48.699929Z"}
{"method": "POST", "path": "/api/v1/workspaces/", "status_code": 200, "duration": 0.0, "event": "request_finished", "correlation_id": "db1307b6-b63d-4b42-8b27-8d66e67aa64f", "level": "info", "logger": "app.middleware.RequestLoggingMiddleware", "timestamp": "2026-08-17T12:59:48.699929Z"}
{"event": "HTTP Request: POST http://testserver/api/v1/workspaces/ \"HTTP/1.1 200 OK\"", "level": "info", "logger": "httpx", "timestamp": "2026-08-17T12:59:48.707318Z"}
{"method": "POST", "path": "/api/v1/projects/", "client_host": "testclient", "event": "request_started", "correlation_id": "03c108bd-50c8-4b86-90a4-7fa8204847a9", "level": "info", "logger": "app.middleware.RequestLoggingMiddleware", "timestamp": "2026-08-17T12:59:48.707318Z"}
{"method": "POST", "path": "/api/v1/projects/", "status_code": 200, "duration": 0.0, "event": "request_finished", "correlation_id": "03c108bd-50c8-4b86-90a4-7fa8204847a9", "level": "info", "logger": "app.middleware.RequestLoggingMiddleware", "timestamp": "2026-08-17T12:59:48.707318Z"}
{"event": "HTTP Request: POST http://testserver/api/v1/projects/ \"HTTP/1.1 200 OK\"", "level": "info", "logger": "httpx", "timestamp": "2026-08-17T12:59:48.707318Z"}
{"method": "DELETE", "path": "/api/v1/projects/12bb2286-a6b1-4f51-81f1-5a176f73f18e", "client_host": "testclient", "event": "request_started", "correlation_id": "ce18ca45-cb2c-4ed8-877d-5b5307507309", "level": "info", "logger": "app.middleware.RequestLoggingMiddleware", "timestamp": "2026-08-17T12:59:48.716066Z"}
{"method": "DELETE", "path": "/api/v1/projects/12bb2286-a6b1-4f51-81f1-5a176f73f18e", "status_code": 200, "duration": 0.0077, "event": "request_finished", "correlation_id": "ce18ca45-cb2c-4ed8-877d-5b5307507309", "level": "info", "logger": "app.middleware.RequestLoggingMiddleware", "timestamp": "2026-08-17T12:59:48.723754Z"}
{"event": "HTTP Request: DELETE http://testserver/api/v1/projects/12bb2286-a6b1-4f51-81f1-5a176f73f18e \"HTTP/1.1 200 OK\"", "level": "info", "logger": "httpx", "timestamp": "2026-08-17T12:59:48.723754Z"}
{"method": "GET", "path": "/api/v1/projects/12bb2286-a6b1-4f51-81f1-5a176f73f18e", "client_host": "testclient", "event": "request_started", "correlation_id": "b85b9efb-1637-48e7-ac60-8f36c33bff5f", "level": "info", "logger": "app.middleware.RequestLoggingMiddleware", "timestamp": "2026-08-17T12:59:48.723754Z"}
{"method": "GET", "path": "/api/v1/projects/12bb2286-a6b1-4f51-81f1-5a176f73f18e", "status_code": 404, "duration": 0.0, "event": "request_finished", "correlation_id": "b85b9efb-1637-48e7-ac60-8f36c33bff5f", "level": "info", "logger": "app.middleware.RequestLoggingMiddleware", "timestamp": "2026-08-17T12:59:48.723754Z"}
{"event": "HTTP Request: GET http://testserver/api/v1/projects/12bb2286-a6b1-4f51-81f1-5a176f73f18e \"HTTP/1.1 404 Not Found\"", "level": "info", "logger": "httpx", "timestamp": "2026-08-17T12:59:48.723754Z"}
{"method": "POST", "path": "/api/v1/login/access-token", "client_host": "testclient", "event": "request_started", "correlation_id": "85ebc65b-7914-4031-8644-c5472dde7747", "level": "info", "logger": "app.middleware.RequestLoggingMiddleware", "timestamp": "2026-08-17T12:59:48.739925Z"}
{"method": "POST", "path": "/api/v1/login/access-token", "status_code": 200, "duration": 0.3925, "event": "request_finished", "correlation_id": "85ebc65b-7914-4031-8644-c5472dde7747", "level": "info", "logger": "app.middleware.RequestLoggingMiddleware", "timestamp": "2026-08-17T12:59:49.133239Z"}
{"event": "HTTP Request: POST http://testserver/api/v1/login/access-token \"HTTP/1.1 200 OK\"", "level": "info", "logger": "httpx", "timestamp": "2026-08-17T12:59:49.193677Z"}
{"method": "GET", "path": "/api/v1/users/me", "client_host": "testclient", "event": "request_started", "correlation_id": "bd46571f-352d-474d-b262-70a3d82572f6", "level": "info", "logger": "app.middleware.RequestLoggingMiddleware", "timestamp": "2026-08-17T12:59:49.196556Z"}
{"method": "GET", "path": "/api/v1/users/me", "status_code": 200, "duration": 0.0071, "event": "request_finished", "correlation_id": "bd46571f-352d-474d-b262-70a3d82572f6", "level": "info", "logger": "app.middleware.RequestLoggingMiddleware", "timestamp": "2026-08-17T12:59:49.203658Z"}
{"event": "HTTP Request: GET http://testserver/api/v1/users/me \"HTTP/1.1 200 OK\"", "level": "info", "logger": "httpx", "timestamp": "2026-08-17T12:59:49.204677Z"}
{"method": "POST", "path": "/api/v1/workspaces/", "client_host": "testclient", "event": "request_started", "correlation_id": "2475d1ab-20f1-4f4a-a97c-79895e8d01bc", "level": "info", "logger": "app.middleware.RequestLoggingMiddleware", "timestamp": "2026-08-17T12:59:49.204677Z"}
{"method": "POST", "path": "/api/v1/workspaces/", "status_code": 200, "duration": 0.0112, "event": "request_finished", "correlation_id": "2475d1ab-20f1-4f4a-a97c-79895e8d01bc", "level": "info", "logger": "app.middleware.RequestLoggingMiddleware", "timestamp": "2026-08-17T12:59:49.216432Z"}
{"event": "HTTP Request: POST http://testserver/api/v1/workspaces/ \"HTTP/1.1 200 OK\"", "level": "info", "logger": "httpx", "timestamp": "2026-08-17T12:59:49.216814Z"}
{"method": "POST", "path": "/api/v1/projects/", "client_host": "testclient", "event": "request_started", "correlation_id": "72f6f33e-73a7-4efb-9a3b-39417ea4042b", "level": "info", "logger": "app.middleware.RequestLoggingMiddleware", "timestamp": "2026-08-17T12:59:49.216814Z"}
{"method": "POST", "path": "/api/v1/projects/", "status_code": 200, "duration": 0.0053, "event": "request_finished", "correlation_id": "72f6f33e-73a7-4efb-9a3b-39417ea4042b", "level": "info", "logger": "app.middleware.RequestLoggingMiddleware", "timestamp": "2026-08-17T12:59:49.222115Z"}
{"event": "HTTP Request: POST http://testserver/api/v1/projects/ \"HTTP/1.1 200 OK\"", "level": "info", "logger": "httpx", "timestamp": "2026-08-17T12:59:49.222115Z"}
{"method": "POST", "path": "/api/v1/tasks/", "client_host": "testclient", "event": "request_started", "correlation_id": "8b166c88-3fa7-4a27-9c8d-9be7b88eb8e4", "level": "info", "logger": "app.middleware.RequestLoggingMiddleware", "timestamp": "2026-08-17T12:59:49.229571Z"}
{"event": "Generating task assignment email with context: {'project_name': 'Task Project', 'workspace_name': 'Task Workspace', 'task_title': 'Test Task', 'assignee_name': 'admin@doit.com', 'email': 'admin@doit.com'}", "correlation_id": "8b166c88-3fa7-4a27-9c8d-9be7b88eb8e4", "level": "info", "logger": "app.utils", "timestamp": "2026-08-17T12:59:49.237748Z"}
{"method": "POST", "path": "/api/v1/tasks/", "status_code": 200, "duration": 0.0162, "event": "request_finished", "correlation_id": "8b166c88-3fa7-4a27-9c8d-9be7b88eb8e4", "level": "info", "logger": "app.middleware.RequestLoggingMiddleware", "timestamp": "2026-08-17T12:59:49.245767Z"}
{"event": "Preparing to send email to admin@doit.com", "correlation_id": "8b166c88-3fa7-4a27-9c8d-9be7b88eb8e4", "level": "info", "logger": "app.utils", "timestamp": "2026-08-17T12:59:49.245767Z"}
{"event": "SMTP Config: Host=smtp-relay.brevo.com, Port=587, TLS=True, User=a085a7001@smtp-brevo.com", "correlation_id": "8b166c88-3fa7-4a27-9c8d-9be7b88eb8e4", "level": "info", "logger": "app.utils", "timestamp": "2026-08-17T12:59:49.245767Z"}
{"event": "Connected to SMTP server", "correlation_id": "8b166c88-3fa7-4a27-9c8d-9be7b88eb8e4", "level": "info", "logger": "app.utils", "timestamp": "2026-08-17T12:59:49.617011Z"}
{"event": "Starting TLS", "correlation_id": "8b166c88-3fa7-4a27-9c8d-9be7b88eb8e4", "level": "info", "logger": "app.utils", "timestamp": "2026-08-17T12:59:49.678315Z"}
{"event": "Attempting login", "correlation_id": "8b166c88-3fa7-4a27-9c8d-9be7b88eb8e4", "level": "info", "logger": "app.utils", "timestamp": "2026-08-17T12:59:50.122858Z"}
{"event": "Email sent successfully", "correlation_id": "8b166c88-3fa7-4a27-9c8d-9be7b88eb8e4", "level": "info", "logger": "app.utils", "timestamp": "2026-08-17T12:59:51.351557Z"}
{"event": "HTTP Request: POST http://testserver/api/v1/tasks/ \"HTTP/1.1 200 OK\"", "level": "info", "logger": "httpx", "timestamp": "2026-08-17T12:59:51.460148Z"}
{"method": "POST", "path": "/api/v1/login/access-token", "client_host": "testclient", "event": "request_started", "correlation_id": "b9d7d1d3-4347-4e51-9536-5245df8b21c3", "level": "info", "logger": "app.middleware.RequestLoggingMiddleware", "timestamp": "2026-08-17T12:59:51.475362Z"}
{"method": "POST", "path": "/api/v1/login/access-token", "status_code": 200, "duration": 0.3983, "event": "request_finished", "correlation_id": "b9d7d1d3-4347-4e51-9536-5245df8b21c3", "level": "info", "logger": "app.middleware.RequestLoggingMiddleware", "timestamp": "2026-08-17T12:59:51.873630Z"}
{"event": "HTTP Request: POST http://testserver/api/v1/login/access-token \"HTTP/1.1 200 OK\"", "level": "info", "logger": "httpx", "timestamp": "2026-08-17T12:59:51.905418Z"}
{"method": "GET", "path": "/api/v1/users/me", "client_host": "testclient", "event": "request_started", "correlation_id": "aa603386-acf8-48f8-96a1-c7260d7bf987", "level": "info", "logger": "app.middleware.RequestLoggingMiddleware", "timestamp": "2026-08-17T12:59:51.925047Z"}
{"method": "GET", "path": "/api/v1/users/me", "status_code": 200, "duration": 0.0009, "event": "request_finished", "correlation_id": "aa603386-acf8-48f8-96a1-c7260d7bf987", "level": "info", "logger": "app.middleware.RequestLoggingMiddleware", "timestamp": "2026-08-17T12:59:51.925935Z"}
{"event": "HTTP Request: GET http://testserver/api/v1/users/me \"HTTP/1.1 200 OK\"", "level": "info", "logger": "httpx", "timestamp": "2026-08-17T12:59:51.925935Z"}
{"method": "POST", "path": "/api/v1/workspaces/", "client_host": "testclient", "event": "request_started", "correlation_id": "e5c66ceb-4a0b-4c25-a0a8-1a6bbaf88835", "level": "info", "logger": "app.middleware.RequestLoggingMiddleware", "timestamp": "2026-08-17T12:59:51.930612Z"}
{"method": "POST", "path": "/api/v1/workspaces/", "status_code": 200, "duration": 0.0031, "event": "request_finished", "correlation_id": "e5c66ceb-4a0b-4c25-a0a8-1a6bbaf88835", "level": "info", "logger": "app.middleware.RequestLoggingMiddleware", "timestamp": "2026-08-17T12:59:51.933726Z"}
{"event": "HTTP Request: POST http://testserver/api/v1/workspaces/ \"HTTP/1.1 200 OK\"", "level": "info", "logger": "httpx", "timestamp": "2026-08-17T12:59:51.937803Z"}
{"method": "POST", "path": "/api/v1/projects/", "client_host": "testclient", "event": "request_started", "correlation_id": "988e91a4-c27a-47b6-bc0e-0c91b9abb903", "level": "info", "logger": "app.middleware.RequestLoggingMiddleware", "timestamp": "2026-08-17T12:59:51.937803Z"}
{"method": "POST", "path": "/api/v1/projects/", "status_code": 200, "duration": 0.0, "event": "request_finished", "correlation_id": "988e91a4-c27a-47b6-bc0e-0c91b9abb903", "level": "info", "logger": "app.middleware.RequestLoggingMiddleware", "timestamp": "2026-08-17T12:59:51.937803Z"}
{"event": "HTTP Request: POST http://testserver/api/v1/projects/ \"HTTP/1.1 200 OK\"", "level": "info", "logger": "httpx", "timestamp": "2026-08-17T12:59:51.937803Z"}
{"method": "POST", "path": "/api/v1/tasks/", "client_host": "testclient", "event": "request_started", "correlation_id": "3871d6e0-94c6-4e8a-ab17-91cc641ca5b8", "level": "info", "logger": "app.middleware.RequestLoggingMiddleware", "timestamp": "2026-08-17T12:59:51.937803Z"}
{"event": "Generating task assignment email with context: {'project_name': 'Task Project', 'workspace_name': 'Task Workspace', 'task_title': 'Read Task', 'assignee_name': 'admin@doit.com', 'email': 'admin@doit.com'}", "correlation_id": "3871d6e0-94c6-4e8a-ab17-91cc641ca5b8", "level": "info", "logger": "app.utils", "timestamp": "2026-08-17T12:59:51.953552Z"}
{"method": "POST", "path": "/api/v1/tasks/", "status_code": 200, "duration": 0.0157, "event": "request_finished", "correlation_id": "3871d6e0-94c6-4e8a-ab17-91cc641ca5b8", "level": "info", "logger": "app.middleware.RequestLoggingMiddleware", "timestamp": "2026-08-17T12:59:51.953552Z"}
{"event": "Preparing to send email to admin@doit.com", "correlation_id": "3871d6e0-94c6-4e8a-ab17-91cc641ca5b8", "level": "info", "logger": "app.utils", "timestamp": "2026-08-17T12:59:51.953552Z"}
{"event": "SMTP Config: Host=smtp-relay.brevo.com, Port=587, TLS=True, User=a085a7001@smtp-brevo.com", "correlation_id": "3871d6e0-94c6-4e8a-ab17-91cc641ca5b8", "level": "info", "logger": "app.utils", "timestamp": "2026-08-17T12:59:51.953552Z"}
{"event": "Connected to SMTP server", "correlation_id": "3871d6e0-94c6-4e8a-ab17-91cc641ca5b8", "level": "info", "logger": "app.utils", "timestamp": "2026-08-17T12:59:52.099201Z"}
{"event": "Starting TLS", "correlation_id": "3871d6e0-94c6-4e8a-ab17-91cc641ca5b8", "level": "info", "logger": "app.utils", "timestamp": "2026-08-17T12:59:52.165802Z"}
{"event": "Attempting login", "correlation_id": "3871d6e0-94c6-4e8a-ab17-91cc641ca5b8", "level": "info", "logger": "app.utils", "timestamp": "2026-08-17T12:59:52.577120Z"}
{"event": "Email sent successfully", "correlation_id": "3871d6e0-94c6-4e8a-ab17-91cc641ca5b8", "level": "info", "logger": "app.utils", "timestamp": "2026-08-17T12:59:53.595970Z"}
{"event": "HTTP Request: POST http://testserver/api/v1/tasks/ \"HTTP/1.1 200 OK\"", "level": "info", "logger": "httpx", "timestamp": "2026-08-17T12:59:53.707325Z"}
{"method": "GET", "path": "/api/v1/tasks/", "client_host": "testclient", "event": "request_started", "correlation_id": "1e88df14-5ba3-4b2b-bcce-ab69c6d4a533", "level": "info", "logger": "app.middleware.RequestLoggingMiddleware", "timestamp": "2026-08-17T12:59:53.710094Z"}
{"method": "GET", "path": "/api/v1/tasks/", "status_code": 200, "duration": 0.0111, "event": "request_finished", "correlation_id": "1e88df14-5ba3-4b2b-bcce-ab69c6d4a533", "level": "info", "logger": "app.middleware.RequestLoggingMiddleware", "timestamp": "2026-08-17T12:59:53.720395Z"}
{"event": "HTTP Request: GET http://testserver/api/v1/tasks/?project_id=485cc5f4-3dc5-4f8f-9fad-53ebc2792e4a \"HTTP/1.1 200 OK\"", "level": "info", "logger": "httpx", "timestamp": "2026-08-17T12:59:53.722633Z"}
{"method": "POST", "path": "/api/v1/login/access-token", "client_host": "testclient", "event": "request_started", "correlation_id": "d1c022c6-d7a6-4d41-a819-0772551c8995", "level": "info", "logger": "app.middleware.RequestLoggingMiddleware", "timestamp": "2026-08-17T12:59:53.731523Z"}
{"method": "POST", "path": "/api/v1/login/access-token", "status_code": 200, "duration": 0.367, "event": "request_finished", "correlation_id": "d1c022c6-d7a6-4d41-a819-0772551c8995", "level": "info", "logger": "app.middleware.RequestLoggingMiddleware", "timestamp": "2026-08-17T12:59:54.098505Z"}
{"event": "HTTP Request: POST http://testserver/api/v1/login/access-token \"HTTP/1.1 200 OK\"", "level": "info", "logger": "httpx", "timestamp": "2026-08-17T12:59:54.098505Z"}
{"method": "GET", "path": "/api/v1/users/me", "client_host": "testclient", "event": "request_started", "correlation_id": "ae7379bc-d8cf-4b0a-9947-f93b0e4d48da", "level": "info", "logger": "app.middleware.RequestLoggingMiddleware", "timestamp": "2026-08-17T12:59:54.098505Z"}
{"method": "GET", "path": "/api/v1/users/me", "status_code": 200, "duration": 0.0176, "event": "request_finished", "correlation_id": "ae7379bc-d8cf-4b0a-9947-f93b0e4d48da", "level": "info", "logger": "app.middleware.RequestLoggingMiddleware", "timestamp": "2026-08-17T12:59:54.116072Z"}
{"event": "HTTP Request: GET http://testserver/api/v1/users/me \"HTTP/1.1 200 OK\"", "level": "info", "logger": "httpx", "timestamp": "2026-08-17T12:59:54.116072Z"}
{"method": "POST", "path": "/api/v1/workspaces/", "client_host": "testclient", "event": "request_started", "correlation_id": "b63269dd-9238-4c1e-a6b9-f92bb89a5ec2", "level": "info", "logger": "app.middleware.RequestLoggingMiddleware", "timestamp": "2026-08-17T12:59:54.116072Z"}
{"method": "POST", "path": "/api/v1/workspaces/", "status_code": 200, "duration": 0.0042, "event": "request_finished", "correlation_id": "b63269dd-9238-4c1e-a6b9-f92bb89a5ec2", "level": "info", "logger": "app.middleware.RequestLoggingMiddleware", "timestamp": "2026-08-17T12:59:54.120291Z"}
{"event": "HTTP Request: POST http://testserver/api/v1/workspaces/ \"HTTP/1.1 200 OK\"", "level": "info", "logger": "httpx", "timestamp": "2026-08-17T12:59:54.120291Z"}
{"method": "POST", "path": "/api/v1/projects/", "client_host": "testclient", "event": "request_started", "correlation_id": "9c21c341-a800-44ad-a95a-966167f2502e", "level": "info", "logger": "app.middleware.RequestLoggingMiddleware", "timestamp": "2026-08-17T12:59:54.120291Z"}
{"method": "POST", "path": "/api/v1/projects/", "status_code": 200, "duration": 0.0101, "event": "request_finished", "correlation_id": "9c21c341-a800-44ad-a95a-966167f2502e", "level": "info", "logger": "app.middleware.RequestLoggingMiddleware", "timestamp": "2026-08-17T12:59:54.130416Z"}
{"event": "HTTP Request: POST http://testserver/api/v1/projects/ \"HTTP/1.1 200 OK\"", "level": "info", "logger": "httpx", "timestamp": "2026-08-17T12:59:54.130416Z"}
{"method": "POST", "path": "/api/v1/tasks/", "client_host": "testclient", "event": "request_started", "correlation_id": "3b7f5033-147d-452f-9331-09aea7f9da19", "level": "info", "logger": "app.middleware.RequestLoggingMiddleware", "timestamp": "2026-08-17T12:59:54.130416Z"}
{"event": "Generating task assignment email with context: {'project_name': 'Task Project', 'workspace_name': 'Task Workspace', 'task_title': 'Status Task', 'assignee_name': 'admin@doit.com', 'email': 'admin@doit.com'}", "correlation_id": "3b7f5033-147d-452f-9331-09aea7f9da19", "level": "info", "logger": "app.utils", "timestamp": "2026-08-17T12:59:54.130416Z"}
{"method": "POST", "path": "/api/v1/tasks/", "status_code": 200, "duration": 0.0, "event": "request_finished", "correlation_id": "3b7f5033-147d-452f-9331-09aea7f9da19", "level": "info", "logger": "app.middleware.RequestLoggingMiddleware", "timestamp": "2026-08-17T12:59:54.130416Z"}
{"event": "Preparing to send email to admin@doit.com", "correlation_id": "3b7f5033-147d-452f-9331-09aea7f9da19", "level": "info", "logger": "app.utils", "timestamp": "2026-08-17T12:59:54.144681Z"}
{"event": "SMTP Config: Host=smtp-relay.brevo.com, Port=587, TLS=True, User=a085a7001@smtp-brevo.com", "correlation_id": "3b7f5033-147d-452f-9331-09aea7f9da19", "level": "info", "logger": "app.utils", "timestamp": "2026-08-17T12:59:54.144681Z"}
{"event": "Connected to SMTP server", "correlation_id": "3b7f5033-147d-452f-9331-09aea7f9da19", "level": "info", "logger": "app.utils", "timestamp": "2026-08-17T12:59:54.305935Z"}
{"event": "Starting TLS", "correlation_id": "3b7f5033-147d-452f-9331-09aea7f9da19", "level": "info", "logger": "app.utils", "timestamp": "2026-08-17T12:59:54.416702Z"}
{"event": "Attempting login", "correlation_id": "3b7f5033-147d-452f-9331-09aea7f9da19", "level": "info", "logger": "app.utils", "timestamp": "2026-08-17T12:59:54.936840Z"}
{"event": "Email sent successfully", "correlation_id": "3b7f5033-147d-452f-9331-09aea7f9da19", "level": "info", "logger": "app.utils", "timestamp": "2026-08-17T12:59:56.056323Z"}
{"event": "HTTP Request: POST http://testserver/api/v1/tasks/ \"HTTP/1.1 200 OK\"", "level": "info", "logger": "httpx", "timestamp": "2026-08-17T12:59:56.166548Z"}
{"method": "PUT", "path": "/api/v1/tasks/a8025dd1-11f7-46ff-a5b4-c03d304e0e89", "client_host": "testclient", "event": "request_started", "correlation_id": "530cc07e-1d31-4ff4-98a8-403275ea7b38", "level": "info", "logger": "app.middleware.RequestLoggingMiddleware", "timestamp": "2026-08-17T12:59:56.168954Z"}
{"method": "PUT", "path": "/api/v1/tasks/a8025dd1-11f7-46ff-a5b4-c03d304e0e89", "status_code": 200, "duration": 0.0076, "event": "request_finished", "correlation_id": "530cc07e-1d31-4ff4-98a8-403275ea7b38", "level": "info", "logger": "app.middleware.RequestLoggingMiddleware", "timestamp": "2026-08-17T12:59:56.176515Z"}
{"event": "HTTP Request: PUT http://testserver/api/v1/tasks/a8025dd1-11f7-46ff-a5b4-c03d304e0e89 \"HTTP/1.1 200 OK\"", "level": "info", "logger": "httpx", "timestamp": "2026-08-17T12:59:56.181319Z"}
{"method": "POST", "path": "/api/v1/login/access-token", "client_host": "testclient", "event": "request_started", "correlation_id": "5c137480-ea3c-4d6e-9572-8d52ae50d1de", "level": "info", "logger": "app.middleware.RequestLoggingMiddleware", "timestamp": "2026-08-17T12:59:56.193214Z"}
{"method": "POST", "path": "/api/v1/login/access-token", "status_code": 200, "duration": 0.4095, "event": "request_finished", "correlation_id": "5c137480-ea3c-4d6e-9572-8d52ae50d1de", "level": "info", "logger": "app.middleware.RequestLoggingMiddleware", "timestamp": "2026-08-17T12:59:56.602721Z"}
{"event": "HTTP Request: POST http://testserver/api/v1/login/access-token \"HTTP/1.1 200 OK\"", "level": "info", "logger": "httpx", "timestamp": "2026-08-17T12:59:56.603739Z"}
{"method": "GET", "path": "/api/v1/users/me", "client_host": "testclient", "event": "request_started", "correlation_id": "89c6de35-abf6-4288-b935-5db8a6ebc7b1", "level": "info", "logger": "app.middleware.RequestLoggingMiddleware", "timestamp": "2026-08-17T12:59:56.603739Z"}
{"method": "GET", "path": "/api/v1/users/me", "status_code": 200, "duration": 0.0, "event": "request_finished", "correlation_id": "89c6de35-abf6-4288-b935-5db8a6ebc7b1", "level": "info", "logger": "app.middleware.RequestLoggingMiddleware", "timestamp": "2026-08-17T12:59:56.603739Z"}
{"event": "HTTP Request: GET http://testserver/api/v1/users/me \"HTTP/1.1 200 OK\"", "level": "info", "logger": "httpx", "timestamp": "2026-08-17T12:59:56.603739Z"}
{"method": "POST", "path": "/api/v1/workspaces/", "client_host": "testclient", "event": "request_started", "correlation_id": "0b9ae819-c5d3-4d3f-bde0-3b43580a8b57", "level": "info", "logger": "app.middleware.RequestLoggingMiddleware", "timestamp": "2026-08-17T12:59:56.603739Z"}
{"method": "POST", "path": "/api/v1/workspaces/", "status_code": 200, "duration": 0.0, "event": "request_finished", "correlation_id": "0b9ae819-c5d3-4d3f-bde0-3b43580a8b57", "level": "info", "logger": "app.middleware.RequestLoggingMiddleware", "timestamp": "2026-08-17T12:59:56.603739Z"}
{"event": "HTTP Request: POST http://testserver/api/v1/workspaces/ \"HTTP/1.1 200 OK\"", "level": "info", "logger": "httpx", "timestamp": "2026-08-17T12:59:56.603739Z"}
{"method": "POST", "path": "/api/v1/projects/", "client_host": "testclient", "event": "request_started", "correlation_id": "7811b87e-1bff-48ff-8f8d-9c7bccf4641a", "level": "info", "logger": "app.middleware.RequestLoggingMiddleware", "timestamp": "2026-08-17T12:59:56.619660Z"}
{"method": "POST", "path": "/api/v1/projects/", "status_code": 200, "duration": 0.0, "event": "request_finished", "correlation_id": "7811b87e-1bff-48ff-8f8d-9c7bccf4641a", "level": "info", "logger": "app.middleware.RequestLoggingMiddleware", "timestamp": "2026-08-17T12:59:56.619660Z"}
{"event": "HTTP Request: POST http://testserver/api/v1/projects/ \"HTTP/1.1 200 OK\"", "level": "info", "logger": "httpx", "timestamp": "2026-08-17T12:59:56.619660Z"}
{"method": "POST", "path": "/api/v1/tasks/", "client_host": "testclient", "event": "request_started", "correlation_id": "6915daff-e63d-4174-b4d9-48a0020c3980", "level": "info", "logger": "app.middleware.RequestLoggingMiddleware", "timestamp": "2026-08-17T12:59:56.619660Z"}
{"event": "Generating task assignment email with context: {'project_name': 'Task Project', 'workspace_name': 'Task Workspace', 'task_title': 'Delete Task', 'assignee_name': 'admin@doit.com', 'email': 'admin@doit.com'}", "correlation_id": "6915daff-e63d-4174-b4d9-48a0020c3980", "level": "info", "logger": "app.utils", "timestamp": "2026-08-17T12:59:56.635701Z"}
{"method": "POST", "path": "/api/v1/tasks/", "status_code": 200, "duration": 0.0233, "event": "request_finished", "correlation_id": "6915daff-e63d-4174-b4d9-48a0020c3980", "level": "info", "logger": "app.middleware.RequestLoggingMiddleware", "timestamp": "2026-08-17T12:59:56.642966Z"}
{"event": "Preparing to send email to admin@doit.com", "correlation_id": "6915daff-e63d-4174-b4d9-48a0020c3980", "level": "info", "logger": "app.utils", "timestamp": "2026-08-17T12:59:56.642966Z"}
{"event": "SMTP Config: Host=smtp-relay.brevo.com, Port=587, TLS=True, User=a085a7001@smtp-brevo.com", "correlation_id": "6915daff-e63d-4174-b4d9-48a0020c3980", "level": "info", "logger": "app.utils", "timestamp": "2026-08-17T12:59:56.642966Z"}
{"event": "Connected to SMTP server", "correlation_id": "6915daff-e63d-4174-b4d9-48a0020c3980", "level": "info", "logger": "app.utils", "timestamp": "2026-08-17T12:59:56.883296Z"}
{"event": "Starting TLS", "correlation_id": "6915daff-e63d-4174-b4d9-48a0020c3980", "level": "info", "logger": "app.utils", "timestamp": "2026-08-17T12:59:56.965337Z"}
{"event": "Attempting login", "correlation_id": "6915daff-e63d-4174-b4d9-48a0020c3980", "level": "info", "logger": "app.utils", "timestamp": "2026-08-17T12:59:57.386126Z"}
{"event": "Email sent successfully", "correlation_id": "6915daff-e63d-4174-b4d9-48a0020c3980", "level": "info", "logger": "app.utils", "timestamp": "2026-08-17T12:59:58.426127Z"}
{"event": "HTTP Request: POST http://testserver/api/v1/tasks/ \"HTTP/1.1 200 OK\"", "level": "info", "logger": "httpx", "timestamp": "2026-08-17T12:59:58.526019Z"}
{"method": "DELETE", "path": "/api/v1/tasks/7b3b5806-c9e3-4d01-8bb4-e4e7f294f273", "client_host": "testclient", "event": "request_started", "correlation_id": "f7d5a45b-8f70-4264-adda-b5086d478e19", "level": "info", "logger": "app.middleware.RequestLoggingMiddleware", "timestamp": "2026-08-17T12:59:58.526019Z"}
{"method": "DELETE", "path": "/api/v1/tasks/7b3b5806-c9e3-4d01-8bb4-e4e7f294f273", "status_code": 200, "duration": 0.0146, "event": "request_finished", "correlation_id": "f7d5a45b-8f70-4264-adda-b5086d478e19", "level": "info", "logger": "app.middleware.RequestLoggingMiddleware", "timestamp": "2026-08-17T12:59:58.540578Z"}
{"event": "HTTP Request: DELETE http://testserver/api/v1/tasks/7b3b5806-c9e3-4d01-8bb4-e4e7f294f273 \"HTTP/1.1 200 OK\"", "level": "info", "logger": "httpx", "timestamp": "2026-08-17T12:59:58.546218Z"}
{"method": "GET", "path": "/api/v1/tasks/7b3b5806-c9e3-4d01-8bb4-e4e7f294f273", "client_host": "testclient", "event": "request_started", "correlation_id": "374597ee-9c73-4654-8d0c-d287c90a33ef", "level": "info", "logger": "app.middleware.RequestLoggingMiddleware", "timestamp": "2026-08-17T12:59:58.546218Z"}
{"method": "GET", "path": "/api/v1/tasks/7b3b5806-c9e3-4d01-8bb4-e4e7f294f273", "status_code": 404, "duration": 0.004, "event": "request_finished", "correlation_id": "374597ee-9c73-4654-8d0c-d287c90a33ef", "level": "info", "logger": "app.middleware.RequestLoggingMiddleware", "timestamp": "2026-08-17T12:59:58.550251Z"}
{"event": "HTTP Request: GET http://testserver/api/v1/tasks/7b3b5806-c9e3-4d01-8bb4-e4e7f294f273 \"HTTP/1.1 404 Not Found\"", "level": "info", "logger": "httpx", "timestamp": "2026-08-17T12:59:58.550251Z"}
{"method": "POST", "path": "/api/v1/login/access-token", "client_host": "testclient", "event": "request_started", "correlation_id": "7182b640-100b-44bf-a9e4-75ce68fa4ca1", "level": "info", "logger": "app.middleware.RequestLoggingMiddleware", "timestamp": "2026-08-17T12:59:58.565414Z"}
{"method": "POST", "path": "/api/v1/login/access-token", "status_code": 200, "duration": 0.3867, "event": "request_finished", "correlation_id": "7182b640-100b-44bf-a9e4-75ce68fa4ca1", "level": "info", "logger": "app.middleware.RequestLoggingMiddleware", "timestamp": "2026-08-17T12:59:58.952091Z"}
{"event": "HTTP Request: POST http://testserver/api/v1/login/access-token \"HTTP/1.1 200 OK\"", "level": "info", "logger": "httpx", "timestamp": "2026-08-17T12:59:58.952091Z"}
{"method": "GET", "path": "/api/v1/users/me", "client_host": "testclient", "event": "request_started", "correlation_id": "a3bc2478-5d77-4bf6-8ef1-2f70c972fc24", "level": "info", "logger": "app.middleware.RequestLoggingMiddleware", "timestamp": "2026-08-17T12:59:58.952091Z"}
{"method": "GET", "path": "/api/v1/users/me", "status_code": 200, "duration": 0.0055, "event": "request_finished", "correlation_id": "a3bc2478-5d77-4bf6-8ef1-2f70c972fc24", "level": "info", "logger": "app.middleware.RequestLoggingMiddleware", "timestamp": "2026-08-17T12:59:58.957609Z"}
{"event": "HTTP Request: GET http://testserver/api/v1/users/me \"HTTP/1.1 200 OK\"", "level": "info", "logger": "httpx", "timestamp": "2026-08-17T12:59:58.959623Z"}
{"method": "POST", "path": "/api/v1/login/access-token", "client_host": "testclient", "event": "request_started", "correlation_id": "bd9b1c6e-8e71-4bdf-b786-2187640d4692", "level": "info", "logger": "app.middleware.RequestLoggingMiddleware", "timestamp": "2026-08-17T12:59:59.339616Z"}
{"method": "POST", "path": "/api/v1/login/access-token", "status_code": 200, "duration": 0.3837, "event": "request_finished", "correlation_id": "bd9b1c6e-8e71-4bdf-b786-2187640d4692", "level": "info", "logger": "app.middleware.RequestLoggingMiddleware", "timestamp": "2026-08-17T12:59:59.723323Z"}
{"event": "HTTP Request: POST http://testserver/api/v1/login/access-token \"HTTP/1.1 200 OK\"", "level": "info", "logger": "httpx", "timestamp": "2026-08-17T12:59:59.723323Z"}
{"method": "GET", "path": "/api/v1/users/me", "client_host": "testclient", "event": "request_started", "correlation_id": "bf6919df-ef37-4863-a38a-22c77050865a", "level": "info", "logger": "app.middleware.RequestLoggingMiddleware", "timestamp": "2026-08-17T12:59:59.723323Z"}
{"method": "GET", "path": "/api/v1/users/me", "status_code": 200, "duration": 0.004, "event": "request_finished", "correlation_id": "bf6919df-ef37-4863-a38a-22c77050865a", "level": "info", "logger": "app.middleware.RequestLoggingMiddleware", "timestamp": "2026-08-17T12:59:59.727277Z"}
{"event": "HTTP Request: GET http://testserver/api/v1/users/me \"HTTP/1.1 200 OK\"", "level": "info", "logger": "httpx", "timestamp": "2026-08-17T12:59:59.727277Z"}
{"method": "POST", "path": "/api/v1/login/access-token", "client_host": "testclient", "event": "request_started", "correlation_id": "d39828c1-6adf-487d-a551-f0fa00adb7c7", "level": "info", "logger": "app.middleware.RequestLoggingMiddleware", "timestamp": "2026-08-17T12:59:59.769159Z"}
{"method": "POST", "path": "/api/v1/login/access-token", "status_code": 200, "duration": 0.3824, "event": "request_finished", "correlation_id": "d39828c1-6adf-487d-a551-f0fa00adb7c7", "level": "info", "logger": "app.middleware.RequestLoggingMiddleware", "timestamp": "2026-08-17T13:00:00.151565Z"}
{"event": "HTTP Request: POST http://testserver/api/v1/login/access-token \"HTTP/1.1 200 OK\"", "level": "info", "logger": "httpx", "timestamp": "2026-08-17T13:00:00.151565Z"}
{"method": "POST", "path": "/api/v1/users/", "client_host": "testclient", "event": "request_started", "correlation_id": "25776250-641b-4c63-80b5-6768eef419fd", "level": "info", "logger": "app.middleware.RequestLoggingMiddleware", "timestamp": "2026-08-17T13:00:00.156934Z"}
{"event": "Preparing to send email to jidjyywobvhkykljwwwftzwckqgqfffa@rziefnejgdcqwzqkqqkkrsuzesgbqjpi.com", "correlation_id": "25776250-641b-4c63-80b5-6768eef419fd", "level": "info", "logger": "app.utils", "timestamp": "2026-08-17T13:00:00.494570Z"}
{"event": "SMTP Config: Host=smtp.example.com, Port=587, TLS=True, User=admin@example.com", "correlation_id": "25776250-641b-4c63-80b5-6768eef419fd", "level": "info", "logger": "app.utils", "timestamp": "2026-08-17T13:00:00.494570Z"}
{"event": "Failed to send email: [Errno 11001] getaddrinfo failed", "correlation_id": "25776250-641b-4c63-80b5-6768eef419fd", "level": "error", "logger": "app.utils", "timestamp": "2026-08-17T13:00:00.570724Z"}
{"event": "Traceback (most recent call last):\n  File \"C:\\Users\\kiran\\Desktop\\doit-prod\\backend\\app\\utils.py\", line 74, in send_email\n    with smtplib.SMTP(settings.SMTP_HOST, settings.SMTP_PORT) as server:\n         ^^^^^^^^^^^^^^^^^^^^^^^^^^^^^^^^^^^^^^^^^^^^^^^^^^^^\n  File \"C:\\Users\\kiran\\AppData\\Roaming\\uv\\python\\cpython-3.12.12-windows-x86_64-none\\Lib\\smtplib.py\", line 255, in __init__\n    (code, msg) = self.connect(host, port)\n                  ^^^^^^^^^^^^^^^^^^^^^^^^\n  File \"C:\\Users\\kiran\\AppData\\Roaming\\uv\\python\\cpython-3.12.12-windows-x86_64-none\\Lib\\smtplib.py\", line 341, in connect\n    self.sock = self._get_socket(host, port, self.timeout)\n                ^^^^^^^^^^^^^^^^^^^^^^^^^^^^^^^^^^^^^^^^^^\n  File \"C:\\Users\\kiran\\AppData\\Roaming\\uv\\python\\cpython-3.12.12-windows-x86_64-none\\Lib\\smtplib.py\", line 312, in _get_socket\n    return socket.create_connection((host, port), timeout,\n           ^^^^^^^^^^^^^^^^^^^^^^^^^^^^^^^^^^^^^^^^^^^^^^^\n  File \"C:\\Users\\kiran\\AppData\\Roaming\\uv\\python\\cpython-3.12.12-windows-x86_64-none\\Lib\\socket.py\", line 841, in create_connection\n    for res in getaddrinfo(host, port, 0, SOCK_STREAM):\n               ^^^^^^^^^^^^^^^^^^^^^^^^^^^^^^^^^^^^^^^\n  File \"C:\\Users\\kiran\\AppData\\Roaming\\uv\\python\\cpython-3.12.12-windows-x86_64-none\\Lib\\socket.py\", line 978, in getaddrinfo\n    for res in _socket.getaddrinfo(host, port, family, type, proto, flags):\n               ^^^^^^^^^^^^^^^^^^^^^^^^^^^^^^^^^^^^^^^^^^^^^^^^^^^^^^^^^^^\nsocket.gaierror: [Errno 11001] getaddrinfo failed\n", "correlation_id": "25776250-641b-4c63-80b5-6768eef419fd", "level": "error", "logger": "app.utils", "timestamp": "2026-08-17T13:00:00.570724Z"}
{"method": "POST", "path": "/api/v1/users/", "status_code": 200, "duration": 0.4174, "event": "request_finished", "correlation_id": "25776250-641b-4c63-80b5-6768eef419fd", "level": "info", "logger": "app.middleware.RequestLoggingMiddleware", "timestamp": "2026-08-17T13:00:00.574362Z"}
{"event": "HTTP Request: POST http://testserver/api/v1/users/ \"HTTP/1.1 200 OK\"", "level": "info", "logger": "httpx", "timestamp": "2026-08-17T13:00:00.574362Z"}
{"method": "POST", "path": "/api/v1/login/access-token", "client_host": "testclient", "event": "request_started", "correlation_id": "2c660dcc-b2cc-4b7c-818b-51d49014d9fe", "level": "info", "logger": "app.middleware.RequestLoggingMiddleware", "timestamp": "2026-08-17T13:00:00.581231Z"}
{"method": "POST", "path": "/api/v1/login/access-token", "status_code": 200, "duration": 0.2285, "event": "request_finished", "correlation_id": "2c660dcc-b2cc-4b7c-818b-51d49014d9fe", "level": "info", "logger": "app.middleware.RequestLoggingMiddleware", "timestamp": "2026-08-17T13:00:00.809713Z"}
{"event": "HTTP Request: POST http://testserver/api/v1/login/access-token \"HTTP/1.1 200 OK\"", "level": "info", "logger": "httpx", "timestamp": "2026-08-17T13:00:00.811330Z"}
{"method": "GET", "path": "/api/v1/users/df7ee721-349b-4bf8-9f07-60eaf3d4f416", "client_host": "testclient", "event": "request_started", "correlation_id": "27a2d7c0-e48f-44ba-acf8-991b835e2cc4", "level": "info", "logger": "app.middleware.RequestLoggingMiddleware", "timestamp": "2026-08-17T13:00:01.106120Z"}
{"method": "GET", "path": "/api/v1/users/df7ee721-349b-4bf8-9f07-60eaf3d4f416", "status_code": 200, "duration": 0.005, "event": "request_finished", "correlation_id": "27a2d7c0-e48f-44ba-acf8-991b835e2cc4", "level": "info", "logger": "app.middleware.RequestLoggingMiddleware", "timestamp": "2026-08-17T13:00:01.111095Z"}
{"event": "HTTP Request: GET http://testserver/api/v1/users/df7ee721-349b-4bf8-9f07-60eaf3d4f416 \"HTTP/1.1 200 OK\"", "level": "info", "logger": "httpx", "timestamp": "2026-08-17T13:00:01.111095Z"}
{"method": "POST", "path": "/api/v1/login/access-token", "client_host": "testclient", "event": "request_started", "correlation_id": "27706c9e-e54b-4147-8827-f3ed7dfeb1e8", "level": "info", "logger": "app.middleware.RequestLoggingMiddleware", "timestamp": "2026-08-17T13:00:01.500616Z"}
{"method": "POST", "path": "/api/v1/login/access-token", "status_code": 200, "duration": 0.3791, "event": "request_finished", "correlation_id": "27706c9e-e54b-4147-8827-f3ed7dfeb1e8", "level": "info", "logger": "app.middleware.RequestLoggingMiddleware", "timestamp": "2026-08-17T13:00:01.879707Z"}
{"event": "HTTP Request: POST http://testserver/api/v1/login/access-token \"HTTP/1.1 200 OK\"", "level": "info", "logger": "httpx", "timestamp": "2026-08-17T13:00:01.879707Z"}
{"method": "GET", "path": "/api/v1/users/977dcf48-c5ea-4a37-8c9f-32ae8572cb27", "client_host": "testclient", "event": "request_started", "correlation_id": "3940ef26-6e7e-4af8-ac1c-82bda7bf37b9", "level": "info", "logger": "app.middleware.RequestLoggingMiddleware", "timestamp": "2026-08-17T13:00:01.882121Z"}
{"method": "GET", "path": "/api/v1/users/977dcf48-c5ea-4a37-8c9f-32ae8572cb27", "status_code": 200, "duration": 0.0021, "event": "request_finished", "correlation_id": "3940ef26-6e7e-4af8-ac1c-82bda7bf37b9", "level": "info", "logger": "app.middleware.RequestLoggingMiddleware", "timestamp": "2026-08-17T13:00:01.884192Z"}
{"event": "HTTP Request: GET http://testserver/api/v1/users/977dcf48-c5ea-4a37-8c9f-32ae8572cb27 \"HTTP/1.1 200 OK\"", "level": "info", "logger": "httpx", "timestamp": "2026-08-17T13:00:01.884192Z"}
{"method": "POST", "path": "/api/v1/login/access-token", "client_host": "testclient", "event": "request_started", "correlation_id": "32b8f403-fc8e-47b9-8fbb-a014ef02514e", "level": "info", "logger": "app.middleware.RequestLoggingMiddleware", "timestamp": "2026-08-17T13:00:02.286401Z"}
{"method": "POST", "path": "/api/v1/login/access-token", "status_code": 200, "duration": 0.3869, "event": "request_finished", "correlation_id": "32b8f403-fc8e-47b9-8fbb-a014ef02514e", "level": "info", "logger": "app.middleware.RequestLoggingMiddleware", "timestamp": "2026-08-17T13:00:02.671253Z"}
{"event": "HTTP Request: POST http://testserver/api/v1/login/access-token \"HTTP/1.1 200 OK\"", "level": "info", "logger": "httpx", "timestamp": "2026-08-17T13:00:02.674186Z"}
{"method": "GET", "path": "/api/v1/users/25e6e3b3-114a-4b69-b6fa-c4f3588e7ca3", "client_host": "testclient", "event": "request_started", "correlation_id": "7ad6faec-7366-4f19-b471-a654490ec8c7", "level": "info", "logger": "app.middleware.RequestLoggingMiddleware", "timestamp": "2026-08-17T13:00:02.674186Z"}
{"method": "GET", "path": "/api/v1/users/25e6e3b3-114a-4b69-b6fa-c4f3588e7ca3", "status_code": 403, "duration": 0.0, "event": "request_finished", "correlation_id": "7ad6faec-7366-4f19-b471-a654490ec8c7", "level": "info", "logger": "app.middleware.RequestLoggingMiddleware", "timestamp": "2026-08-17T13:00:02.674186Z"}
{"event": "HTTP Request: GET http://testserver/api/v1/users/25e6e3b3-114a-4b69-b6fa-c4f3588e7ca3 \"HTTP/1.1 403 Forbidden\"", "level": "info", "logger": "httpx", "timestamp": "2026-08-17T13:00:02.679441Z"}
{"method": "POST", "path": "/api/v1/login/access-token", "client_host": "testclient", "event": "request_started", "correlation_id": "11909ca7-ced4-4e05-81ba-2907663b280d", "level": "info", "logger": "app.middleware.RequestLoggingMiddleware", "timestamp": "2026-08-17T13:00:02.689084Z"}
{"method": "POST", "path": "/api/v1/login/access-token", "status_code": 200, "duration": 0.3761, "event": "request_finished", "correlation_id": "11909ca7-ced4-4e05-81ba-2907663b280d", "level": "info", "logger": "app.middleware.RequestLoggingMiddleware", "timestamp": "2026-08-17T13:00:03.065223Z"}
{"event": "HTTP Request: POST http://testserver/api/v1/login/access-token \"HTTP/1.1 200 OK\"", "level": "info", "logger": "httpx", "timestamp": "2026-08-17T13:00:03.065223Z"}
{"method": "POST", "path": "/api/v1/users/", "client_host": "testclient", "event": "request_started", "correlation_id": "928c3313-d472-4abd-83de-e1b7b62f12d0", "level": "info", "logger": "app.middleware.RequestLoggingMiddleware", "timestamp": "2026-08-17T13:00:03.459449Z"}
{"method": "POST", "path": "/api/v1/users/", "status_code": 400, "duration": 0.0049, "event": "request_finished", "correlation_id": "928c3313-d472-4abd-83de-e1b7b62f12d0", "level": "info", "logger": "app.middleware.RequestLoggingMiddleware", "timestamp": "2026-08-17T13:00:03.464317Z"}
{"event": "HTTP Request: POST http://testserver/api/v1/users/ \"HTTP/1.1 400 Bad Request\"", "level": "info", "logger": "httpx", "timestamp": "2026-08-17T13:00:03.464317Z"}
{"method": "POST", "path": "/api/v1/login/access-token", "client_host": "testclient", "event": "request_started", "correlation_id": "610ed6be-995f-45d8-b352-7db8edf0ed7f", "level": "info", "logger": "app.middleware.RequestLoggingMiddleware", "timestamp": "2026-08-17T13:00:03.865754Z"}
{"method": "POST", "path": "/api/v1/login/access-token", "status_code": 200, "duration": 0.383, "event": "request_finished", "correlation_id": "610ed6be-995f-45d8-b352-7db8edf0ed7f", "level": "info", "logger": "app.middleware.RequestLoggingMiddleware", "timestamp": "2026-08-17T13:00:04.248201Z"}
{"event": "HTTP Request: POST http://testserver/api/v1/login/access-token \"HTTP/1.1 200 OK\"", "level": "info", "logger": "httpx", "timestamp": "2026-08-17T13:00:04.248201Z"}
{"method": "POST", "path": "/api/v1/users/", "client_host": "testclient", "event": "request_started", "correlation_id": "6a3b44b5-dead-4f9b-ab21-efe097a29868", "level": "info", "logger": "app.middleware.RequestLoggingMiddleware", "timestamp": "2026-08-17T13:00:04.248201Z"}
{"method": "POST", "path": "/api/v1/users/", "status_code": 403, "duration": 0.0, "event": "request_finished", "correlation_id": "6a3b44b5-dead-4f9b-ab21-efe097a29868", "level": "info", "logger": "app.middleware.RequestLoggingMiddleware", "timestamp": "2026-08-17T13:00:04.248201Z"}
{"event": "HTTP Request: POST http://testserver/api/v1/users/ \"HTTP/1.1 403 Forbidden\"", "level": "info", "logger": "httpx", "timestamp": "2026-08-17T13:00:04.248201Z"}
{"method": "POST", "path": "/api/v1/login/access-token", "client_host": "testclient", "event": "request_started", "correlation_id": "8a50c924-98ea-4bd2-b47f-9b6b0f2f9627", "level": "info", "logger": "app.middleware.RequestLoggingMiddleware", "timestamp": "2026-08-17T13:00:04.263026Z"}
{"method": "POST", "path": "/api/v1/login/access-token", "status_code": 200, "duration": 0.3971, "event": "request_finished", "correlation_id": "8a50c924-98ea-4bd2-b47f-9b6b0f2f9627", "level": "info", "logger": "app.middleware.RequestLoggingMiddleware", "timestamp": "2026-08-17T13:00:04.660107Z"}
{"event": "HTTP Request: POST http://testserver/api/v1/login/access-token \"HTTP/1.1 200 OK\"", "level": "info", "logger": "httpx", "timestamp": "2026-08-17T13:00:04.660107Z"}
{"method": "GET", "path": "/api/v1/users/", "client_host": "testclient", "event": "request_started", "correlation_id": "da5bbfc7-1704-4aa7-9fc6-7e5c58aae17d", "level": "info", "logger": "app.middleware.RequestLoggingMiddleware", "timestamp": "2026-08-17T13:00:05.414212Z"}
{"method": "GET", "path": "/api/v1/users/", "status_code": 200, "duration": 0.0021, "event": "request_finished", "correlation_id": "da5bbfc7-1704-4aa7-9fc6-7e5c58aae17d", "level": "info", "logger": "app.middleware.RequestLoggingMiddleware", "timestamp": "2026-08-17T13:00:05.416280Z"}
{"event": "HTTP Request: GET http://testserver/api/v1/users/ \"HTTP/1.1 200 OK\"", "level": "info", "logger": "httpx", "timestamp": "2026-08-17T13:00:05.416280Z"}
{"method": "POST", "path": "/api/v1/login/access-token", "client_host": "testclient", "event": "request_started", "correlation_id": "788d9c26-de7c-4f5d-8842-d5bc30c0c1bf", "level": "info", "logger": "app.middleware.RequestLoggingMiddleware", "timestamp": "2026-08-17T13:00:05.797066Z"}
{"method": "POST", "path": "/api/v1/login/access-token", "status_code": 200, "duration": 0.3754, "event": "request_finished", "correlation_id": "788d9c26-de7c-4f5d-8842-d5bc30c0c1bf", "level": "info", "logger": "app.middleware.RequestLoggingMiddleware", "timestamp": "2026-08-17T13:00:06.180505Z"}
{"event": "HTTP Request: POST http://testserver/api/v1/login/access-token \"HTTP/1.1 200 OK\"", "level": "info", "logger": "httpx", "timestamp": "2026-08-17T13:00:06.181201Z"}
{"method": "PATCH", "path": "/api/v1/users/me", "client_host": "testclient", "event": "request_started", "correlation_id": "22c368e7-a0f5-4966-9773-594367863017", "level": "info", "logger": "app.middleware.RequestLoggingMiddleware", "timestamp": "2026-08-17T13:00:06.181201Z"}
{"method": "PATCH", "path": "/api/v1/users/me", "status_code": 200, "duration": 0.0099, "event": "request_finished", "correlation_id": "22c368e7-a0f5-4966-9773-594367863017", "level": "info", "logger": "app.middleware.RequestLoggingMiddleware", "timestamp": "2026-08-17T13:00:06.191132Z"}
{"event": "HTTP Request: PATCH http://testserver/api/v1/users/me \"HTTP/1.1 200 OK\"", "level": "info", "logger": "httpx", "timestamp": "2026-08-17T13:00:06.191132Z"}
{"method": "POST", "path": "/api/v1/login/access-token", "client_host": "testclient", "event": "request_started", "correlation_id": "b6ff9ada-5680-4897-8603-7e48ada0fb26", "level": "info", "logger": "app.middleware.RequestLoggingMiddleware", "timestamp": "2026-08-17T13:00:06.200783Z"}
{"method": "POST", "path": "/api/v1/login/access-token", "status_code": 200, "duration": 0.3629, "event": "request_finished", "correlation_id": "b6ff9ada-5680-4897-8603-7e48ada0fb26", "level": "info", "logger": "app.middleware.RequestLoggingMiddleware", "timestamp": "2026-08-17T13:00:06.563681Z"}
{"event": "HTTP Request: POST http://testserver/api/v1/login/access-token \"HTTP/1.1 200 OK\"", "level": "info", "logger": "httpx", "timestamp": "2026-08-17T13:00:06.563681Z"}
{"method": "PATCH", "path": "/api/v1/users/me/password", "client_host": "testclient", "event": "request_started", "correlation_id": "1dd7eb2c-3486-439b-8404-92c2296d238a", "level": "info", "logger": "app.middleware.RequestLoggingMiddleware", "timestamp": "2026-08-17T13:00:06.563681Z"}
{"method": "PATCH", "path": "/api/v1/users/me/password", "status_code": 200, "duration": 0.7641, "event": "request_finished", "correlation_id": "1dd7eb2c-3486-439b-8404-92c2296d238a", "level": "info", "logger": "app.middleware.RequestLoggingMiddleware", "timestamp": "2026-08-17T13:00:07.327747Z"}
{"event": "HTTP Request: PATCH http://testserver/api/v1/users/me/password \"HTTP/1.1 200 OK\"", "level": "info", "logger": "httpx", "timestamp": "2026-08-17T13:00:07.327747Z"}
{"method": "PATCH", "path": "/api/v1/users/me/password", "client_host": "testclient", "event": "request_started", "correlation_id": "3487d53f-a71c-480d-b015-7c42b7b41f19", "level": "info", "logger": "app.middleware.RequestLoggingMiddleware", "timestamp": "2026-08-17T13:00:07.692986Z"}
{"method": "PATCH", "path": "/api/v1/users/me/password", "status_code": 200, "duration": 0.729, "event": "request_finished", "correlation_id": "3487d53f-a71c-480d-b015-7c42b7b41f19", "level": "info", "logger": "app.middleware.RequestLoggingMiddleware", "timestamp": "2026-08-17T13:00:08.421938Z"}
{"event": "HTTP Request: PATCH http://testserver/api/v1/users/me/password \"HTTP/1.1 200 OK\"", "level": "info", "logger": "httpx", "timestamp": "2026-08-17T13:00:08.421938Z"}
{"method": "POST", "path": "/api/v1/login/access-token", "client_host": "testclient", "event": "request_started", "correlation_id": "52dc17aa-424f-4dad-8839-3ef1a5445e45", "level": "info", "logger": "app.middleware.RequestLoggingMiddleware", "timestamp": "2026-08-17T13:00:08.820702Z"}
{"method": "POST", "path": "/api/v1/login/access-token", "status_code": 200, "duration": 0.3748, "event": "request_finished", "correlation_id": "52dc17aa-424f-4dad-8839-3ef1a5445e45", "level": "info", "logger": "app.middleware.RequestLoggingMiddleware", "timestamp": "2026-08-17T13:00:09.194966Z"}
{"event": "HTTP Request: POST http://testserver/api/v1/login/access-token \"HTTP/1.1 200 OK\"", "level": "info", "logger": "httpx", "timestamp": "2026-08-17T13:00:09.194966Z"}
{"method": "PATCH", "path": "/api/v1/users/me/password", "client_host": "testclient", "event": "request_started", "correlation_id": "4163eb5c-add9-45c2-8435-1935d136b7f0", "level": "info", "logger": "app.middleware.RequestLoggingMiddleware", "timestamp": "2026-08-17T13:00:09.194966Z"}
{"method": "PATCH", "path": "/api/v1/users/me/password", "status_code": 400, "duration": 0.3903, "event": "request_finished", "correlation_id": "4163eb5c-add9-45c2-8435-1935d136b7f0", "level": "info", "logger": "app.middleware.RequestLoggingMiddleware", "timestamp": "2026-08-17T13:00:09.585289Z"}
{"event": "HTTP Request: PATCH http://testserver/api/v1/users/me/password \"HTTP/1.1 400 Bad Request\"", "level": "info", "logger": "httpx", "timestamp": "2026-08-17T13:00:09.643704Z"}
{"method": "POST", "path": "/api/v1/login/access-token", "client_host": "testclient", "event": "request_started", "correlation_id": "409f4561-b950-4efd-92f6-b74624476e51", "level": "info", "logger": "app.middleware.RequestLoggingMiddleware", "timestamp": "2026-08-17T13:00:10.047395Z"}
{"method": "POST", "path": "/api/v1/login/access-token", "status_code": 200, "duration": 0.406, "event": "request_finished", "correlation_id": "409f4561-b950-4efd-92f6-b74624476e51", "level": "info", "logger": "app.middleware.RequestLoggingMiddleware", "timestamp": "2026-08-17T13:00:10.453353Z"}
{"event": "HTTP Request: POST http://testserver/api/v1/login/access-token \"HTTP/1.1 200 OK\"", "level": "info", "logger": "httpx", "timestamp": "2026-08-17T13:00:10.455365Z"}
{"method": "PATCH", "path": "/api/v1/users/me", "client_host": "testclient", "event": "request_started", "correlation_id": "b628ec96-327c-4a87-8354-11a0e300023f", "level": "info", "logger": "app.middleware.RequestLoggingMiddleware", "timestamp": "2026-08-17T13:00:10.808320Z"}
{"method": "PATCH", "path": "/api/v1/users/me", "status_code": 409, "duration": 0.01, "event": "request_finished", "correlation_id": "b628ec96-327c-4a87-8354-11a0e300023f", "level": "info", "logger": "app.middleware.RequestLoggingMiddleware", "timestamp": "2026-08-17T13:00:10.818350Z"}
{"event": "HTTP Request: PATCH http://testserver/api/v1/users/me \"HTTP/1.1 409 Conflict\"", "level": "info", "logger": "httpx", "timestamp": "2026-08-17T13:00:10.818350Z"}
{"method": "POST", "path": "/api/v1/login/access-token", "client_host": "testclient", "event": "request_started", "correlation_id": "04ead364-841c-4d92-a745-43327b0ec8b1", "level": "info", "logger": "app.middleware.RequestLoggingMiddleware", "timestamp": "2026-08-17T13:00:10.831081Z"}
{"method": "POST", "path": "/api/v1/login/access-token", "status_code": 200, "duration": 0.3684, "event": "request_finished", "correlation_id": "04ead364-841c-4d92-a745-43327b0ec8b1", "level": "info", "logger": "app.middleware.RequestLoggingMiddleware", "timestamp": "2026-08-17T13:00:11.199485Z"}
{"event": "HTTP Request: POST http://testserver/api/v1/login/access-token \"HTTP/1.1 200 OK\"", "level": "info", "logger": "httpx", "timestamp": "2026-08-17T13:00:11.201058Z"}
{"method": "PATCH", "path": "/api/v1/users/me/password", "client_host": "testclient", "event": "request_started", "correlation_id": "e5784d8a-0450-4f7c-b06d-94fc76bf5ffb", "level": "info", "logger": "app.middleware.RequestLoggingMiddleware", "timestamp": "2026-08-17T13:00:11.201058Z"}
{"method": "PATCH", "path": "/api/v1/users/me/password", "status_code": 400, "duration": 0.3616, "event": "request_finished", "correlation_id": "e5784d8a-0450-4f7c-b06d-94fc76bf5ffb", "level": "info", "logger": "app.middleware.RequestLoggingMiddleware", "timestamp": "2026-08-17T13:00:11.562671Z"}
{"event": "HTTP Request: PATCH http://testserver/api/v1/users/me/password \"HTTP/1.1 400 Bad Request\"", "level": "info", "logger": "httpx", "timestamp": "2026-08-17T13:00:11.562671Z"}
{"method": "POST", "path": "/api/v1/users/signup", "client_host": "testclient", "event": "request_started", "correlation_id": "dca25015-47a7-4e1c-9981-fbac088cb380", "level": "info", "logger": "app.middleware.RequestLoggingMiddleware", "timestamp": "2026-08-17T13:00:11.577822Z"}
{"event": "Preparing to send email to cpnueyfknljvetnvoishfjoqgwzlsbbu@klxwpbtxbqrarnpzwsioqnbsbzgssqqh.com", "correlation_id": "dca25015-47a7-4e1c-9981-fbac088cb380", "level": "info", "logger": "app.utils", "timestamp": "2026-08-17T13:00:11.965889Z"}
{"event": "SMTP Config: Host=smtp-relay.brevo.com, Port=587, TLS=True, User=a085a7001@smtp-brevo.com", "correlation_id": "dca25015-47a7-4e1c-9981-fbac088cb380", "level": "info", "logger": "app.utils", "timestamp": "2026-08-17T13:00:11.965889Z"}
{"event": "Connected to SMTP server", "correlation_id": "dca25015-47a7-4e1c-9981-fbac088cb380", "level": "info", "logger": "app.utils", "timestamp": "2026-08-17T13:00:12.242918Z"}
{"event": "Starting TLS", "correlation_id": "dca25015-47a7-4e1c-9981-fbac088cb380", "level": "info", "logger": "app.utils", "timestamp": "2026-08-17T13:00:12.379693Z"}
{"event": "Attempting login", "correlation_id": "dca25015-47a7-4e1c-9981-fbac088cb380", "level": "info", "logger": "app.utils", "timestamp": "2026-08-17T13:00:12.953012Z"}
{"event": "Email sent successfully", "correlation_id": "dca25015-47a7-4e1c-9981-fbac088cb380", "level": "info", "logger": "app.utils", "timestamp": "2026-08-17T13:00:14.080233Z"}
{"method": "POST", "path": "/api/v1/users/signup", "status_code": 200, "duration": 2.6054, "event": "request_finished", "correlation_id": "dca25015-47a7-4e1c-9981-fbac088cb380", "level": "info", "logger": "app.middleware.RequestLoggingMiddleware", "timestamp": "2026-08-17T13:00:14.183228Z"}
{"event": "HTTP Request: POST http://testserver/api/v1/users/signup \"HTTP/1.1 200 OK\"", "level": "info", "logger": "httpx", "timestamp": "2026-08-17T13:00:14.190621Z"}
{"method": "POST", "path": "/api/v1/users/signup", "client_host": "testclient", "event": "request_started", "correlation_id": "19c2c466-81d6-43a7-a792-b0e8ed39c940", "level": "info", "logger": "app.middleware.RequestLoggingMiddleware", "timestamp": "2026-08-17T13:00:14.577802Z"}
{"method": "POST", "path": "/api/v1/users/signup", "status_code": 400, "duration": 0.0039, "event": "request_finished", "correlation_id": "19c2c466-81d6-43a7-a792-b0e8ed39c940", "level": "info", "logger": "app.middleware.RequestLoggingMiddleware", "timestamp": "2026-08-17T13:00:14.581743Z"}
{"event": "HTTP Request: POST http://testserver/api/v1/users/signup \"HTTP/1.1 400 Bad Request\"", "level": "info", "logger": "httpx", "timestamp": "2026-08-17T13:00:14.581743Z"}
{"method": "POST", "path": "/api/v1/login/access-token", "client_host": "testclient", "event": "request_started", "correlation_id": "d35ec9c2-216c-4d67-b142-2e42ec0288b7", "level": "info", "logger": "app.middleware.RequestLoggingMiddleware", "timestamp": "2026-08-17T13:00:14.592292Z"}
{"method": "POST", "path": "/api/v1/login/access-token", "status_code": 200, "duration": 0.3808, "event": "request_finished", "correlation_id": "d35ec9c2-216c-4d67-b142-2e42ec0288b7", "level": "info", "logger": "app.middleware.RequestLoggingMiddleware", "timestamp": "2026-08-17T13:00:14.973140Z"}
{"event": "HTTP Request: POST http://testserver/api/v1/login/access-token \"HTTP/1.1 200 OK\"", "level": "info", "logger": "httpx", "timestamp": "2026-08-17T13:00:14.973140Z"}
{"method": "PATCH", "path": "/api/v1/users/590963e5-0645-46d0-9290-87dfa00609e0", "client_host": "testclient", "event": "request_started", "correlation_id": "01ba270d-e2ab-4d09-a6b0-78b3851f774f", "level": "info", "logger": "app.middleware.RequestLoggingMiddleware", "timestamp": "2026-08-17T13:00:15.345866Z"}
{"method": "PATCH", "path": "/api/v1/users/590963e5-0645-46d0-9290-87dfa00609e0", "status_code": 200, "duration": 0.0108, "event": "request_finished", "correlation_id": "01ba270d-e2ab-4d09-a6b0-78b3851f774f", "level": "info", "logger": "app.middleware.RequestLoggingMiddleware", "timestamp": "2026-08-17T13:00:15.356709Z"}
{"event": "HTTP Request: PATCH http://testserver/api/v1/users/590963e5-0645-46d0-9290-87dfa00609e0 \"HTTP/1.1 200 OK\"", "level": "info", "logger": "httpx", "timestamp": "2026-08-17T13:00:15.356709Z"}
{"method": "POST", "path": "/api/v1/login/access-token", "client_host": "testclient", "event": "request_started", "correlation_id": "3582a68d-0fe2-499c-9249-cb178efe9d66", "level": "info", "logger": "app.middleware.RequestLoggingMiddleware", "timestamp": "2026-08-17T13:00:15.370300Z"}
{"method": "POST", "path": "/api/v1/login/access-token", "status_code": 200, "duration": 0.3779, "event": "request_finished", "correlation_id": "3582a68d-0fe2-499c-9249-cb178efe9d66", "level": "info", "logger": "app.middleware.RequestLoggingMiddleware", "timestamp": "2026-08-17T13:00:15.748158Z"}
{"event": "HTTP Request: POST http://testserver/api/v1/login/access-token \"HTTP/1.1 200 OK\"", "level": "info", "logger": "httpx", "timestamp": "2026-08-17T13:00:15.748158Z"}
{"method": "PATCH", "path": "/api/v1/users/d0252aa7-4a28-4c3d-ab48-d00b4b332957", "client_host": "testclient", "event": "request_started", "correlation_id": "9fd1693b-dd28-493a-a350-74ac33d29c25", "level": "info", "logger": "app.middleware.RequestLoggingMiddleware", "timestamp": "2026-08-17T13:00:15.748158Z"}
{"method": "PATCH", "path": "/api/v1/users/d0252aa7-4a28-4c3d-ab48-d00b4b332957", "status_code": 404, "duration": 0.0073, "event": "request_finished", "correlation_id": "9fd1693b-dd28-493a-a350-74ac33d29c25", "level": "info", "logger": "app.middleware.RequestLoggingMiddleware", "timestamp": "2026-08-17T13:00:15.755458Z"}
{"event": "HTTP Request: PATCH http://testserver/api/v1/users/d0252aa7-4a28-4c3d-ab48-d00b4b332957 \"HTTP/1.1 404 Not Found\"", "level": "info", "logger": "httpx", "timestamp": "2026-08-17T13:00:15.755458Z"}
{"method": "POST", "path": "/api/v1/login/access-token", "client_host": "testclient", "event": "request_started", "correlation_id": "f582a4b4-8828-4285-a39e-8120dff77187", "level": "info", "logger": "app.middleware.RequestLoggingMiddleware", "timestamp": "2026-08-17T13:00:15.764460Z"}
{"method": "POST", "path": "/api/v1/login/access-token", "status_code": 200, "duration": 0.3787, "event": "request_finished", "correlation_id": "f582a4b4-8828-4285-a39e-8120dff77187", "level": "info", "logger": "app.middleware.RequestLoggingMiddleware", "timestamp": "2026-08-17T13:00:16.142605Z"}
{"event": "HTTP Request: POST http://testserver/api/v1/login/access-token \"HTTP/1.1 200 OK\"", "level": "info", "logger": "httpx", "timestamp": "2026-08-17T13:00:16.142605Z"}
{"method": "PATCH", "path": "/api/v1/users/17040b53-45b5-4eb5-b0b1-bf478dd95f19", "client_host": "testclient", "event": "request_started", "correlation_id": "c7f092a2-bd77-49db-9d0f-0d2600e987ed", "level": "info", "logger": "app.middleware.RequestLoggingMiddleware", "timestamp": "2026-08-17T13:00:16.883013Z"}
{"method": "PATCH", "path": "/api/v1/users/17040b53-45b5-4eb5-b0b1-bf478dd95f19", "status_code": 409, "duration": 0.0032, "event": "request_finished", "correlation_id": "c7f092a2-bd77-49db-9d0f-0d2600e987ed", "level": "info", "logger": "app.middleware.RequestLoggingMiddleware", "timestamp": "2026-08-17T13:00:16.886204Z"}
{"event": "HTTP Request: PATCH http://testserver/api/v1/users/17040b53-45b5-4eb5-b0b1-bf478dd95f19 \"HTTP/1.1 409 Conflict\"", "level": "info", "logger": "httpx", "timestamp": "2026-08-17T13:00:16.886204Z"}
{"method": "POST", "path": "/api/v1/login/access-token", "client_host": "testclient", "event": "request_started", "correlation_id": "2a9b9a07-a156-4980-a16c-ba5ea969173c", "level": "info", "logger": "app.middleware.RequestLoggingMiddleware", "timestamp": "2026-08-17T13:00:17.267833Z"}
{"method": "POST", "path": "/api/v1/login/access-token", "status_code": 200, "duration": 0.4092, "event": "request_finished", "correlation_id": "2a9b9a07-a156-4980-a16c-ba5ea969173c", "level": "info", "logger": "app.middleware.RequestLoggingMiddleware", "timestamp": "2026-08-17T13:00:17.677019Z"}
{"event": "HTTP Request: POST http://testserver/api/v1/login/access-token \"HTTP/1.1 200 OK\"", "level": "info", "logger": "httpx", "timestamp": "2026-08-17T13:00:17.677984Z"}
{"method": "DELETE", "path": "/api/v1/users/me", "client_host": "testclient", "event": "request_started", "correlation_id": "ca5bbc8e-4865-4445-8914-801a6d158255", "level": "info", "logger": "app.middleware.RequestLoggingMiddleware", "timestamp": "2026-08-17T13:00:17.677984Z"}
{"method": "DELETE", "path": "/api/v1/users/me", "status_code": 200, "duration": 0.0036, "event": "request_finished", "correlation_id": "ca5bbc8e-4865-4445-8914-801a6d158255", "level": "info", "logger": "app.middleware.RequestLoggingMiddleware", "timestamp": "2026-08-17T13:00:17.681577Z"}
{"event": "HTTP Request: DELETE http://testserver/api/v1/users/me \"HTTP/1.1 200 OK\"", "level": "info", "logger": "httpx", "timestamp": "2026-08-17T13:00:17.690427Z"}
{"method": "POST", "path": "/api/v1/login/access-token", "client_host": "testclient", "event": "request_started", "correlation_id": "33208030-7875-45e5-a9cb-8c7ba3e4c30c", "level": "info", "logger": "app.middleware.RequestLoggingMiddleware", "timestamp": "2026-08-17T13:00:17.700614Z"}
{"method": "POST", "path": "/api/v1/login/access-token", "status_code": 200, "duration": 0.3829, "event": "request_finished", "correlation_id": "33208030-7875-45e5-a9cb-8c7ba3e4c30c", "level": "info", "logger": "app.middleware.RequestLoggingMiddleware", "timestamp": "2026-08-17T13:00:18.083545Z"}
{"event": "HTTP Request: POST http://testserver/api/v1/login/access-token \"HTTP/1.1 200 OK\"", "level": "info", "logger": "httpx", "timestamp": "2026-08-17T13:00:18.083545Z"}
{"method": "DELETE", "path": "/api/v1/users/me", "client_host": "testclient", "event": "request_started", "correlation_id": "8489af69-24a4-4b7e-bdd8-221df97cd7ec", "level": "info", "logger": "app.middleware.RequestLoggingMiddleware", "timestamp": "2026-08-17T13:00:18.083545Z"}
{"method": "DELETE", "path": "/api/v1/users/me", "status_code": 403, "duration": 0.0, "event": "request_finished", "correlation_id": "8489af69-24a4-4b7e-bdd8-221df97cd7ec", "level": "info", "logger": "app.middleware.RequestLoggingMiddleware", "timestamp": "2026-08-17T13:00:18.083545Z"}
{"event": "HTTP Request: DELETE http://testserver/api/v1/users/me \"HTTP/1.1 403 Forbidden\"", "level": "info", "logger": "httpx", "timestamp": "2026-08-17T13:00:18.083545Z"}
{"method": "POST", "path": "/api/v1/login/access-token", "client_host": "testclient", "event": "request_started", "correlation_id": "6553a7d1-7220-488d-8542-d231df5bec74", "level": "info", "logger": "app.middleware.RequestLoggingMiddleware", "timestamp": "2026-08-17T13:00:18.097615Z"}
{"method": "POST", "path": "/api/v1/login/access-token", "status_code": 200, "duration": 0.3956, "event": "request_finished", "correlation_id": "6553a7d1-7220-488d-8542-d231df5bec74", "level": "info", "logger": "app.middleware.RequestLoggingMiddleware", "timestamp": "2026-08-17T13:00:18.493176Z"}
{"event": "HTTP Request: POST http://testserver/api/v1/login/access-token \"HTTP/1.1 200 OK\"", "level": "info", "logger": "httpx", "timestamp": "2026-08-17T13:00:18.493176Z"}
{"method": "DELETE", "path": "/api/v1/users/88c34706-5aab-40e8-9e2e-14ad6712e1d7", "client_host": "testclient", "event": "request_started", "correlation_id": "3c5ad601-8012-497b-8c02-55489b59ae11", "level": "info", "logger": "app.middleware.RequestLoggingMiddleware", "timestamp": "2026-08-17T13:00:18.875447Z"}
{"method": "DELETE", "path": "/api/v1/users/88c34706-5aab-40e8-9e2e-14ad6712e1d7", "status_code": 200, "duration": 0.0062, "event": "request_finished", "correlation_id": "3c5ad601-8012-497b-8c02-55489b59ae11", "level": "info", "logger": "app.middleware.RequestLoggingMiddleware", "timestamp": "2026-08-17T13:00:18.881637Z"}
{"event": "HTTP Request: DELETE http://testserver/api/v1/users/88c34706-5aab-40e8-9e2e-14ad6712e1d7 \"HTTP/1.1 200 OK\"", "level": "info", "logger": "httpx", "timestamp": "2026-08-17T13:00:18.881637Z"}
{"method": "POST", "path": "/api/v1/login/access-token", "client_host": "testclient", "event": "request_started", "correlation_id": "eacf502b-2a4b-4b7e-8e42-95478e6b8828", "level": "info", "logger": "app.middleware.RequestLoggingMiddleware", "timestamp": "2026-08-17T13:00:18.892838Z"}
{"method": "POST", "path": "/api/v1/login/access-token", "status_code": 200, "duration": 0.3876, "event": "request_finished", "correlation_id": "eacf502b-2a4b-4b7e-8e42-95478e6b8828", "level": "info", "logger": "app.middleware.RequestLoggingMiddleware", "timestamp": "2026-08-17T13:00:19.279890Z"}
{"event": "HTTP Request: POST http://testserver/api/v1/login/access-token \"HTTP/1.1 200 OK\"", "level": "info", "logger": "httpx", "timestamp": "2026-08-17T13:00:19.281767Z"}
{"method": "DELETE", "path": "/api/v1/users/0dedf71a-7882-4a52-962c-fd637a627fcc", "client_host": "testclient", "event": "request_started", "correlation_id": "4acc6af4-6e4e-4c11-9c81-8c37d7503c59", "level": "info", "logger": "app.middleware.RequestLoggingMiddleware", "timestamp": "2026-08-17T13:00:19.284695Z"}
{"method": "DELETE", "path": "/api/v1/users/0dedf71a-7882-4a52-962c-fd637a627fcc", "status_code": 404, "duration": 0.0, "event": "request_finished", "correlation_id": "4acc6af4-6e4e-4c11-9c81-8c37d7503c59", "level": "info", "logger": "app.middleware.RequestLoggingMiddleware", "timestamp": "2026-08-17T13:00:19.284695Z"}
{"event": "HTTP Request: DELETE http://testserver/api/v1/users/0dedf71a-7882-4a52-962c-fd637a627fcc \"HTTP/1.1 404 Not Found\"", "level": "info", "logger": "httpx", "timestamp": "2026-08-17T13:00:19.284695Z"}
{"method": "POST", "path": "/api/v1/login/access-token", "client_host": "testclient", "event": "request_started", "correlation_id": "ce2907bf-8cf5-4e10-9a1e-8527649dd3e5", "level": "info", "logger": "app.middleware.RequestLoggingMiddleware", "timestamp": "2026-08-17T13:00:19.301660Z"}
{"method": "POST", "path": "/api/v1/login/access-token", "status_code": 200, "duration": 0.3907, "event": "request_finished", "correlation_id": "ce2907bf-8cf5-4e10-9a1e-8527649dd3e5", "level": "info", "logger": "app.middleware.RequestLoggingMiddleware", "timestamp": "2026-08-17T13:00:19.691784Z"}
{"event": "HTTP Request: POST http://testserver/api/v1/login/access-token \"HTTP/1.1 200 OK\"", "level": "info", "logger": "httpx", "timestamp": "2026-08-17T13:00:19.691784Z"}
{"method": "DELETE", "path": "/api/v1/users/47816dab-99c8-4cf1-a257-78b0d905d015", "client_host": "testclient", "event": "request_started", "correlation_id": "7cea7145-a5eb-4c26-bf96-52c966eed330", "level": "info", "logger": "app.middleware.RequestLoggingMiddleware", "timestamp": "2026-08-17T13:00:19.695879Z"}
{"method": "DELETE", "path": "/api/v1/users/47816dab-99c8-4cf1-a257-78b0d905d015", "status_code": 403, "duration": 0.0043, "event": "request_finished", "correlation_id": "7cea7145-a5eb-4c26-bf96-52c966eed330", "level": "info", "logger": "app.middleware.RequestLoggingMiddleware", "timestamp": "2026-08-17T13:00:19.700177Z"}
{"event": "HTTP Request: DELETE http://testserver/api/v1/users/47816dab-99c8-4cf1-a257-78b0d905d015 \"HTTP/1.1 403 Forbidden\"", "level": "info", "logger": "httpx", "timestamp": "2026-08-17T13:00:19.701512Z"}
{"method": "POST", "path": "/api/v1/login/access-token", "client_host": "testclient", "event": "request_started", "correlation_id": "1f901b3d-3a41-46cc-9cfa-40597b847383", "level": "info", "logger": "app.middleware.RequestLoggingMiddleware", "timestamp": "2026-08-17T13:00:20.108097Z"}
{"method": "POST", "path": "/api/v1/login/access-token", "status_code": 200, "duration": 0.4536, "event": "request_finished", "correlation_id": "1f901b3d-3a41-46cc-9cfa-40597b847383", "level": "info", "logger": "app.middleware.RequestLoggingMiddleware", "timestamp": "2026-08-17T13:00:20.561743Z"}
{"event": "HTTP Request: POST http://testserver/api/v1/login/access-token \"HTTP/1.1 200 OK\"", "level": "info", "logger": "httpx", "timestamp": "2026-08-17T13:00:20.563975Z"}
{"method": "DELETE", "path": "/api/v1/users/b00d9d80-91ce-4d51-b300-5972086e7f79", "client_host": "testclient", "event": "request_started", "correlation_id": "1ae6a904-1cd5-49f5-92dc-9aae96f21103", "level": "info", "logger": "app.middleware.RequestLoggingMiddleware", "timestamp": "2026-08-17T13:00:20.968440Z"}
{"method": "DELETE", "path": "/api/v1/users/b00d9d80-91ce-4d51-b300-5972086e7f79", "status_code": 403, "duration": 0.0036, "event": "request_finished", "correlation_id": "1ae6a904-1cd5-49f5-92dc-9aae96f21103", "level": "info", "logger": "app.middleware.RequestLoggingMiddleware", "timestamp": "2026-08-17T13:00:20.972060Z"}
{"event": "HTTP Request: DELETE http://testserver/api/v1/users/b00d9d80-91ce-4d51-b300-5972086e7f79 \"HTTP/1.1 403 Forbidden\"", "level": "info", "logger": "httpx", "timestamp": "2026-08-17T13:00:20.972060Z"}
{"event": "Starting call to 'app.backend_pre_start.init', this is the 1st time calling it.", "level": "info", "logger": "app.backend_pre_start", "timestamp": "2026-08-17T13:00:25.145168Z"}
{"event": "Starting call to 'app.tests_pre_start.init', this is the 1st time calling it.", "level": "info", "logger": "app.tests_pre_start", "timestamp": "2026-08-17T13:00:25.149782Z"}
{"event": "Preparing to send email to test@example.com", "level": "info", "logger": "app.utils", "timestamp": "2026-08-17T13:00:25.168375Z"}
{"event": "SMTP Config: Host=smtp-relay.brevo.com, Port=587, TLS=True, User=a085a7001@smtp-brevo.com", "level": "info", "logger": "app.utils", "timestamp": "2026-08-17T13:00:25.168962Z"}
{"event": "Connected to SMTP server", "level": "info", "logger": "app.utils", "timestamp": "2026-08-17T13:00:25.171386Z"}
{"event": "Starting TLS", "level": "info", "logger": "app.utils", "timestamp": "2026-08-17T13:00:25.172988Z"}
{"event": "Attempting login", "level": "info", "logger": "app.utils", "timestamp": "2026-08-17T13:00:25.172988Z"}
{"event": "Email sent successfully", "level": "info", "logger": "app.utils", "timestamp": "2026-08-17T13:00:25.172988Z"}
{"method": "POST", "path": "/api/v1/login/access-token", "client_host": "testclient", "event": "request_started", "correlation_id": "9db37bcf-bba0-42ef-a713-8d43e9e92b8d", "level": "info", "logger": "app.middleware.RequestLoggingMiddleware", "timestamp": "2026-09-12T10:33:33.781010Z"}
{"method": "POST", "path": "/api/v1/login/access-token", "status_code": 200, "duration": 0.3832, "event": "request_finished", "correlation_id": "9db37bcf-bba0-42ef-a713-8d43e9e92b8d", "level": "info", "logger": "app.middleware.RequestLoggingMiddleware", "timestamp": "2026-09-12T10:33:34.164238Z"}
{"event": "HTTP Request: POST http://testserver/api/v1/login/access-token \"HTTP/1.1 200 OK\"", "level": "info", "logger": "httpx", "timestamp": "2026-09-12T10:33:34.164238Z"}
{"method": "POST", "path": "/api/v1/items/", "client_host": "testclient", "event": "request_started", "correlation_id": "94aa3ef5-da0b-40bb-a67c-cc75131917aa", "level": "info", "logger": "app.middleware.RequestLoggingMiddleware", "timestamp": "2026-09-12T10:33:34.164238Z"}
{"method": "POST", "path": "/api/v1/items/", "status_code": 200, "duration": 0.0139, "event": "request_finished", "correlation_id": "94aa3ef5-da0b-40bb-a67c-cc75131917aa", "level": "info", "logger": "app.middleware.RequestLoggingMiddleware", "timestamp": "2026-09-12T10:33:34.178119Z"}
{"event": "HTTP Request: POST http://testserver/api/v1/items/ \"HTTP/1.1 200 OK\"", "level": "info", "logger": "httpx", "timestamp": "2026-09-12T10:33:34.178119Z"}
{"method": "POST", "path": "/api/v1/login/access-token", "client_host": "testclient", "event": "request_started", "correlation_id": "f17b1a08-fddc-430e-92c3-ef54dfd72579", "level": "info", "logger": "app.middleware.RequestLoggingMiddleware", "timestamp": "2026-09-12T10:33:34.190731Z"}
{"method": "POST", "path": "/api/v1/login/access-token", "status_code": 200, "duration": 0.4692, "event": "request_finished", "correlation_id": "f17b1a08-fddc-430e-92c3-ef54dfd72579", "level": "info", "logger": "app.middleware.RequestLoggingMiddleware", "timestamp": "2026-09-12T10:33:34.659447Z"}
{"event": "HTTP Request: POST http://testserver/api/v1/login/access-token \"HTTP/1.1 200 OK\"", "level": "info", "logger": "httpx", "timestamp": "2026-09-12T10:33:34.661357Z"}
{"method": "GET", "path": "/api/v1/items/941db8d6-9eb9-4d9a-82b2-ffd60a28da17", "client_host": "testclient", "event": "request_started", "correlation_id": "37efa8a0-e8b2-4534-8b08-df32ccba61c7", "level": "info", "logger": "app.middleware.RequestLoggingMiddleware", "timestamp": "2026-09-12T10:33:35.041685Z"}
{"method": "GET", "path": "/api/v1/items/941db8d6-9eb9-4d9a-82b2-ffd60a28da17", "status_code": 200, "duration": 0.0051, "event": "request_finished", "correlation_id": "37efa8a0-e8b2-4534-8b08-df32ccba61c7", "level": "info", "logger": "app.middleware.RequestLoggingMiddleware", "timestamp": "2026-09-12T10:33:35.046804Z"}
{"event": "HTTP Request: GET http://testserver/api/v1/items/941db8d6-9eb9-4d9a-82b2-ffd60a28da17 \"HTTP/1.1 200 OK\"", "level": "info", "logger": "httpx", "timestamp": "2026-09-12T10:33:35.046804Z"}
{"method": "POST", "path": "/api/v1/login/access-token", "client_host": "testclient", "event": "request_started", "correlation_id": "0b403098-5018-4a80-8f84-aa2a08507ee9", "level": "info", "logger": "app.middleware.RequestLoggingMiddleware", "timestamp": "2026-09-12T10:33:35.057393Z"}
{"method": "POST", "path": "/api/v1/login/access-token", "status_code": 200, "duration": 0.382, "event": "request_finished", "correlation_id": "0b403098-5018-4a80-8f84-aa2a08507ee9", "level": "info", "logger": "app.middleware.RequestLoggingMiddleware", "timestamp": "2026-09-12T10:33:35.439347Z"}
{"event": "HTTP Request: POST http://testserver/api/v1/login/access-token \"HTTP/1.1 200 OK\"", "level": "info", "logger": "httpx", "timestamp": "2026-09-12T10:33:35.439347Z"}
{"method": "GET", "path": "/api/v1/items/62fc957b-7626-411b-847e-116f05f80a7f", "client_host": "testclient", "event": "request_started", "correlation_id": "9054fd7b-533f-4291-9c60-73d636059e66", "level": "info", "logger": "app.middleware.RequestLoggingMiddleware", "timestamp": "2026-09-12T10:33:35.442169Z"}
{"method": "GET", "path": "/api/v1/items/62fc957b-7626-411b-847e-116f05f80a7f", "status_code": 404, "duration": 0.0051, "event": "request_finished", "correlation_id": "9054fd7b-533f-4291-9c60-73d636059e66", "level": "info", "logger": "app.middleware.RequestLoggingMiddleware", "timestamp": "2026-09-12T10:33:35.447226Z"}
{"event": "HTTP Request: GET http://testserver/api/v1/items/62fc957b-7626-411b-847e-116f05f80a7f \"HTTP/1.1 404 Not Found\"", "level": "info", "logger": "httpx", "timestamp": "2026-09-12T10:33:35.450961Z"}
{"method": "POST", "path": "/api/v1/login/access-token", "client_host": "testclient", "event": "request_started", "correlation_id": "3b96887d-943d-4b08-9536-ef775470e503", "level": "info", "logger": "app.middleware.RequestLoggingMiddleware", "timestamp": "2026-09-12T10:33:35.844285Z"}
{"method": "POST", "path": "/api/v1/login/access-token", "status_code": 200, "duration": 0.4068, "event": "request_finished", "correlation_id": "3b96887d-943d-4b08-9536-ef775470e503", "level": "info", "logger": "app.middleware.RequestLoggingMiddleware", "timestamp": "2026-09-12T10:33:36.247993Z"}
{"event": "HTTP Request: POST http://testserver/api/v1/login/access-token \"HTTP/1.1 200 OK\"", "level": "info", "logger": "httpx", "timestamp": "2026-09-12T10:33:36.247993Z"}
{"method": "GET", "path": "/api/v1/items/23972dea-f112-4733-ba7d-ae6521238ce9", "client_host": "testclient", "event": "request_started", "correlation_id": "4890e307-0b3d-4f5b-80b2-64a77315b7d9", "level": "info", "logger": "app.middleware.RequestLoggingMiddleware", "timestamp": "2026-09-12T10:33:36.612585Z"}
{"method": "GET", "path": "/api/v1/items/23972dea-f112-4733-ba7d-ae6521238ce9", "status_code": 400, "duration": 0.0151, "event": "request_finished", "correlation_id": "4890e307-0b3d-4f5b-80b2-64a77315b7d9", "level": "info", "logger": "app.middleware.RequestLoggingMiddleware", "timestamp": "2026-09-12T10:33:36.627665Z"}
{"event": "HTTP Request: GET http://testserver/api/v1/items/23972dea-f112-4733-ba7d-ae6521238ce9 \"HTTP/1.1 400 Bad Request\"", "level": "info", "logger": "httpx", "timestamp": "2026-09-12T10:33:36.628901Z"}
{"method": "POST", "path": "/api/v1/login/access-token", "client_host": "testclient", "event": "request_started", "correlation_id": "2ffc54e6-e0eb-4831-908e-210c058163cb", "level": "info", "logger": "app.middleware.RequestLoggingMiddleware", "timestamp": "2026-09-12T10:33:36.638879Z"}
{"method": "POST", "path": "/api/v1/login/access-token", "status_code": 200, "duration": 0.3929, "event": "request_finished", "correlation_id": "2ffc54e6-e0eb-4831-908e-210c058163cb", "level": "info", "logger": "app.middleware.RequestLoggingMiddleware", "timestamp": "2026-09-12T10:33:37.031780Z"}
{"event": "HTTP Request: POST http://testserver/api/v1/login/access-token \"HTTP/1.1 200 OK\"", "level": "info", "logger": "httpx", "timestamp": "2026-09-12T10:33:37.031780Z"}
{"method": "GET", "path": "/api/v1/items/", "client_host": "testclient", "event": "request_started", "correlation_id": "e879158d-b997-41df-b39e-c486977babba", "level": "info", "logger": "app.middleware.RequestLoggingMiddleware", "timestamp": "2026-09-12T10:33:37.783514Z"}
{"method": "GET", "path": "/api/v1/items/", "status_code": 200, "duration": 0.0151, "event": "request_finished", "correlation_id": "e879158d-b997-41df-b39e-c486977babba", "level": "info", "logger": "app.middleware.RequestLoggingMiddleware", "timestamp": "2026-09-12T10:33:37.798634Z"}
{"event": "HTTP Request: GET http://testserver/api/v1/items/ \"HTTP/1.1 200 OK\"", "level": "info", "logger": "httpx", "timestamp": "2026-09-12T10:33:37.798634Z"}
{"method": "POST", "path": "/api/v1/login/access-token", "client_host": "testclient", "event": "request_started", "correlation_id": "3b304f5a-50fd-4be4-90c1-d7763aa7c203", "level": "info", "logger": "app.middleware.RequestLoggingMiddleware", "timestamp": "2026-09-12T10:33:37.808287Z"}
{"method": "POST", "path": "/api/v1/login/access-token", "status_code": 200, "duration": 0.3828, "event": "request_finished", "correlation_id": "3b304f5a-50fd-4be4-90c1-d7763aa7c203", "level": "info", "logger": "app.middleware.RequestLoggingMiddleware", "timestamp": "2026-09-12T10:33:38.191085Z"}
{"event": "HTTP Request: POST http://testserver/api/v1/login/access-token \"HTTP/1.1 200 OK\"", "level": "info", "logger": "httpx", "timestamp": "2026-09-12T10:33:38.191085Z"}
{"method": "PUT", "path": "/api/v1/items/12fa1658-5dd5-4971-ae83-0bc13392218d", "client_host": "testclient", "event": "request_started", "correlation_id": "07d40a33-3e02-494a-acc7-342773e06395", "level": "info", "logger": "app.middleware.RequestLoggingMiddleware", "timestamp": "2026-09-12T10:33:38.578520Z"}
{"method": "PUT", "path": "/api/v1/items/12fa1658-5dd5-4971-ae83-0bc13392218d", "status_code": 200, "duration": 0.0106, "event": "request_finished", "correlation_id": "07d40a33-3e02-494a-acc7-342773e06395", "level": "info", "logger": "app.middleware.RequestLoggingMiddleware", "timestamp": "2026-09-12T10:33:38.589085Z"}
{"event": "HTTP Request: PUT http://testserver/api/v1/items/12fa1658-5dd5-4971-ae83-0bc13392218d \"HTTP/1.1 200 OK\"", "level": "info", "logger": "httpx", "timestamp": "2026-09-12T10:33:38.589085Z"}
{"method": "POST", "path": "/api/v1/login/access-token", "client_host": "testclient", "event": "request_started", "correlation_id": "3a741c77-28a9-4a81-8d00-8c05284a5a39", "level": "info", "logger": "app.middleware.RequestLoggingMiddleware", "timestamp": "2026-09-12T10:33:38.603605Z"}
{"method": "POST", "path": "/api/v1/login/access-token", "status_code": 200, "duration": 0.3926, "event": "request_finished", "correlation_id": "3a741c77-28a9-4a81-8d00-8c05284a5a39", "level": "info", "logger": "app.middleware.RequestLoggingMiddleware", "timestamp": "2026-09-12T10:33:38.996164Z"}
{"event": "HTTP Request: POST http://testserver/api/v1/login/access-token \"HTTP/1.1 200 OK\"", "level": "info", "logger": "httpx", "timestamp": "2026-09-12T10:33:38.998866Z"}
{"method": "PUT", "path": "/api/v1/items/b71f89ab-4d6e-4ed5-8cf3-a7f77d9fbb66", "client_host": "testclient", "event": "request_started", "correlation_id": "f7ce0b1b-681f-477f-a198-2b5b05b7ac35", "level": "info", "logger": "app.middleware.RequestLoggingMiddleware", "timestamp": "2026-09-12T10:33:39.000881Z"}
{"method": "PUT", "path": "/api/v1/items/b71f89ab-4d6e-4ed5-8cf3-a7f77d9fbb66", "status_code": 404, "duration": 0.0, "event": "request_finished", "correlation_id": "f7ce0b1b-681f-477f-a198-2b5b05b7ac35", "level": "info", "logger": "app.middleware.RequestLoggingMiddleware", "timestamp": "2026-09-12T10:33:39.000881Z"}
{"event": "HTTP Request: PUT http://testserver/api/v1/items/b71f89ab-4d6e-4ed5-8cf3-a7f77d9fbb66 \"HTTP/1.1 404 Not Found\"", "level": "info", "logger": "httpx", "timestamp": "2026-09-12T10:33:39.000881Z"}
{"method": "POST", "path": "/api/v1/login/access-token", "client_host": "testclient", "event": "request_started", "correlation_id": "76323ea4-a8af-4d07-bdfc-064dce493232", "level": "info", "logger": "app.middleware.RequestLoggingMiddleware", "timestamp": "2026-09-12T10:33:39.404306Z"}
{"method": "POST", "path": "/api/v1/login/access-token", "status_code": 200, "duration": 0.3732, "event": "request_finished", "correlation_id": "76323ea4-a8af-4d07-bdfc-064dce493232", "level": "info", "logger": "app.middleware.RequestLoggingMiddleware", "timestamp": "2026-09-12T10:33:39.777541Z"}
{"event": "HTTP Request: POST http://testserver/api/v1/login/access-token \"HTTP/1.1 200 OK\"", "level": "info", "logger": "httpx", "timestamp": "2026-09-12T10:33:39.777541Z"}
{"method": "PUT", "path": "/api/v1/items/aa2bc67d-84b2-49ef-b4b8-48bfbf6c53e1", "client_host": "testclient", "event": "request_started", "correlation_id": "277d806e-1c4d-4f76-9d2c-ccc149643e72", "level": "info", "logger": "app.middleware.RequestLoggingMiddleware", "timestamp": "2026-09-12T10:33:40.163692Z"}
{"method": "PUT", "path": "/api/v1/items/aa2bc67d-84b2-49ef-b4b8-48bfbf6c53e1", "status_code": 400, "duration": 0.0046, "event": "request_finished", "correlation_id": "277d806e-1c4d-4f76-9d2c-ccc149643e72", "level": "info", "logger": "app.middleware.RequestLoggingMiddleware", "timestamp": "2026-09-12T10:33:40.168312Z"}
{"event": "HTTP Request: PUT http://testserver/api/v1/items/aa2bc67d-84b2-49ef-b4b8-48bfbf6c53e1 \"HTTP/1.1 400 Bad Request\"", "level": "info", "logger": "httpx", "timestamp": "2026-09-12T10:33:40.169400Z"}
{"method": "POST", "path": "/api/v1/login/access-token", "client_host": "testclient", "event": "request_started", "correlation_id": "f357a739-d036-44f2-bebb-f77f2b2c8257", "level": "info", "logger": "app.middleware.RequestLoggingMiddleware", "timestamp": "2026-09-12T10:33:40.178026Z"}
{"method": "POST", "path": "/api/v1/login/access-token", "status_code": 200, "duration": 0.3811, "event": "request_finished", "correlation_id": "f357a739-d036-44f2-bebb-f77f2b2c8257", "level": "info", "logger": "app.middleware.RequestLoggingMiddleware", "timestamp": "2026-09-12T10:33:40.559160Z"}
{"event": "HTTP Request: POST http://testserver/api/v1/login/access-token \"HTTP/1.1 200 OK\"", "level": "info", "logger": "httpx", "timestamp": "2026-09-12T10:33:40.561416Z"}
{"method": "DELETE", "path": "/api/v1/items/63499946-b8af-4a93-85af-8c4b39565497", "client_host": "testclient", "event": "request_started", "correlation_id": "9e651abe-b280-4337-a9e4-98f09892b63e", "level": "info", "logger": "app.middleware.RequestLoggingMiddleware", "timestamp": "2026-09-12T10:33:40.944521Z"}
{"method": "DELETE", "path": "/api/v1/items/63499946-b8af-4a93-85af-8c4b39565497", "status_code": 200, "duration": 0.0083, "event": "request_finished", "correlation_id": "9e651abe-b280-4337-a9e4-98f09892b63e", "level": "info", "logger": "app.middleware.RequestLoggingMiddleware", "timestamp": "2026-09-12T10:33:40.952854Z"}
{"event": "HTTP Request: DELETE http://testserver/api/v1/items/63499946-b8af-4a93-85af-8c4b39565497 \"HTTP/1.1 200 OK\"", "level": "info", "logger": "httpx", "timestamp": "2026-09-12T10:33:40.952854Z"}
{"method": "POST", "path": "/api/v1/login/access-token", "client_host": "testclient", "event": "request_started", "correlation_id": "de71de9d-926f-4fcd-b0c3-27d03b4e8ca6", "level": "info", "logger": "app.middleware.RequestLoggingMiddleware", "timestamp": "2026-09-12T10:33:40.963223Z"}
{"method": "POST", "path": "/api/v1/login/access-token", "status_code": 200, "duration": 0.3986, "event": "request_finished", "correlation_id": "de71de9d-926f-4fcd-b0c3-27d03b4e8ca6", "level": "info", "logger": "app.middleware.RequestLoggingMiddleware", "timestamp": "2026-09-12T10:33:41.361781Z"}
{"event": "HTTP Request: POST http://testserver/api/v1/login/access-token \"HTTP/1.1 200 OK\"", "level": "info", "logger": "httpx", "timestamp": "2026-09-12T10:33:41.361781Z"}
{"method": "DELETE", "path": "/api/v1/items/ea6aabcc-82a1-4cc2-8f5c-322f0ef5d4db", "client_host": "testclient", "event": "request_started", "correlation_id": "da2e1bf2-17e0-46e9-8c23-382a8570abbd", "level": "info", "logger": "app.middleware.RequestLoggingMiddleware", "timestamp": "2026-09-12T10:33:41.361781Z"}
{"method": "DELETE", "path": "/api/v1/items/ea6aabcc-82a1-4cc2-8f5c-322f0ef5d4db", "status_code": 404, "duration": 0.0, "event": "request_finished", "correlation_id": "da2e1bf2-17e0-46e9-8c23-382a8570abbd", "level": "info", "logger": "app.middleware.RequestLoggingMiddleware", "timestamp": "2026-09-12T10:33:41.361781Z"}
{"event": "HTTP Request: DELETE http://testserver/api/v1/items/ea6aabcc-82a1-4cc2-8f5c-322f0ef5d4db \"HTTP/1.1 404 Not Found\"", "level": "info", "logger": "httpx", "timestamp": "2026-09-12T10:33:41.361781Z"}
{"method": "POST", "path": "/api/v1/login/access-token", "client_host": "testclient", "event": "request_started", "correlation_id": "c926a6ab-e61e-45af-ac06-f8b829531e20", "level": "info", "logger": "app.middleware.RequestLoggingMiddleware", "timestamp": "2026-09-12T10:33:41.761399Z"}
{"method": "POST", "path": "/api/v1/login/access-token", "status_code": 200, "duration": 0.3853, "event": "request_finished", "correlation_id": "c926a6ab-e61e-45af-ac06-f8b829531e20", "level": "info", "logger": "app.middleware.RequestLoggingMiddleware", "timestamp": "2026-09-12T10:33:42.146656Z"}
{"event": "HTTP Request: POST http://testserver/api/v1/login/access-token \"HTTP/1.1 200 OK\"", "level": "info", "logger": "httpx", "timestamp": "2026-09-12T10:33:42.146656Z"}
{"method": "DELETE", "path": "/api/v1/items/ffe188a4-d26f-40f9-9dcd-0839c511cf51", "client_host": "testclient", "event": "request_started", "correlation_id": "c5254232-51ae-403b-bc63-b62707ae1cb5", "level": "info", "logger": "app.middleware.RequestLoggingMiddleware", "timestamp": "2026-09-12T10:33:42.528999Z"}
{"method": "DELETE", "path": "/api/v1/items/ffe188a4-d26f-40f9-9dcd-0839c511cf51", "status_code": 400, "duration": 0.0015, "event": "request_finished", "correlation_id": "c5254232-51ae-403b-bc63-b62707ae1cb5", "level": "info", "logger": "app.middleware.RequestLoggingMiddleware", "timestamp": "2026-09-12T10:33:42.530533Z"}
{"event": "HTTP Request: DELETE http://testserver/api/v1/items/ffe188a4-d26f-40f9-9dcd-0839c511cf51 \"HTTP/1.1 400 Bad Request\"", "level": "info", "logger": "httpx", "timestamp": "2026-09-12T10:33:42.532080Z"}
{"event": "HTTP Request: GET http://127.0.0.1:56948/api/v1/utils/health-check/ \"HTTP/1.1 200 OK\"", "level": "info", "logger": "httpx", "timestamp": "2026-09-12T10:33:44.176039Z"}
{"method": "POST", "path": "/api/v1/login/access-token", "client_host": "testclient", "event": "request_started", "correlation_id": "30d2b99d-4850-4a4a-91ab-a59a69f08df2", "level": "info", "logger": "app.middleware.RequestLoggingMiddleware", "timestamp": "2026-09-12T10:33:44.211556Z"}
{"method": "POST", "path": "/api/v1/login/access-token", "status_code": 200, "duration": 0.3661, "event": "request_finished", "correlation_id": "30d2b99d-4850-4a4a-91ab-a59a69f08df2", "level": "info", "logger": "app.middleware.RequestLoggingMiddleware", "timestamp": "2026-09-12T10:33:44.577638Z"}
{"event": "HTTP Request: POST http://testserver/api/v1/login/access-token \"HTTP/1.1 200 OK\"", "level": "info", "logger": "httpx", "timestamp": "2026-09-12T10:33:44.577638Z"}
{"method": "GET", "path": "/api/v1/utils/health-check", "client_host": "127.0.0.1", "event": "request_started", "correlation_id": "a7e8b1de-d5d5-4bd5-8c88-9f38dba0514c", "level": "info", "logger": "app.middleware.RequestLoggingMiddleware", "timestamp": "2026-09-12T10:33:44.587936Z"}
{"method": "GET", "path": "/api/v1/utils/health-check", "status_code": 307, "duration": 0.0, "event": "request_finished", "correlation_id": "a7e8b1de-d5d5-4bd5-8c88-9f38dba0514c", "level": "info", "logger": "app.middleware.RequestLoggingMiddleware", "timestamp": "2026-09-12T10:33:44.587936Z"}
{"event": "HTTP Request: GET http://127.0.0.1:56948/api/v1/utils/health-check \"HTTP/1.1 307 Temporary Redirect\"", "level": "info", "logger": "httpx", "timestamp": "2026-09-12T10:33:44.587936Z"}
{"event": "HTTP Request: GET http://127.0.0.1:56948/api/v1/utils/health-check/ \"HTTP/1.1 200 OK\"", "level": "info", "logger": "httpx", "timestamp": "2026-09-12T10:33:44.587936Z"}
{"method": "GET", "path": "/api/v1/users/me", "client_host": "127.0.0.1", "event": "request_started", "correlation_id": "7e786d78-4545-459b-a35a-5fb24cf4fbc8", "level": "info", "logger": "app.middleware.RequestLoggingMiddleware", "timestamp": "2026-09-12T10:33:44.592552Z"}
{"method": "GET", "path": "/api/v1/users/me", "status_code": 200, "duration": 0.0, "event": "request_finished", "correlation_id": "7e786d78-4545-459b-a35a-5fb24cf4fbc8", "level": "info", "logger": "app.middleware.RequestLoggingMiddleware", "timestamp": "2026-09-12T10:33:44.592552Z"}
{"event": "HTTP Request: GET http://127.0.0.1:56948/api/v1/users/me \"HTTP/1.1 200 OK\"", "level": "info", "logger": "httpx", "timestamp": "2026-09-12T10:33:44.592552Z"}
{"method": "POST", "path": "/api/v1/login/access-token", "client_host": "testclient", "event": "request_started", "correlation_id": "707778ba-5ca2-4255-91ce-c2b1a95a37b1", "level": "info", "logger": "app.middleware.RequestLoggingMiddleware", "timestamp": "2026-09-12T10:33:44.607626Z"}
{"method": "POST", "path": "/api/v1/login/access-token", "status_code": 200, "duration": 0.3844, "event": "request_finished", "correlation_id": "707778ba-5ca2-4255-91ce-c2b1a95a37b1", "level": "info", "logger": "app.middleware.RequestLoggingMiddleware", "timestamp": "2026-09-12T10:33:44.992023Z"}
{"event": "HTTP Request: POST http://testserver/api/v1/login/access-token \"HTTP/1.1 200 OK\"", "level": "info", "logger": "httpx", "timestamp": "2026-09-12T10:33:44.992023Z"}
{"method": "POST", "path": "/api/v1/login/access-token", "client_host": "testclient", "event": "request_started", "correlation_id": "3fbdd0ad-493e-4b72-872d-90e45eb551ae", "level": "info", "logger": "app.middleware.RequestLoggingMiddleware", "timestamp": "2026-09-12T10:33:45.003117Z"}
{"method": "POST", "path": "/api/v1/login/access-token", "status_code": 200, "duration": 0.3835, "event": "request_finished", "correlation_id": "3fbdd0ad-493e-4b72-872d-90e45eb551ae", "level": "info", "logger": "app.middleware.RequestLoggingMiddleware", "timestamp": "2026-09-12T10:33:45.386661Z"}
{"event": "HTTP Request: POST http://testserver/api/v1/login/access-token \"HTTP/1.1 200 OK\"", "level": "info", "logger": "httpx", "timestamp": "2026-09-12T10:33:45.388673Z"}
{"method": "POST", "path": "/api/v1/login/access-token", "client_host": "testclient", "event": "request_started", "correlation_id": "535eaf7b-54c4-4108-be35-e1e3017db034", "level": "info", "logger": "app.middleware.RequestLoggingMiddleware", "timestamp": "2026-09-12T10:33:45.398340Z"}
{"method": "POST", "path": "/api/v1/login/access-token", "status_code": 200, "duration": 0.3712, "event": "request_finished", "correlation_id": "535eaf7b-54c4-4108-be35-e1e3017db034", "level": "info", "logger": "app.middleware.RequestLoggingMiddleware", "timestamp": "2026-09-12T10:33:45.769549Z"}
{"event": "HTTP Request: POST http://testserver/api/v1/login/access-token \"HTTP/1.1 200 OK\"", "level": "info", "logger": "httpx", "timestamp": "2026-09-12T10:33:45.769549Z"}
{"method": "POST", "path": "/api/v1/login/refresh-token", "client_host": "testclient", "event": "request_started", "correlation_id": "eef60e99-20db-494e-81d2-e08345aa7c69", "level": "info", "logger": "app.middleware.RequestLoggingMiddleware", "timestamp": "2026-09-12T10:33:45.769549Z"}
{"method": "POST", "path": "/api/v1/login/refresh-token", "status_code": 200, "duration": 0.0089, "event": "request_finished", "correlation_id": "eef60e99-20db-494e-81d2-e08345aa7c69", "level": "info", "logger": "app.middleware.RequestLoggingMiddleware", "timestamp": "2026-09-12T10:33:45.778405Z"}
{"event": "HTTP Request: POST http://testserver/api/v1/login/refresh-token \"HTTP/1.1 200 OK\"", "level": "info", "logger": "httpx", "timestamp": "2026-09-12T10:33:45.778405Z"}
{"method": "POST", "path": "/api/v1/login/access-token", "client_host": "testclient", "event": "request_started", "correlation_id": "d59d6ad3-036b-4df0-aac8-27349defdcd7", "level": "info", "logger": "app.middleware.RequestLoggingMiddleware", "timestamp": "2026-09-12T10:33:45.792134Z"}
{"method": "POST", "path": "/api/v1/login/access-token", "status_code": 200, "duration": 0.3686, "event": "request_finished", "correlation_id": "d59d6ad3-036b-4df0-aac8-27349defdcd7", "level": "info", "logger": "app.middleware.RequestLoggingMiddleware", "timestamp": "2026-09-12T10:33:46.160731Z"}
{"event": "HTTP Request: POST http://testserver/api/v1/login/access-token \"HTTP/1.1 200 OK\"", "level": "info", "logger": "httpx", "timestamp": "2026-09-12T10:33:46.161741Z"}
{"method": "POST", "path": "/api/v1/login/refresh-token", "client_host": "testclient", "event": "request_started", "correlation_id": "12a7c143-3e3a-4810-bc5b-96d1fb68c9eb", "level": "info", "logger": "app.middleware.RequestLoggingMiddleware", "timestamp": "2026-09-12T10:33:46.163316Z"}
{"method": "POST", "path": "/api/v1/login/refresh-token", "status_code": 200, "duration": 0.0033, "event": "request_finished", "correlation_id": "12a7c143-3e3a-4810-bc5b-96d1fb68c9eb", "level": "info", "logger": "app.middleware.RequestLoggingMiddleware", "timestamp": "2026-09-12T10:33:46.166570Z"}
{"event": "HTTP Request: POST http://testserver/api/v1/login/refresh-token \"HTTP/1.1 200 OK\"", "level": "info", "logger": "httpx", "timestamp": "2026-09-12T10:33:46.168319Z"}
{"method": "POST", "path": "/api/v1/login/refresh-token", "client_host": "testclient", "event": "request_started", "correlation_id": "70b0abd9-ae43-4d22-89db-ea6df50d0607", "level": "info", "logger": "app.middleware.RequestLoggingMiddleware", "timestamp": "2026-09-12T10:33:46.168319Z"}
{"method": "POST", "path": "/api/v1/login/refresh-token", "status_code": 401, "duration": 0.005, "event": "request_finished", "correlation_id": "70b0abd9-ae43-4d22-89db-ea6df50d0607", "level": "info", "logger": "app.middleware.RequestLoggingMiddleware", "timestamp": "2026-09-12T10:33:46.173275Z"}
{"event": "HTTP Request: POST http://testserver/api/v1/login/refresh-token \"HTTP/1.1 401 Unauthorized\"", "level": "info", "logger": "httpx", "timestamp": "2026-09-12T10:33:46.173275Z"}
{"method": "POST", "path": "/api/v1/login/refresh-token", "client_host": "testclient", "event": "request_started", "correlation_id": "2ed2d515-47f8-40c2-a399-27f858388300", "level": "info", "logger": "app.middleware.RequestLoggingMiddleware", "timestamp": "2026-09-12T10:33:46.182310Z"}
{"method": "POST", "path": "/api/v1/login/refresh-token", "status_code": 401, "duration": 0.0029, "event": "request_finished", "correlation_id": "2ed2d515-47f8-40c2-a399-27f858388300", "level": "info", "logger": "app.middleware.RequestLoggingMiddleware", "timestamp": "2026-09-12T10:33:46.185162Z"}
{"event": "HTTP Request: POST http://testserver/api/v1/login/refresh-token \"HTTP/1.1 401 Unauthorized\"", "level": "info", "logger": "httpx", "timestamp": "2026-09-12T10:33:46.185708Z"}
{"method": "POST", "path": "/api/v1/login/access-token", "client_host": "testclient", "event": "request_started", "correlation_id": "2ae47d4d-427e-4b82-ad51-1d1872a1971b", "level": "info", "logger": "app.middleware.RequestLoggingMiddleware", "timestamp": "2026-09-12T10:33:46.192636Z"}
{"method": "POST", "path": "/api/v1/login/access-token", "status_code": 200, "duration": 0.3766, "event": "request_finished", "correlation_id": "2ae47d4d-427e-4b82-ad51-1d1872a1971b", "level": "info", "logger": "app.middleware.RequestLoggingMiddleware", "timestamp": "2026-09-12T10:33:46.569274Z"}
{"event": "HTTP Request: POST http://testserver/api/v1/login/access-token \"HTTP/1.1 200 OK\"", "level": "info", "logger": "httpx", "timestamp": "2026-09-12T10:33:46.569274Z"}
{"method": "POST", "path": "/api/v1/login/logout", "client_host": "testclient", "event": "request_started", "correlation_id": "4d360e13-5a01-4973-a5ec-d428ff4c273f", "level": "info", "logger": "app.middleware.RequestLoggingMiddleware", "timestamp": "2026-09-12T10:33:46.569274Z"}
{"method": "POST", "path": "/api/v1/login/logout", "status_code": 200, "duration": 0.0065, "event": "request_finished", "correlation_id": "4d360e13-5a01-4973-a5ec-d428ff4c273f", "level": "info", "logger": "app.middleware.RequestLoggingMiddleware", "timestamp": "2026-09-12T10:33:46.575799Z"}
{"event": "HTTP Request: POST http://testserver/api/v1/login/logout \"HTTP/1.1 200 OK\"", "level": "info", "logger": "httpx", "timestamp": "2026-09-12T10:33:46.575799Z"}
{"method": "POST", "path": "/api/v1/login/refresh-token", "client_host": "testclient", "event": "request_started", "correlation_id": "f53f9a80-6f84-49d1-9291-58965caa0e7c", "level": "info", "logger": "app.middleware.RequestLoggingMiddleware", "timestamp": "2026-09-12T10:33:46.575799Z"}
{"method": "POST", "path": "/api/v1/login/refresh-token", "status_code": 401, "duration": 0.0043, "event": "request_finished", "correlation_id": "f53f9a80-6f84-49d1-9291-58965caa0e7c", "level": "info", "logger": "app.middleware.RequestLoggingMiddleware", "timestamp": "2026-09-12T10:33:46.580083Z"}
{"event": "HTTP Request: POST http://testserver/api/v1/login/refresh-token \"HTTP/1.1 401 Unauthorized\"", "level": "info", "logger": "httpx", "timestamp": "2026-09-12T10:33:46.580083Z"}
{"method": "POST", "path": "/api/v1/login/access-token", "client_host": "testclient", "event": "request_started", "correlation_id": "00247c42-21dd-4ea9-9cf9-dd9e3d5a444b", "level": "info", "logger": "app.middleware.RequestLoggingMiddleware", "timestamp": "2026-09-12T10:33:46.589174Z"}
{"method": "POST", "path": "/api/v1/login/access-token", "status_code": 400, "duration": 0.3631, "event": "request_finished", "correlation_id": "00247c42-21dd-4ea9-9cf9-dd9e3d5a444b", "level": "info", "logger": "app.middleware.RequestLoggingMiddleware", "timestamp": "2026-09-12T10:33:46.952283Z"}
{"event": "HTTP Request: POST http://testserver/api/v1/login/access-token \"HTTP/1.1 400 Bad Request\"", "level": "info", "logger": "httpx", "timestamp": "2026-09-12T10:33:46.952283Z"}
{"method": "POST", "path": "/api/v1/login/access-token", "client_host": "testclient", "event": "request_started", "correlation_id": "ad41e3cd-a165-42d9-93a9-3514020acc9f", "level": "info", "logger": "app.middleware.RequestLoggingMiddleware", "timestamp": "2026-09-12T10:33:46.969900Z"}
{"method": "POST", "path": "/api/v1/login/access-token", "status_code": 200, "duration": 0.3838, "event": "request_finished", "correlation_id": "ad41e3cd-a165-42d9-93a9-3514020acc9f", "level": "info", "logger": "app.middleware.RequestLoggingMiddleware", "timestamp": "2026-09-12T10:33:47.353704Z"}
{"event": "HTTP Request: POST http://testserver/api/v1/login/access-token \"HTTP/1.1 200 OK\"", "level": "info", "logger": "httpx", "timestamp": "2026-09-12T10:33:47.353704Z"}
{"method": "POST", "path": "/api/v1/login/test-token", "client_host": "testclient", "event": "request_started", "correlation_id": "a63d68c4-3571-492c-acb0-a6dcbaf2dae1", "level": "info", "logger": "app.middleware.RequestLoggingMiddleware", "timestamp": "2026-09-12T10:33:47.353704Z"}
{"method": "POST", "path": "/api/v1/login/test-token", "status_code": 200, "duration": 0.0, "event": "request_finished", "correlation_id": "a63d68c4-3571-492c-acb0-a6dcbaf2dae1", "level": "info", "logger": "app.middleware.RequestLoggingMiddleware", "timestamp": "2026-09-12T10:33:47.353704Z"}
{"event": "HTTP Request: POST http://testserver/api/v1/login/test-token \"HTTP/1.1 200 OK\"", "level": "info", "logger": "httpx", "timestamp": "2026-09-12T10:33:47.353704Z"}
{"method": "POST", "path": "/api/v1/login/access-token", "client_host": "testclient", "event": "request_started", "correlation_id": "3371a7cf-55b3-471f-b039-4c8970e8c521", "level": "info", "logger": "app.middleware.RequestLoggingMiddleware", "timestamp": "2026-09-12T10:33:47.748746Z"}
{"method": "POST", "path": "/api/v1/login/access-token", "status_code": 200, "duration": 0.3973, "event": "request_finished", "correlation_id": "3371a7cf-55b3-471f-b039-4c8970e8c521", "level": "info", "logger": "app.middleware.RequestLoggingMiddleware", "timestamp": "2026-09-12T10:33:48.146075Z"}
{"event": "HTTP Request: POST http://testserver/api/v1/login/access-token \"HTTP/1.1 200 OK\"", "level": "info", "logger": "httpx", "timestamp": "2026-09-12T10:33:48.147610Z"}
{"method": "POST", "path": "/api/v1/password-recovery/test@example.com", "client_host": "testclient", "event": "request_started", "correlation_id": "89e6f8b5-1683-412b-83b3-591fb66c90b0", "level": "info", "logger": "app.middleware.RequestLoggingMiddleware", "timestamp": "2026-09-12T10:33:48.148846Z"}
{"event": "Preparing to send email to test@example.com", "correlation_id": "89e6f8b5-1683-412b-83b3-591fb66c90b0", "level": "info", "logger": "app.utils", "timestamp": "2026-09-12T10:33:48.148846Z"}
{"event": "SMTP Config: Host=smtp.example.com, Port=587, TLS=True, User=admin@example.com", "correlation_id": "89e6f8b5-1683-412b-83b3-591fb66c90b0", "level": "info", "logger": "app.utils", "timestamp": "2026-09-12T10:33:48.148846Z"}
{"event": "Failed to send email: [Errno 11001] getaddrinfo failed", "correlation_id": "89e6f8b5-1683-412b-83b3-591fb66c90b0", "level": "error", "logger": "app.utils", "timestamp": "2026-09-12T10:33:48.262545Z"}
{"event": "Traceback (most recent call last):\n  File \"C:\\Users\\kiran\\Desktop\\doit-prod\\backend\\app\\utils.py\", line 74, in send_email\n    with smtplib.SMTP(settings.SMTP_HOST, settings.SMTP_PORT) as server:\n         ^^^^^^^^^^^^^^^^^^^^^^^^^^^^^^^^^^^^^^^^^^^^^^^^^^^^\n  File \"C:\\Users\\kiran\\AppData\\Roaming\\uv\\python\\cpython-3.12.12-windows-x86_64-none\\Lib\\smtplib.py\", line 255, in __init__\n    (code, msg) = self.connect(host, port)\n                  ^^^^^^^^^^^^^^^^^^^^^^^^\n  File \"C:\\Users\\kiran\\AppData\\Roaming\\uv\\python\\cpython-3.12.12-windows-x86_64-none\\Lib\\smtplib.py\", line 341, in connect\n    self.sock = self._get_socket(host, port, self.timeout)\n                ^^^^^^^^^^^^^^^^^^^^^^^^^^^^^^^^^^^^^^^^^^\n  File \"C:\\Users\\kiran\\AppData\\Roaming\\uv\\python\\cpython-3.12.12-windows-x86_64-none\\Lib\\smtplib.py\", line 312, in _get_socket\n    return socket.create_connection((host, port), timeout,\n           ^^^^^^^^^^^^^^^^^^^^^^^^^^^^^^^^^^^^^^^^^^^^^^^\n  File \"C:\\Users\\kiran\\AppData\\Roaming\\uv\\python\\cpython-3.12.12-windows-x86_64-none\\Lib\\socket.py\", line 841, in create_connection\n    for res in getaddrinfo(host, port, 0, SOCK_STREAM):\n               ^^^^^^^^^^^^^^^^^^^^^^^^^^^^^^^^^^^^^^^\n  File \"C:\\Users\\kiran\\AppData\\Roaming\\uv\\python\\cpython-3.12.12-windows-x86_64-none\\Lib\\socket.py\", line 978, in getaddrinfo\n    for res in _socket.getaddrinfo(host, port, family, type, proto, flags):\n               ^^^^^^^^^^^^^^^^^^^^^^^^^^^^^^^^^^^^^^^^^^^^^^^^^^^^^^^^^^^\nsocket.gaierror: [Errno 11001] getaddrinfo failed\n", "correlation_id": "89e6f8b5-1683-412b-83b3-591fb66c90b0", "level": "error", "logger": "app.utils", "timestamp": "2026-09-12T10:33:48.271838Z"}
{"method": "POST", "path": "/api/v1/password-recovery/test@example.com", "status_code": 200, "duration": 0.123, "event": "request_finished", "correlation_id": "89e6f8b5-1683-412b-83b3-591fb66c90b0", "level": "info", "logger": "app.middleware.RequestLoggingMiddleware", "timestamp": "2026-09-12T10:33:48.271838Z"}
{"event": "HTTP Request: POST http://testserver/api/v1/password-recovery/test@example.com \"HTTP/1.1 200 OK\"", "level": "info", "logger": "httpx", "timestamp": "2026-09-12T10:33:48.278073Z"}
{"method": "POST", "path": "/api/v1/login/access-token", "client_host": "testclient", "event": "request_started", "correlation_id": "7d3e44b1-306b-45e1-9dc3-e193f3ecf662", "level": "info", "logger": "app.middleware.RequestLoggingMiddleware", "timestamp": "2026-09-12T10:33:48.699589Z"}
{"method": "POST", "path": "/api/v1/login/access-token", "status_code": 200, "duration": 0.388, "event": "request_finished", "correlation_id": "7d3e44b1-306b-45e1-9dc3-e193f3ecf662", "level": "info", "logger": "app.middleware.RequestLoggingMiddleware", "timestamp": "2026-09-12T10:33:49.087578Z"}
{"event": "HTTP Request: POST http://testserver/api/v1/login/access-token \"HTTP/1.1 200 OK\"", "level": "info", "logger": "httpx", "timestamp": "2026-09-12T10:33:49.087578Z"}
{"method": "POST", "path": "/api/v1/password-recovery/jVgQr@example.com", "client_host": "testclient", "event": "request_started", "correlation_id": "33904b87-2bd0-418a-ba24-7452b9dfc7f8", "level": "info", "logger": "app.middleware.RequestLoggingMiddleware", "timestamp": "2026-09-12T10:33:49.087578Z"}
{"method": "POST", "path": "/api/v1/password-recovery/jVgQr@example.com", "status_code": 404, "duration": 0.0, "event": "request_finished", "correlation_id": "33904b87-2bd0-418a-ba24-7452b9dfc7f8", "level": "info", "logger": "app.middleware.RequestLoggingMiddleware", "timestamp": "2026-09-12T10:33:49.087578Z"}
{"event": "HTTP Request: POST http://testserver/api/v1/password-recovery/jVgQr@example.com \"HTTP/1.1 404 Not Found\"", "level": "info", "logger": "httpx", "timestamp": "2026-09-12T10:33:49.087578Z"}
{"method": "POST", "path": "/api/v1/login/access-token", "client_host": "testclient", "event": "request_started", "correlation_id": "1fe93464-765d-4ec2-bcde-db2f7a344c05", "level": "info", "logger": "app.middleware.RequestLoggingMiddleware", "timestamp": "2026-09-12T10:33:49.489365Z"}
{"method": "POST", "path": "/api/v1/login/access-token", "status_code": 200, "duration": 0.3933, "event": "request_finished", "correlation_id": "1fe93464-765d-4ec2-bcde-db2f7a344c05", "level": "info", "logger": "app.middleware.RequestLoggingMiddleware", "timestamp": "2026-09-12T10:33:49.882689Z"}
{"event": "HTTP Request: POST http://testserver/api/v1/login/access-token \"HTTP/1.1 200 OK\"", "level": "info", "logger": "httpx", "timestamp": "2026-09-12T10:33:49.882689Z"}
{"method": "POST", "path": "/api/v1/reset-password/", "client_host": "testclient", "event": "request_started", "correlation_id": "a9c0c9f9-d032-4f11-ac8a-efa5f39a937f", "level": "info", "logger": "app.middleware.RequestLoggingMiddleware", "timestamp": "2026-09-12T10:33:49.882689Z"}
{"method": "POST", "path": "/api/v1/reset-password/", "status_code": 200, "duration": 0.378, "event": "request_finished", "correlation_id": "a9c0c9f9-d032-4f11-ac8a-efa5f39a937f", "level": "info", "logger": "app.middleware.RequestLoggingMiddleware", "timestamp": "2026-09-12T10:33:50.260733Z"}
{"event": "HTTP Request: POST http://testserver/api/v1/reset-password/ \"HTTP/1.1 200 OK\"", "level": "info", "logger": "httpx", "timestamp": "2026-09-12T10:33:50.260733Z"}
{"method": "POST", "path": "/api/v1/login/access-token", "client_host": "testclient", "event": "request_started", "correlation_id": "cfe94c7d-3230-407d-b942-b5d9dd95b01e", "level": "info", "logger": "app.middleware.RequestLoggingMiddleware", "timestamp": "2026-09-12T10:33:50.654992Z"}
{"method": "POST", "path": "/api/v1/login/access-token", "status_code": 200, "duration": 0.3795, "event": "request_finished", "correlation_id": "cfe94c7d-3230-407d-b942-b5d9dd95b01e", "level": "info", "logger": "app.middleware.RequestLoggingMiddleware", "timestamp": "2026-09-12T10:33:51.033943Z"}
{"event": "HTTP Request: POST http://testserver/api/v1/login/access-token \"HTTP/1.1 200 OK\"", "level": "info", "logger": "httpx", "timestamp": "2026-09-12T10:33:51.035038Z"}
{"method": "POST", "path": "/api/v1/reset-password/", "client_host": "testclient", "event": "request_started", "correlation_id": "9c070a58-f7b0-4af9-b9e0-fe0d17d791d5", "level": "info", "logger": "app.middleware.RequestLoggingMiddleware", "timestamp": "2026-09-12T10:33:51.035038Z"}
{"method": "POST", "path": "/api/v1/reset-password/", "status_code": 400, "duration": 0.0, "event": "request_finished", "correlation_id": "9c070a58-f7b0-4af9-b9e0-fe0d17d791d5", "level": "info", "logger": "app.middleware.RequestLoggingMiddleware", "timestamp": "2026-09-12T10:33:51.035038Z"}
{"event": "HTTP Request: POST http://testserver/api/v1/reset-password/ \"HTTP/1.1 400 Bad Request\"", "level": "info", "logger": "httpx", "timestamp": "2026-09-12T10:33:51.035038Z"}
{"method": "POST", "path": "/api/v1/private/users/", "client_host": "testclient", "event": "request_started", "correlation_id": "d2cf281a-4e8b-470e-9c4f-bf100db00e8a", "level": "info", "logger": "app.middleware.RequestLoggingMiddleware", "timestamp": "2026-09-12T10:33:51.049325Z"}
{"method": "POST", "path": "/api/v1/private/users/", "status_code": 200, "duration": 0.3784, "event": "request_finished", "correlation_id": "d2cf281a-4e8b-470e-9c4f-bf100db00e8a", "level": "info", "logger": "app.middleware.RequestLoggingMiddleware", "timestamp": "2026-09-12T10:33:51.427753Z"}
{"event": "HTTP Request: POST http://testserver/api/v1/private/users/ \"HTTP/1.1 200 OK\"", "level": "info", "logger": "httpx", "timestamp": "2026-09-12T10:33:51.427753Z"}
{"method": "POST", "path": "/api/v1/login/access-token", "client_host": "testclient", "event": "request_started", "correlation_id": "160b9641-9314-4f8b-a2fd-099c0e28c283", "level": "info", "logger": "app.middleware.RequestLoggingMiddleware", "timestamp": "2026-09-12T10:33:51.440586Z"}
{"method": "POST", "path": "/api/v1/login/access-token", "status_code": 200, "duration": 0.3843, "event": "request_finished", "correlation_id": "160b9641-9314-4f8b-a2fd-099c0e28c283", "level": "info", "logger": "app.middleware.RequestLoggingMiddleware", "timestamp": "2026-09-12T10:33:51.824858Z"}
{"event": "HTTP Request: POST http://testserver/api/v1/login/access-token \"HTTP/1.1 200 OK\"", "level": "info", "logger": "httpx", "timestamp": "2026-09-12T10:33:51.825633Z"}
{"method": "POST", "path": "/api/v1/workspaces/", "client_host": "testclient", "event": "request_started", "correlation_id": "a6a3ef22-8e53-48a8-8af9-2318f76ab46b", "level": "info", "logger": "app.middleware.RequestLoggingMiddleware", "timestamp": "2026-09-12T10:33:51.829970Z"}
{"method": "POST", "path": "/api/v1/workspaces/", "status_code": 200, "duration": 0.0102, "event": "request_finished", "correlation_id": "a6a3ef22-8e53-48a8-8af9-2318f76ab46b", "level": "info", "logger": "app.middleware.RequestLoggingMiddleware", "timestamp": "2026-09-12T10:33:51.840183Z"}
{"event": "HTTP Request: POST http://testserver/api/v1/workspaces/ \"HTTP/1.1 200 OK\"", "level": "info", "logger": "httpx", "timestamp": "2026-09-12T10:33:51.840183Z"}
{"method": "POST", "path": "/api/v1/projects/", "client_host": "testclient", "event": "request_started", "correlation_id": "d3b58972-2b4f-428a-9bf6-a5895544f1d1", "level": "info", "logger": "app.middleware.RequestLoggingMiddleware", "timestamp": "2026-09-12T10:33:51.840183Z"}
{"method": "POST", "path": "/api/v1/projects/", "status_code": 200, "duration": 0.0065, "event": "request_finished", "correlation_id": "d3b58972-2b4f-428a-9bf6-a5895544f1d1", "level": "info", "logger": "app.middleware.RequestLoggingMiddleware", "timestamp": "2026-09-12T10:33:51.846662Z"}
{"event": "HTTP Request: POST http://testserver/api/v1/projects/ \"HTTP/1.1 200 OK\"", "level": "info", "logger": "httpx", "timestamp": "2026-09-12T10:33:51.846662Z"}
{"method": "POST", "path": "/api/v1/login/access-token", "client_host": "testclient", "event": "request_started", "correlation_id": "403e5571-2e4b-4bf7-bd86-8a324762bb4e", "level": "info", "logger": "app.middleware.RequestLoggingMiddleware", "timestamp": "2026-09-12T10:33:51.864088Z"}
{"method": "POST", "path": "/api/v1/login/access-token", "status_code": 200, "duration": 0.3835, "event": "request_finished", "correlation_id": "403e5571-2e4b-4bf7-bd86-8a324762bb4e", "level": "info", "logger": "app.middleware.RequestLoggingMiddleware", "timestamp": "2026-09-12T10:33:52.246890Z"}
{"event": "HTTP Request: POST http://testserver/api/v1/login/access-token \"HTTP/1.1 200 OK\"", "level": "info", "logger": "httpx", "timestamp": "2026-09-12T10:33:52.246890Z"}
{"method": "POST", "path": "/api/v1/workspaces/", "client_host": "testclient", "event": "request_started", "correlation_id": "80d76929-22ad-4d5b-b9df-4fcd828ba935", "level": "info", "logger": "app.middleware.RequestLoggingMiddleware", "timestamp": "2026-09-12T10:33:52.246890Z"}
{"method": "POST", "path": "/api/v1/workspaces/", "status_code": 200, "duration": 0.0, "event": "request_finished", "correlation_id": "80d76929-22ad-4d5b-b9df-4fcd828ba935", "level": "info", "logger": "app.middleware.RequestLoggingMiddleware", "timestamp": "2026-09-12T10:33:52.246890Z"}
{"event": "HTTP Request: POST http://testserver/api/v1/workspaces/ \"HTTP/1.1 200 OK\"", "level": "info", "logger": "httpx", "timestamp": "2026-09-12T10:33:52.259122Z"}
{"method": "POST", "path": "/api/v1/projects/", "client_host": "testclient", "event": "request_started", "correlation_id": "6303ffc0-9128-4e6e-a7a6-0e02bfe06c21", "level": "info", "logger": "app.middleware.RequestLoggingMiddleware", "timestamp": "2026-09-12T10:33:52.260720Z"}
{"method": "POST", "path": "/api/v1/projects/", "status_code": 200, "duration": 0.0005, "event": "request_finished", "correlation_id": "6303ffc0-9128-4e6e-a7a6-0e02bfe06c21", "level": "info", "logger": "app.middleware.RequestLoggingMiddleware", "timestamp": "2026-09-12T10:33:52.261225Z"}
{"event": "HTTP Request: POST http://testserver/api/v1/projects/ \"HTTP/1.1 200 OK\"", "level": "info", "logger": "httpx", "timestamp": "2026-09-12T10:33:52.261225Z"}
{"method": "GET", "path": "/api/v1/projects/", "client_host": "testclient", "event": "request_started", "correlation_id": "543b0f32-debc-49c9-b5c2-7946c2743184", "level": "info", "logger": "app.middleware.RequestLoggingMiddleware", "timestamp": "2026-09-12T10:33:52.261225Z"}
{"method": "GET", "path": "/api/v1/projects/", "status_code": 200, "duration": 0.0166, "event": "request_finished", "correlation_id": "543b0f32-debc-49c9-b5c2-7946c2743184", "level": "info", "logger": "app.middleware.RequestLoggingMiddleware", "timestamp": "2026-09-12T10:33:52.277815Z"}
{"event": "HTTP Request: GET http://testserver/api/v1/projects/ \"HTTP/1.1 200 OK\"", "level": "info", "logger": "httpx", "timestamp": "2026-09-12T10:33:52.277815Z"}
{"method": "POST", "path": "/api/v1/login/access-token", "client_host": "testclient", "event": "request_started", "correlation_id": "739c0dd7-cc27-4195-afb7-5295153067af", "level": "info", "logger": "app.middleware.RequestLoggingMiddleware", "timestamp": "2026-09-12T10:33:52.289077Z"}
{"method": "POST", "path": "/api/v1/login/access-token", "status_code": 200, "duration": 0.3821, "event": "request_finished", "correlation_id": "739c0dd7-cc27-4195-afb7-5295153067af", "level": "info", "logger": "app.middleware.RequestLoggingMiddleware", "timestamp": "2026-09-12T10:33:52.671224Z"}
{"event": "HTTP Request: POST http://testserver/api/v1/login/access-token \"HTTP/1.1 200 OK\"", "level": "info", "logger": "httpx", "timestamp": "2026-09-12T10:33:52.677347Z"}
{"method": "POST", "path": "/api/v1/workspaces/", "client_host": "testclient", "event": "request_started", "correlation_id": "ba200cef-64a8-48d5-91d3-44403ddcf6d3", "level": "info", "logger": "app.middleware.RequestLoggingMiddleware", "timestamp": "2026-09-12T10:33:52.677709Z"}
{"method": "POST", "path": "/api/v1/workspaces/", "status_code": 200, "duration": 0.0034, "event": "request_finished", "correlation_id": "ba200cef-64a8-48d5-91d3-44403ddcf6d3", "level": "info", "logger": "app.middleware.RequestLoggingMiddleware", "timestamp": "2026-09-12T10:33:52.681146Z"}
{"event": "HTTP Request: POST http://testserver/api/v1/workspaces/ \"HTTP/1.1 200 OK\"", "level": "info", "logger": "httpx", "timestamp": "2026-09-12T10:33:52.681146Z"}
{"method": "POST", "path": "/api/v1/projects/", "client_host": "testclient", "event": "request_started", "correlation_id": "15b5e3c1-b0cf-43ec-b3a5-b64b5e75080b", "level": "info", "logger": "app.middleware.RequestLoggingMiddleware", "timestamp": "2026-09-12T10:33:52.687180Z"}
{"method": "POST", "path": "/api/v1/projects/", "status_code": 200, "duration": 0.0069, "event": "request_finished", "correlation_id": "15b5e3c1-b0cf-43ec-b3a5-b64b5e75080b", "level": "info", "logger": "app.middleware.RequestLoggingMiddleware", "timestamp": "2026-09-12T10:33:52.694059Z"}
{"event": "HTTP Request: POST http://testserver/api/v1/projects/ \"HTTP/1.1 200 OK\"", "level": "info", "logger": "httpx", "timestamp": "2026-09-12T10:33:52.694464Z"}
{"method": "PUT", "path": "/api/v1/projects/9292836c-0bb5-4530-9160-668f7885aef4", "client_host": "testclient", "event": "request_started", "correlation_id": "e432bc28-e7d8-4061-8721-e3376c8e5553", "level": "info", "logger": "app.middleware.RequestLoggingMiddleware", "timestamp": "2026-09-12T10:33:52.694464Z"}
{"method": "PUT", "path": "/api/v1/projects/9292836c-0bb5-4530-9160-668f7885aef4", "status_code": 200, "duration": 0.0084, "event": "request_finished", "correlation_id": "e432bc28-e7d8-4061-8721-e3376c8e5553", "level": "info", "logger": "app.middleware.RequestLoggingMiddleware", "timestamp": "2026-09-12T10:33:52.702899Z"}
{"event": "HTTP Request: PUT http://testserver/api/v1/projects/9292836c-0bb5-4530-9160-668f7885aef4 \"HTTP/1.1 200 OK\"", "level": "info", "logger": "httpx", "timestamp": "2026-09-12T10:33:52.702899Z"}
{"method": "POST", "path": "/api/v1/login/access-token", "client_host": "testclient", "event": "request_started", "correlation_id": "e449e315-a18b-4a52-9b96-bf331d76a951", "level": "info", "logger": "app.middleware.RequestLoggingMiddleware", "timestamp": "2026-09-12T10:33:52.715213Z"}
{"method": "POST", "path": "/api/v1/login/access-token", "status_code": 200, "duration": 0.4082, "event": "request_finished", "correlation_id": "e449e315-a18b-4a52-9b96-bf331d76a951", "level": "info", "logger": "app.middleware.RequestLoggingMiddleware", "timestamp": "2026-09-12T10:33:53.123413Z"}
{"event": "HTTP Request: POST http://testserver/api/v1/login/access-token \"HTTP/1.1 200 OK\"", "level": "info", "logger": "httpx", "timestamp": "2026-09-12T10:33:53.125428Z"}
{"method": "POST", "path": "/api/v1/workspaces/", "client_host": "testclient", "event": "request_started", "correlation_id": "756e8177-3f3e-4620-b32e-25199d2df05f", "level": "info", "logger": "app.middleware.RequestLoggingMiddleware", "timestamp": "2026-09-12T10:33:53.128039Z"}
{"method": "POST", "path": "/api/v1/workspaces/", "status_code": 200, "duration": 0.0, "event": "request_finished", "correlation_id": "756e8177-3f3e-4620-b32e-25199d2df05f", "level": "info", "logger": "app.middleware.RequestLoggingMiddleware", "timestamp": "2026-09-12T10:33:53.128039Z"}
{"event": "HTTP Request: POST http://testserver/api/v1/workspaces/ \"HTTP/1.1 200 OK\"", "level": "info", "logger": "httpx", "timestamp": "2026-09-12T10:33:53.138940Z"}
{"method": "POST", "path": "/api/v1/projects/", "client_host": "testclient", "event": "request_started", "correlation_id": "c9f83673-ac00-4fc4-8140-f7b93790b9c7", "level": "info", "logger": "app.middleware.RequestLoggingMiddleware", "timestamp": "2026-09-12T10:33:53.138940Z"}
{"method": "POST", "path": "/api/v1/projects/", "status_code": 200, "duration": 0.0057, "event": "request_finished", "correlation_id": "c9f83673-ac00-4fc4-8140-f7b93790b9c7", "level": "info", "logger": "app.middleware.RequestLoggingMiddleware", "timestamp": "2026-09-12T10:33:53.144629Z"}
{"event": "HTTP Request: POST http://testserver/api/v1/projects/ \"HTTP/1.1 200 OK\"", "level": "info", "logger": "httpx", "timestamp": "2026-09-12T10:33:53.144629Z"}
{"method": "DELETE", "path": "/api/v1/projects/cb970ebc-b2cc-49e7-909b-ab199955f602", "client_host": "testclient", "event": "request_started", "correlation_id": "562f443d-a45a-4995-8015-609760dd7374", "level": "info", "logger": "app.middleware.RequestLoggingMiddleware", "timestamp": "2026-09-12T10:33:53.144629Z"}
{"method": "DELETE", "path": "/api/v1/projects/cb970ebc-b2cc-49e7-909b-ab199955f602", "status_code": 200, "duration": 0.0186, "event": "request_finished", "correlation_id": "562f443d-a45a-4995-8015-609760dd7374", "level": "info", "logger": "app.middleware.RequestLoggingMiddleware", "timestamp": "2026-09-12T10:33:53.163254Z"}
{"event": "HTTP Request: DELETE http://testserver/api/v1/projects/cb970ebc-b2cc-49e7-909b-ab199955f602 \"HTTP/1.1 200 OK\"", "level": "info", "logger": "httpx", "timestamp": "2026-09-12T10:33:53.163254Z"}
{"method": "GET", "path": "/api/v1/projects/cb970ebc-b2cc-49e7-909b-ab199955f602", "client_host": "testclient", "event": "request_started", "correlation_id": "d28142e1-9276-4245-89ef-61552e9903e6", "level": "info", "logger": "app.middleware.RequestLoggingMiddleware", "timestamp": "2026-09-12T10:33:53.163254Z"}
{"method": "GET", "path": "/api/v1/projects/cb970ebc-b2cc-49e7-909b-ab199955f602", "status_code": 404, "duration": 0.0, "event": "request_finished", "correlation_id": "d28142e1-9276-4245-89ef-61552e9903e6", "level": "info", "logger": "app.middleware.RequestLoggingMiddleware", "timestamp": "2026-09-12T10:33:53.163254Z"}
{"event": "HTTP Request: GET http://testserver/api/v1/projects/cb970ebc-b2cc-49e7-909b-ab199955f602 \"HTTP/1.1 404 Not Found\"", "level": "info", "logger": "httpx", "timestamp": "2026-09-12T10:33:53.163254Z"}
{"method": "POST", "path": "/api/v1/login/access-token", "client_host": "testclient", "event": "request_started", "correlation_id": "05db51a3-165b-44ea-9731-082f59f4918e", "level": "info", "logger": "app.middleware.RequestLoggingMiddleware", "timestamp": "2026-09-12T10:33:53.178467Z"}
{"method": "POST", "path": "/api/v1/login/access-token", "status_code": 200, "duration": 0.3965, "event": "request_finished", "correlation_id": "05db51a3-165b-44ea-9731-082f59f4918e", "level": "info", "logger": "app.middleware.RequestLoggingMiddleware", "timestamp": "2026-09-12T10:33:53.574957Z"}
{"event": "HTTP Request: POST http://testserver/api/v1/login/access-token \"HTTP/1.1 200 OK\"", "level": "info", "logger": "httpx", "timestamp": "2026-09-12T10:33:53.576098Z"}
{"method": "GET", "path": "/api/v1/users/me", "client_host": "testclient", "event": "request_started", "correlation_id": "c5fcc482-10af-400b-b8da-376c429cf039", "level": "info", "logger": "app.middleware.RequestLoggingMiddleware", "timestamp": "2026-09-12T10:33:53.577954Z"}
{"method": "GET", "path": "/api/v1/users/me", "status_code": 200, "duration": 0.0047, "event": "request_finished", "correlation_id": "c5fcc482-10af-400b-b8da-376c429cf039", "level": "info", "logger": "app.middleware.RequestLoggingMiddleware", "timestamp": "2026-09-12T10:33:53.582687Z"}
{"event": "HTTP Request: GET http://testserver/api/v1/users/me \"HTTP/1.1 200 OK\"", "level": "info", "logger": "httpx", "timestamp": "2026-09-12T10:33:53.583963Z"}
{"method": "POST", "path": "/api/v1/workspaces/", "client_host": "testclient", "event": "request_started", "correlation_id": "e0377a81-00c4-43ee-9508-c33c8302a623", "level": "info", "logger": "app.middleware.RequestLoggingMiddleware", "timestamp": "2026-09-12T10:33:53.585250Z"}
{"method": "POST", "path": "/api/v1/workspaces/", "status_code": 200, "duration": 0.0076, "event": "request_finished", "correlation_id": "e0377a81-00c4-43ee-9508-c33c8302a623", "level": "info", "logger": "app.middleware.RequestLoggingMiddleware", "timestamp": "2026-09-12T10:33:53.592897Z"}
{"event": "HTTP Request: POST http://testserver/api/v1/workspaces/ \"HTTP/1.1 200 OK\"", "level": "info", "logger": "httpx", "timestamp": "2026-09-12T10:33:53.594012Z"}
{"method": "POST", "path": "/api/v1/projects/", "client_host": "testclient", "event": "request_started", "correlation_id": "525a331b-a721-4a7f-9139-d619c9f668dd", "level": "info", "logger": "app.middleware.RequestLoggingMiddleware", "timestamp": "2026-09-12T10:33:53.595055Z"}
{"method": "POST", "path": "/api/v1/projects/", "status_code": 200, "duration": 0.0043, "event": "request_finished", "correlation_id": "525a331b-a721-4a7f-9139-d619c9f668dd", "level": "info", "logger": "app.middleware.RequestLoggingMiddleware", "timestamp": "2026-09-12T10:33:53.599374Z"}
{"event": "HTTP Request: POST http://testserver/api/v1/projects/ \"HTTP/1.1 200 OK\"", "level": "info", "logger": "httpx", "timestamp": "2026-09-12T10:33:53.599374Z"}
{"method": "POST", "path": "/api/v1/tasks/", "client_host": "testclient", "event": "request_started", "correlation_id": "065ad54e-ea1d-4895-a7ad-639aab89d528", "level": "info", "logger": "app.middleware.RequestLoggingMiddleware", "timestamp": "2026-09-12T10:33:53.604888Z"}
{"event": "Generating task assignment email with context: {'project_name': 'Task Project', 'workspace_name': 'Task Workspace', 'task_title': 'Test Task', 'assignee_name': 'admin@doit.com', 'email': 'admin@doit.com'}", "correlation_id": "065ad54e-ea1d-4895-a7ad-639aab89d528", "level": "info", "logger": "app.utils", "timestamp": "2026-09-12T10:33:53.621313Z"}
{"method": "POST", "path": "/api/v1/tasks/", "status_code": 200, "duration": 0.023, "event": "request_finished", "correlation_id": "065ad54e-ea1d-4895-a7ad-639aab89d528", "level": "info", "logger": "app.middleware.RequestLoggingMiddleware", "timestamp": "2026-09-12T10:33:53.627886Z"}
{"event": "Preparing to send email to admin@doit.com", "correlation_id": "065ad54e-ea1d-4895-a7ad-639aab89d528", "level": "info", "logger": "app.utils", "timestamp": "2026-09-12T10:33:53.629023Z"}
{"event": "SMTP Config: Host=smtp-relay.brevo.com, Port=587, TLS=True, User=a085a7001@smtp-brevo.com", "correlation_id": "065ad54e-ea1d-4895-a7ad-639aab89d528", "level": "info", "logger": "app.utils", "timestamp": "2026-09-12T10:33:53.629023Z"}
{"event": "Connected to SMTP server", "correlation_id": "065ad54e-ea1d-4895-a7ad-639aab89d528", "level": "info", "logger": "app.utils", "timestamp": "2026-09-12T10:33:54.003554Z"}
{"event": "Starting TLS", "correlation_id": "065ad54e-ea1d-4895-a7ad-639aab89d528", "level": "info", "logger": "app.utils", "timestamp": "2026-09-12T10:33:54.064858Z"}
{"event": "Attempting login", "correlation_id": "065ad54e-ea1d-4895-a7ad-639aab89d528", "level": "info", "logger": "app.utils", "timestamp": "2026-09-12T10:33:54.589006Z"}
{"event": "Email sent successfully", "correlation_id": "065ad54e-ea1d-4895-a7ad-639aab89d528", "level": "info", "logger": "app.utils", "timestamp": "2026-09-12T10:33:55.563453Z"}
{"event": "HTTP Request: POST http://testserver/api/v1/tasks/ \"HTTP/1.1 200 OK\"", "level": "info", "logger": "httpx", "timestamp": "2026-09-12T10:33:55.715559Z"}
{"method": "POST", "path": "/api/v1/login/access-token", "client_host": "testclient", "event": "request_started", "correlation_id": "e766f6a3-bc18-4061-a950-8c65d09987ef", "level": "info", "logger": "app.middleware.RequestLoggingMiddleware", "timestamp": "2026-09-12T10:33:55.729706Z"}
{"method": "POST", "path": "/api/v1/login/access-token", "status_code": 200, "duration": 0.3863, "event": "request_finished", "correlation_id": "e766f6a3-bc18-4061-a950-8c65d09987ef", "level": "info", "logger": "app.middleware.RequestLoggingMiddleware", "timestamp": "2026-09-12T10:33:56.115965Z"}
{"event": "HTTP Request: POST http://testserver/api/v1/login/access-token \"HTTP/1.1 200 OK\"", "level": "info", "logger": "httpx", "timestamp": "2026-09-12T10:33:56.115965Z"}
{"method": "GET", "path": "/api/v1/users/me", "client_host": "testclient", "event": "request_started", "correlation_id": "68c7853e-2191-4d1f-924e-2ebf9e39ac34", "level": "info", "logger": "app.middleware.RequestLoggingMiddleware", "timestamp": "2026-09-12T10:33:56.115965Z"}
{"method": "GET", "path": "/api/v1/users/me", "status_code": 200, "duration": 0.0, "event": "request_finished", "correlation_id": "68c7853e-2191-4d1f-924e-2ebf9e39ac34", "level": "info", "logger": "app.middleware.RequestLoggingMiddleware", "timestamp": "2026-09-12T10:33:56.115965Z"}
{"event": "HTTP Request: GET http://testserver/api/v1/users/me \"HTTP/1.1 200 OK\"", "level": "info", "logger": "httpx", "timestamp": "2026-09-12T10:33:56.115965Z"}
{"method": "POST", "path": "/api/v1/workspaces/", "client_host": "testclient", "event": "request_started", "correlation_id": "e395dee0-6ead-4343-8fc4-df6d74af8df9", "level": "info", "logger": "app.middleware.RequestLoggingMiddleware", "timestamp": "2026-09-12T10:33:56.115965Z"}
{"method": "POST", "path": "/api/v1/workspaces/", "status_code": 200, "duration": 0.0139, "event": "request_finished", "correlation_id": "e395dee0-6ead-4343-8fc4-df6d74af8df9", "level": "info", "logger": "app.middleware.RequestLoggingMiddleware", "timestamp": "2026-09-12T10:33:56.129888Z"}
{"event": "HTTP Request: POST http://testserver/api/v1/workspaces/ \"HTTP/1.1 200 OK\"", "level": "info", "logger": "httpx", "timestamp": "2026-09-12T10:33:56.131905Z"}
{"method": "POST", "path": "/api/v1/projects/", "client_host": "testclient", "event": "request_started", "correlation_id": "a29aced7-dfdc-4af5-81d8-2e7805e3356e", "level": "info", "logger": "app.middleware.RequestLoggingMiddleware", "timestamp": "2026-09-12T10:33:56.131905Z"}
{"method": "POST", "path": "/api/v1/projects/", "status_code": 200, "duration": 0.0047, "event": "request_finished", "correlation_id": "a29aced7-dfdc-4af5-81d8-2e7805e3356e", "level": "info", "logger": "app.middleware.RequestLoggingMiddleware", "timestamp": "2026-09-12T10:33:56.136601Z"}
{"event": "HTTP Request: POST http://testserver/api/v1/projects/ \"HTTP/1.1 200 OK\"", "level": "info", "logger": "httpx", "timestamp": "2026-09-12T10:33:56.142321Z"}
{"method": "POST", "path": "/api/v1/tasks/", "client_host": "testclient", "event": "request_started", "correlation_id": "86b2f530-37c6-46eb-be18-3490c9dd7283", "level": "info", "logger": "app.middleware.RequestLoggingMiddleware", "timestamp": "2026-09-12T10:33:56.143956Z"}
{"event": "Generating task assignment email with context: {'project_name': 'Task Project', 'workspace_name': 'Task Workspace', 'task_title': 'Read Task', 'assignee_name': 'admin@doit.com', 'email': 'admin@doit.com'}", "correlation_id": "86b2f530-37c6-46eb-be18-3490c9dd7283", "level": "info", "logger": "app.utils", "timestamp": "2026-09-12T10:33:56.152068Z"}
{"method": "POST", "path": "/api/v1/tasks/", "status_code": 200, "duration": 0.0167, "event": "request_finished", "correlation_id": "86b2f530-37c6-46eb-be18-3490c9dd7283", "level": "info", "logger": "app.middleware.RequestLoggingMiddleware", "timestamp": "2026-09-12T10:33:56.160657Z"}
{"event": "Preparing to send email to admin@doit.com", "correlation_id": "86b2f530-37c6-46eb-be18-3490c9dd7283", "level": "info", "logger": "app.utils", "timestamp": "2026-09-12T10:33:56.161181Z"}
{"event": "SMTP Config: Host=smtp-relay.brevo.com, Port=587, TLS=True, User=a085a7001@smtp-brevo.com", "correlation_id": "86b2f530-37c6-46eb-be18-3490c9dd7283", "level": "info", "logger": "app.utils", "timestamp": "2026-09-12T10:33:56.161181Z"}
{"event": "Connected to SMTP server", "correlation_id": "86b2f530-37c6-46eb-be18-3490c9dd7283", "level": "info", "logger": "app.utils", "timestamp": "2026-09-12T10:33:56.378175Z"}
{"event": "Starting TLS", "correlation_id": "86b2f530-37c6-46eb-be18-3490c9dd7283", "level": "info", "logger": "app.utils", "timestamp": "2026-09-12T10:33:56.429243Z"}
{"event": "Attempting login", "correlation_id": "86b2f530-37c6-46eb-be18-3490c9dd7283", "level": "info", "logger": "app.utils", "timestamp": "2026-09-12T10:33:56.943024Z"}
{"event": "Email sent successfully", "correlation_id": "86b2f530-37c6-46eb-be18-3490c9dd7283", "level": "info", "logger": "app.utils", "timestamp": "2026-09-12T10:33:58.066807Z"}
{"event": "HTTP Request: POST http://testserver/api/v1/tasks/ \"HTTP/1.1 200 OK\"", "level": "info", "logger": "httpx", "timestamp": "2026-09-12T10:33:58.170272Z"}
{"method": "GET", "path": "/api/v1/tasks/", "client_host": "testclient", "event": "request_started", "correlation_id": "a6add458-048f-4d89-bee9-3cedb13a815a", "level": "info", "logger": "app.middleware.RequestLoggingMiddleware", "timestamp": "2026-09-12T10:33:58.173058Z"}
{"method": "GET", "path": "/api/v1/tasks/", "status_code": 200, "duration": 0.0113, "event": "request_finished", "correlation_id": "a6add458-048f-4d89-bee9-3cedb13a815a", "level": "info", "logger": "app.middleware.RequestLoggingMiddleware", "timestamp": "2026-09-12T10:33:58.184358Z"}
{"event": "HTTP Request: GET http://testserver/api/v1/tasks/?project_id=f72b5127-0925-4a17-bf8e-b02b487df18b \"HTTP/1.1 200 OK\"", "level": "info", "logger": "httpx", "timestamp": "2026-09-12T10:33:58.185927Z"}
{"method": "POST", "path": "/api/v1/login/access-token", "client_host": "testclient", "event": "request_started", "correlation_id": "28cb319c-2863-4ee8-adac-7c3b057296ea", "level": "info", "logger": "app.middleware.RequestLoggingMiddleware", "timestamp": "2026-09-12T10:33:58.198504Z"}
{"method": "POST", "path": "/api/v1/login/access-token", "status_code": 200, "duration": 0.3743, "event": "request_finished", "correlation_id": "28cb319c-2863-4ee8-adac-7c3b057296ea", "level": "info", "logger": "app.middleware.RequestLoggingMiddleware", "timestamp": "2026-09-12T10:33:58.572797Z"}
{"event": "HTTP Request: POST http://testserver/api/v1/login/access-token \"HTTP/1.1 200 OK\"", "level": "info", "logger": "httpx", "timestamp": "2026-09-12T10:33:58.573708Z"}
{"method": "GET", "path": "/api/v1/users/me", "client_host": "testclient", "event": "request_started", "correlation_id": "4a0279e6-18b9-4cf7-bb7c-0788a5b2e6ee", "level": "info", "logger": "app.middleware.RequestLoggingMiddleware", "timestamp": "2026-09-12T10:33:58.574717Z"}
{"method": "GET", "path": "/api/v1/users/me", "status_code": 200, "duration": 0.0057, "event": "request_finished", "correlation_id": "4a0279e6-18b9-4cf7-bb7c-0788a5b2e6ee", "level": "info", "logger": "app.middleware.RequestLoggingMiddleware", "timestamp": "2026-09-12T10:33:58.580409Z"}
{"event": "HTTP Request: GET http://testserver/api/v1/users/me \"HTTP/1.1 200 OK\"", "level": "info", "logger": "httpx", "timestamp": "2026-09-12T10:33:58.580409Z"}
{"method": "POST", "path": "/api/v1/workspaces/", "client_host": "testclient", "event": "request_started", "correlation_id": "18e23344-e0de-462b-9d8f-6cc10fdb9e3a", "level": "info", "logger": "app.middleware.RequestLoggingMiddleware", "timestamp": "2026-09-12T10:33:58.580409Z"}
{"method": "POST", "path": "/api/v1/workspaces/", "status_code": 200, "duration": 0.0, "event": "request_finished", "correlation_id": "18e23344-e0de-462b-9d8f-6cc10fdb9e3a", "level": "info", "logger": "app.middleware.RequestLoggingMiddleware", "timestamp": "2026-09-12T10:33:58.580409Z"}
{"event": "HTTP Request: POST http://testserver/api/v1/workspaces/ \"HTTP/1.1 200 OK\"", "level": "info", "logger": "httpx", "timestamp": "2026-09-12T10:33:58.590664Z"}
{"method": "POST", "path": "/api/v1/projects/", "client_host": "testclient", "event": "request_started", "correlation_id": "1338fad5-11c7-4830-a1b2-201575dc21ba", "level": "info", "logger": "app.middleware.RequestLoggingMiddleware", "timestamp": "2026-09-12T10:33:58.590664Z"}
{"method": "POST", "path": "/api/v1/projects/", "status_code": 200, "duration": 0.0075, "event": "request_finished", "correlation_id": "1338fad5-11c7-4830-a1b2-201575dc21ba", "level": "info", "logger": "app.middleware.RequestLoggingMiddleware", "timestamp": "2026-09-12T10:33:58.598186Z"}
{"event": "HTTP Request: POST http://testserver/api/v1/projects/ \"HTTP/1.1 200 OK\"", "level": "info", "logger": "httpx", "timestamp": "2026-09-12T10:33:58.598186Z"}
{"method": "POST", "path": "/api/v1/tasks/", "client_host": "testclient", "event": "request_started", "correlation_id": "5fdae6fc-f513-4968-9180-b7983676bf9b", "level": "info", "logger": "app.middleware.RequestLoggingMiddleware", "timestamp": "2026-09-12T10:33:58.598186Z"}
{"event": "Generating task assignment email with context: {'project_name': 'Task Project', 'workspace_name': 'Task Workspace', 'task_title': 'Status Task', 'assignee_name': 'admin@doit.com', 'email': 'admin@doit.com'}", "correlation_id": "5fdae6fc-f513-4968-9180-b7983676bf9b", "level": "info", "logger": "app.utils", "timestamp": "2026-09-12T10:33:58.608864Z"}
{"method": "POST", "path": "/api/v1/tasks/", "status_code": 200, "duration": 0.0159, "event": "request_finished", "correlation_id": "5fdae6fc-f513-4968-9180-b7983676bf9b", "level": "info", "logger": "app.middleware.RequestLoggingMiddleware", "timestamp": "2026-09-12T10:33:58.614096Z"}
{"event": "Preparing to send email to admin@doit.com", "correlation_id": "5fdae6fc-f513-4968-9180-b7983676bf9b", "level": "info", "logger": "app.utils", "timestamp": "2026-09-12T10:33:58.614096Z"}
{"event": "SMTP Config: Host=smtp-relay.brevo.com, Port=587, TLS=True, User=a085a7001@smtp-brevo.com", "correlation_id": "5fdae6fc-f513-4968-9180-b7983676bf9b", "level": "info", "logger": "app.utils", "timestamp": "2026-09-12T10:33:58.614096Z"}
{"event": "Connected to SMTP server", "correlation_id": "5fdae6fc-f513-4968-9180-b7983676bf9b", "level": "info", "logger": "app.utils", "timestamp": "2026-09-12T10:33:58.884931Z"}
{"event": "Starting TLS", "correlation_id": "5fdae6fc-f513-4968-9180-b7983676bf9b", "level": "info", "logger": "app.utils", "timestamp": "2026-09-12T10:33:58.987420Z"}
{"event": "Attempting login", "correlation_id": "5fdae6fc-f513-4968-9180-b7983676bf9b", "level": "info", "logger": "app.utils", "timestamp": "2026-09-12T10:33:59.389868Z"}
{"event": "Email sent successfully", "correlation_id": "5fdae6fc-f513-4968-9180-b7983676bf9b", "level": "info", "logger": "app.utils", "timestamp": "2026-09-12T10:34:00.319704Z"}
{"event": "HTTP Request: POST http://testserver/api/v1/tasks/ \"HTTP/1.1 200 OK\"", "level": "info", "logger": "httpx", "timestamp": "2026-09-12T10:34:00.387384Z"}
{"method": "PUT", "path": "/api/v1/tasks/51fd39de-b5fc-4b2b-874e-333ea19531ab", "client_host": "testclient", "event": "request_started", "correlation_id": "3efad4eb-ccfa-4156-be5c-6e0045ce0667", "level": "info", "logger": "app.middleware.RequestLoggingMiddleware", "timestamp": "2026-09-12T10:34:00.390403Z"}
{"method": "PUT", "path": "/api/v1/tasks/51fd39de-b5fc-4b2b-874e-333ea19531ab", "status_code": 200, "duration": 0.0065, "event": "request_finished", "correlation_id": "3efad4eb-ccfa-4156-be5c-6e0045ce0667", "level": "info", "logger": "app.middleware.RequestLoggingMiddleware", "timestamp": "2026-09-12T10:34:00.396896Z"}
{"event": "HTTP Request: PUT http://testserver/api/v1/tasks/51fd39de-b5fc-4b2b-874e-333ea19531ab \"HTTP/1.1 200 OK\"", "level": "info", "logger": "httpx", "timestamp": "2026-09-12T10:34:00.396896Z"}
{"method": "POST", "path": "/api/v1/login/access-token", "client_host": "testclient", "event": "request_started", "correlation_id": "42fb0781-03b7-4acc-8b82-4e7a03f4309a", "level": "info", "logger": "app.middleware.RequestLoggingMiddleware", "timestamp": "2026-09-12T10:34:00.415202Z"}
{"method": "POST", "path": "/api/v1/login/access-token", "status_code": 200, "duration": 0.397, "event": "request_finished", "correlation_id": "42fb0781-03b7-4acc-8b82-4e7a03f4309a", "level": "info", "logger": "app.middleware.RequestLoggingMiddleware", "timestamp": "2026-09-12T10:34:00.812247Z"}
{"event": "HTTP Request: POST http://testserver/api/v1/login/access-token \"HTTP/1.1 200 OK\"", "level": "info", "logger": "httpx", "timestamp": "2026-09-12T10:34:00.812247Z"}
{"method": "GET", "path": "/api/v1/users/me", "client_host": "testclient", "event": "request_started", "correlation_id": "92c2f7c5-bf0a-4bd0-bd2e-d295a1ee4ebe", "level": "info", "logger": "app.middleware.RequestLoggingMiddleware", "timestamp": "2026-09-12T10:34:00.812247Z"}
{"method": "GET", "path": "/api/v1/users/me", "status_code": 200, "duration": 0.0, "event": "request_finished", "correlation_id": "92c2f7c5-bf0a-4bd0-bd2e-d295a1ee4ebe", "level": "info", "logger": "app.middleware.RequestLoggingMiddleware", "timestamp": "2026-09-12T10:34:00.812247Z"}
{"event": "HTTP Request: GET http://testserver/api/v1/users/me \"HTTP/1.1 200 OK\"", "level": "info", "logger": "httpx", "timestamp": "2026-09-12T10:34:00.812247Z"}
{"method": "POST", "path": "/api/v1/workspaces/", "client_host": "testclient", "event": "request_started", "correlation_id": "2238a642-788a-4244-93e7-3305b2fc72f4", "level": "info", "logger": "app.middleware.RequestLoggingMiddleware", "timestamp": "2026-09-12T10:34:00.827407Z"}
{"method": "POST", "path": "/api/v1/workspaces/", "status_code": 200, "duration": 0.006, "event": "request_finished", "correlation_id": "2238a642-788a-4244-93e7-3305b2fc72f4", "level": "info", "logger": "app.middleware.RequestLoggingMiddleware", "timestamp": "2026-09-12T10:34:00.833442Z"}
{"event": "HTTP Request: POST http://testserver/api/v1/workspaces/ \"HTTP/1.1 200 OK\"", "level": "info", "logger": "httpx", "timestamp": "2026-09-12T10:34:00.833442Z"}
{"method": "POST", "path": "/api/v1/projects/", "client_host": "testclient", "event": "request_started", "correlation_id": "73586d81-3dc1-4bae-9af4-1f36a54cc586", "level": "info", "logger": "app.middleware.RequestLoggingMiddleware", "timestamp": "2026-09-12T10:34:00.833442Z"}
{"method": "POST", "path": "/api/v1/projects/", "status_code": 200, "duration": 0.0, "event": "request_finished", "correlation_id": "73586d81-3dc1-4bae-9af4-1f36a54cc586", "level": "info", "logger": "app.middleware.RequestLoggingMiddleware", "timestamp": "2026-09-12T10:34:00.833442Z"}
{"event": "HTTP Request: POST http://testserver/api/v1/projects/ \"HTTP/1.1 200 OK\"", "level": "info", "logger": "httpx", "timestamp": "2026-09-12T10:34:00.833442Z"}
{"method": "POST", "path": "/api/v1/tasks/", "client_host": "testclient", "event": "request_started", "correlation_id": "00ece677-804f-41cc-92b9-fd9bec38fdb1", "level": "info", "logger": "app.middleware.RequestLoggingMiddleware", "timestamp": "2026-09-12T10:34:00.844279Z"}
{"event": "Generating task assignment email with context: {'project_name': 'Task Project', 'workspace_name': 'Task Workspace', 'task_title': 'Delete Task', 'assignee_name': 'admin@doit.com', 'email': 'admin@doit.com'}", "correlation_id": "00ece677-804f-41cc-92b9-fd9bec38fdb1", "level": "info", "logger": "app.utils", "timestamp": "2026-09-12T10:34:00.846626Z"}
{"method": "POST", "path": "/api/v1/tasks/", "status_code": 200, "duration": 0.0023, "event": "request_finished", "correlation_id": "00ece677-804f-41cc-92b9-fd9bec38fdb1", "level": "info", "logger": "app.middleware.RequestLoggingMiddleware", "timestamp": "2026-09-12T10:34:00.846626Z"}
{"event": "Preparing to send email to admin@doit.com", "correlation_id": "00ece677-804f-41cc-92b9-fd9bec38fdb1", "level": "info", "logger": "app.utils", "timestamp": "2026-09-12T10:34:00.846626Z"}
{"event": "SMTP Config: Host=smtp-relay.brevo.com, Port=587, TLS=True, User=a085a7001@smtp-brevo.com", "correlation_id": "00ece677-804f-41cc-92b9-fd9bec38fdb1", "level": "info", "logger": "app.utils", "timestamp": "2026-09-12T10:34:00.846626Z"}
{"event": "Connected to SMTP server", "correlation_id": "00ece677-804f-41cc-92b9-fd9bec38fdb1", "level": "info", "logger": "app.utils", "timestamp": "2026-09-12T10:34:00.957907Z"}
{"event": "Starting TLS", "correlation_id": "00ece677-804f-41cc-92b9-fd9bec38fdb1", "level": "info", "logger": "app.utils", "timestamp": "2026-09-12T10:34:01.036721Z"}
{"event": "Attempting login", "correlation_id": "00ece677-804f-41cc-92b9-fd9bec38fdb1", "level": "info", "logger": "app.utils", "timestamp": "2026-09-12T10:34:01.432474Z"}
{"event": "Email sent successfully", "correlation_id": "00ece677-804f-41cc-92b9-fd9bec38fdb1", "level": "info", "logger": "app.utils", "timestamp": "2026-09-12T10:34:02.469963Z"}
{"event": "HTTP Request: POST http://testserver/api/v1/tasks/ \"HTTP/1.1 200 OK\"", "level": "info", "logger": "httpx", "timestamp": "2026-09-12T10:34:02.580922Z"}
{"method": "DELETE", "path": "/api/v1/tasks/b0b8545d-f0ef-4da9-a25e-397df2bedb63", "client_host": "testclient", "event": "request_started", "correlation_id": "f7eebff2-2339-4940-ac13-c248a798e347", "level": "info", "logger": "app.middleware.RequestLoggingMiddleware", "timestamp": "2026-09-12T10:34:02.582967Z"}
{"method": "DELETE", "path": "/api/v1/tasks/b0b8545d-f0ef-4da9-a25e-397df2bedb63", "status_code": 200, "duration": 0.0172, "event": "request_finished", "correlation_id": "f7eebff2-2339-4940-ac13-c248a798e347", "level": "info", "logger": "app.middleware.RequestLoggingMiddleware", "timestamp": "2026-09-12T10:34:02.600170Z"}
{"event": "HTTP Request: DELETE http://testserver/api/v1/tasks/b0b8545d-f0ef-4da9-a25e-397df2bedb63 \"HTTP/1.1 200 OK\"", "level": "info", "logger": "httpx", "timestamp": "2026-09-12T10:34:02.600170Z"}
{"method": "GET", "path": "/api/v1/tasks/b0b8545d-f0ef-4da9-a25e-397df2bedb63", "client_host": "testclient", "event": "request_started", "correlation_id": "9539159a-587e-499d-b2de-4b530964274a", "level": "info", "logger": "app.middleware.RequestLoggingMiddleware", "timestamp": "2026-09-12T10:34:02.604889Z"}
{"method": "GET", "path": "/api/v1/tasks/b0b8545d-f0ef-4da9-a25e-397df2bedb63", "status_code": 404, "duration": 0.0062, "event": "request_finished", "correlation_id": "9539159a-587e-499d-b2de-4b530964274a", "level": "info", "logger": "app.middleware.RequestLoggingMiddleware", "timestamp": "2026-09-12T10:34:02.611107Z"}
{"event": "HTTP Request: GET http://testserver/api/v1/tasks/b0b8545d-f0ef-4da9-a25e-397df2bedb63 \"HTTP/1.1 404 Not Found\"", "level": "info", "logger": "httpx", "timestamp": "2026-09-12T10:34:02.662539Z"}
{"method": "POST", "path": "/api/v1/login/access-token", "client_host": "testclient", "event": "request_started", "correlation_id": "9a1ecee7-0567-48be-9633-1e86714beb66", "level": "info", "logger": "app.middleware.RequestLoggingMiddleware", "timestamp": "2026-09-12T10:34:02.682239Z"}
{"method": "POST", "path": "/api/v1/login/access-token", "status_code": 200, "duration": 0.3786, "event": "request_finished", "correlation_id": "9a1ecee7-0567-48be-9633-1e86714beb66", "level": "info", "logger": "app.middleware.RequestLoggingMiddleware", "timestamp": "2026-09-12T10:34:03.060803Z"}
{"event": "HTTP Request: POST http://testserver/api/v1/login/access-token \"HTTP/1.1 200 OK\"", "level": "info", "logger": "httpx", "timestamp": "2026-09-12T10:34:03.060803Z"}
{"method": "GET", "path": "/api/v1/users/me", "client_host": "testclient", "event": "request_started", "correlation_id": "036f363c-7222-499e-9749-f0c59362baae", "level": "info", "logger": "app.middleware.RequestLoggingMiddleware", "timestamp": "2026-09-12T10:34:03.060803Z"}
{"method": "GET", "path": "/api/v1/users/me", "status_code": 200, "duration": 0.0, "event": "request_finished", "correlation_id": "036f363c-7222-499e-9749-f0c59362baae", "level": "info", "logger": "app.middleware.RequestLoggingMiddleware", "timestamp": "2026-09-12T10:34:03.060803Z"}
{"event": "HTTP Request: GET http://testserver/api/v1/users/me \"HTTP/1.1 200 OK\"", "level": "info", "logger": "httpx", "timestamp": "2026-09-12T10:34:03.060803Z"}
{"method": "POST", "path": "/api/v1/login/access-token", "client_host": "testclient", "event": "request_started", "correlation_id": "0d392bd7-8cdd-43c2-8d5a-760084acb299", "level": "info", "logger": "app.middleware.RequestLoggingMiddleware", "timestamp": "2026-09-12T10:34:03.442672Z"}
{"method": "POST", "path": "/api/v1/login/access-token", "status_code": 200, "duration": 0.3682, "event": "request_finished", "correlation_id": "0d392bd7-8cdd-43c2-8d5a-760084acb299", "level": "info", "logger": "app.middleware.RequestLoggingMiddleware", "timestamp": "2026-09-12T10:34:03.810864Z"}
{"event": "HTTP Request: POST http://testserver/api/v1/login/access-token \"HTTP/1.1 200 OK\"", "level": "info", "logger": "httpx", "timestamp": "2026-09-12T10:34:03.810864Z"}
{"method": "GET", "path": "/api/v1/users/me", "client_host": "testclient", "event": "request_started", "correlation_id": "6113bd0f-1417-4460-98af-b694f1f6aaea", "level": "info", "logger": "app.middleware.RequestLoggingMiddleware", "timestamp": "2026-09-12T10:34:03.821791Z"}
{"method": "GET", "path": "/api/v1/users/me", "status_code": 200, "duration": 0.0, "event": "request_finished", "correlation_id": "6113bd0f-1417-4460-98af-b694f1f6aaea", "level": "info", "logger": "app.middleware.RequestLoggingMiddleware", "timestamp": "2026-09-12T10:34:03.821791Z"}
{"event": "HTTP Request: GET http://testserver/api/v1/users/me \"HTTP/1.1 200 OK\"", "level": "info", "logger": "httpx", "timestamp": "2026-09-12T10:34:03.821791Z"}
{"method": "POST", "path": "/api/v1/login/access-token", "client_host": "testclient", "event": "request_started", "correlation_id": "7de351c7-9752-4706-b430-ea5250fab2e8", "level": "info", "logger": "app.middleware.RequestLoggingMiddleware", "timestamp": "2026-09-12T10:34:03.832760Z"}
{"method": "POST", "path": "/api/v1/login/access-token", "status_code": 200, "duration": 0.3793, "event": "request_finished", "correlation_id": "7de351c7-9752-4706-b430-ea5250fab2e8", "level": "info", "logger": "app.middleware.RequestLoggingMiddleware", "timestamp": "2026-09-12T10:34:04.212107Z"}
{"event": "HTTP Request: POST http://testserver/api/v1/login/access-token \"HTTP/1.1 200 OK\"", "level": "info", "logger": "httpx", "timestamp": "2026-09-12T10:34:04.212617Z"}
{"method": "POST", "path": "/api/v1/users/", "client_host": "testclient", "event": "request_started", "correlation_id": "1b38ef90-10a7-49e4-9969-508ca8695718", "level": "info", "logger": "app.middleware.RequestLoggingMiddleware", "timestamp": "2026-09-12T10:34:04.212617Z"}
{"event": "Preparing to send email to iadhxoagohwzmgmkdehzhulswdoqcozm@qhotpxcdhzcqtwvftjqjuaevfrtzmhjd.com", "correlation_id": "1b38ef90-10a7-49e4-9969-508ca8695718", "level": "info", "logger": "app.utils", "timestamp": "2026-09-12T10:34:04.593858Z"}
{"event": "SMTP Config: Host=smtp.example.com, Port=587, TLS=True, User=admin@example.com", "correlation_id": "1b38ef90-10a7-49e4-9969-508ca8695718", "level": "info", "logger": "app.utils", "timestamp": "2026-09-12T10:34:04.594439Z"}
{"event": "Failed to send email: [Errno 11001] getaddrinfo failed", "correlation_id": "1b38ef90-10a7-49e4-9969-508ca8695718", "level": "error", "logger": "app.utils", "timestamp": "2026-09-12T10:34:04.661226Z"}
{"event": "Traceback (most recent call last):\n  File \"C:\\Users\\kiran\\Desktop\\doit-prod\\backend\\app\\utils.py\", line 74, in send_email\n    with smtplib.SMTP(settings.SMTP_HOST, settings.SMTP_PORT) as server:\n         ^^^^^^^^^^^^^^^^^^^^^^^^^^^^^^^^^^^^^^^^^^^^^^^^^^^^\n  File \"C:\\Users\\kiran\\AppData\\Roaming\\uv\\python\\cpython-3.12.12-windows-x86_64-none\\Lib\\smtplib.py\", line 255, in __init__\n    (code, msg) = self.connect(host, port)\n                  ^^^^^^^^^^^^^^^^^^^^^^^^\n  File \"C:\\Users\\kiran\\AppData\\Roaming\\uv\\python\\cpython-3.12.12-windows-x86_64-none\\Lib\\smtplib.py\", line 341, in connect\n    self.sock = self._get_socket(host, port, self.timeout)\n                ^^^^^^^^^^^^^^^^^^^^^^^^^^^^^^^^^^^^^^^^^^\n  File \"C:\\Users\\kiran\\AppData\\Roaming\\uv\\python\\cpython-3.12.12-windows-x86_64-none\\Lib\\smtplib.py\", line 312, in _get_socket\n    return socket.create_connection((host, port), timeout,\n           ^^^^^^^^^^^^^^^^^^^^^^^^^^^^^^^^^^^^^^^^^^^^^^^\n  File \"C:\\Users\\kiran\\AppData\\Roaming\\uv\\python\\cpython-3.12.12-windows-x86_64-none\\Lib\\socket.py\", line 841, in create_connection\n    for res in getaddrinfo(host, port, 0, SOCK_STREAM):\n               ^^^^^^^^^^^^^^^^^^^^^^^^^^^^^^^^^^^^^^^\n  File \"C:\\Users\\kiran\\AppData\\Roaming\\uv\\python\\cpython-3.12.12-windows-x86_64-none\\Lib\\socket.py\", line 978, in getaddrinfo\n    for res in _socket.getaddrinfo(host, port, family, type, proto, flags):\n               ^^^^^^^^^^^^^^^^^^^^^^^^^^^^^^^^^^^^^^^^^^^^^^^^^^^^^^^^^^^\nsocket.gaierror: [Errno 11001] getaddrinfo failed\n", "correlation_id": "1b38ef90-10a7-49e4-9969-508ca8695718", "level": "error", "logger": "app.utils", "timestamp": "2026-09-12T10:34:04.663234Z"}
{"method": "POST", "path": "/api/v1/users/", "status_code": 200, "duration": 0.4506, "event": "request_finished", "correlation_id": "1b38ef90-10a7-49e4-9969-508ca8695718", "level": "info", "logger": "app.middleware.RequestLoggingMiddleware", "timestamp": "2026-09-12T10:34:04.663234Z"}
{"event": "HTTP Request: POST http://testserver/api/v1/users/ \"HTTP/1.1 200 OK\"", "level": "info", "logger": "httpx", "timestamp": "2026-09-12T10:34:04.665245Z"}
{"method": "POST", "path": "/api/v1/login/access-token", "client_host": "testclient", "event": "request_started", "correlation_id": "3f2630ed-e579-4713-8117-544c6f9f03e5", "level": "info", "logger": "app.middleware.RequestLoggingMiddleware", "timestamp": "2026-09-12T10:34:04.678741Z"}
{"method": "POST", "path": "/api/v1/login/access-token", "status_code": 200, "duration": 0.3738, "event": "request_finished", "correlation_id": "3f2630ed-e579-4713-8117-544c6f9f03e5", "level": "info", "logger": "app.middleware.RequestLoggingMiddleware", "timestamp": "2026-09-12T10:34:05.052515Z"}
{"event": "HTTP Request: POST http://testserver/api/v1/login/access-token \"HTTP/1.1 200 OK\"", "level": "info", "logger": "httpx", "timestamp": "2026-09-12T10:34:05.052515Z"}
{"method": "GET", "path": "/api/v1/users/9546e9b9-0494-4f01-8f43-f6ac5a0735d5", "client_host": "testclient", "event": "request_started", "correlation_id": "458e3711-5ab9-46d0-be78-55b76b81a62e", "level": "info", "logger": "app.middleware.RequestLoggingMiddleware", "timestamp": "2026-09-12T10:34:05.427356Z"}
{"method": "GET", "path": "/api/v1/users/9546e9b9-0494-4f01-8f43-f6ac5a0735d5", "status_code": 200, "duration": 0.012, "event": "request_finished", "correlation_id": "458e3711-5ab9-46d0-be78-55b76b81a62e", "level": "info", "logger": "app.middleware.RequestLoggingMiddleware", "timestamp": "2026-09-12T10:34:05.439359Z"}
{"event": "HTTP Request: GET http://testserver/api/v1/users/9546e9b9-0494-4f01-8f43-f6ac5a0735d5 \"HTTP/1.1 200 OK\"", "level": "info", "logger": "httpx", "timestamp": "2026-09-12T10:34:05.441370Z"}
{"method": "POST", "path": "/api/v1/login/access-token", "client_host": "testclient", "event": "request_started", "correlation_id": "46a520b5-a913-453e-8d94-accae5ef132c", "level": "info", "logger": "app.middleware.RequestLoggingMiddleware", "timestamp": "2026-09-12T10:34:05.841532Z"}
{"method": "POST", "path": "/api/v1/login/access-token", "status_code": 200, "duration": 0.3855, "event": "request_finished", "correlation_id": "46a520b5-a913-453e-8d94-accae5ef132c", "level": "info", "logger": "app.middleware.RequestLoggingMiddleware", "timestamp": "2026-09-12T10:34:06.227079Z"}
{"event": "HTTP Request: POST http://testserver/api/v1/login/access-token \"HTTP/1.1 200 OK\"", "level": "info", "logger": "httpx", "timestamp": "2026-09-12T10:34:06.227598Z"}
{"method": "GET", "path": "/api/v1/users/2fdd41ad-09c3-4342-b5f4-288acf40dc87", "client_host": "testclient", "event": "request_started", "correlation_id": "b7215db7-8ffa-4339-b2b7-36728bb792fb", "level": "info", "logger": "app.middleware.RequestLoggingMiddleware", "timestamp": "2026-09-12T10:34:06.227598Z"}
{"method": "GET", "path": "/api/v1/users/2fdd41ad-09c3-4342-b5f4-288acf40dc87", "status_code": 200, "duration": 0.0048, "event": "request_finished", "correlation_id": "b7215db7-8ffa-4339-b2b7-36728bb792fb", "level": "info", "logger": "app.middleware.RequestLoggingMiddleware", "timestamp": "2026-09-12T10:34:06.232394Z"}
{"event": "HTTP Request: GET http://testserver/api/v1/users/2fdd41ad-09c3-4342-b5f4-288acf40dc87 \"HTTP/1.1 200 OK\"", "level": "info", "logger": "httpx", "timestamp": "2026-09-12T10:34:06.234407Z"}
{"method": "POST", "path": "/api/v1/login/access-token", "client_host": "testclient", "event": "request_started", "correlation_id": "2e691e86-b0b5-476d-9bda-60eaaf125779", "level": "info", "logger": "app.middleware.RequestLoggingMiddleware", "timestamp": "2026-09-12T10:34:06.612172Z"}
{"method": "POST", "path": "/api/v1/login/access-token", "status_code": 200, "duration": 0.3816, "event": "request_finished", "correlation_id": "2e691e86-b0b5-476d-9bda-60eaaf125779", "level": "info", "logger": "app.middleware.RequestLoggingMiddleware", "timestamp": "2026-09-12T10:34:06.993727Z"}
{"event": "HTTP Request: POST http://testserver/api/v1/login/access-token \"HTTP/1.1 200 OK\"", "level": "info", "logger": "httpx", "timestamp": "2026-09-12T10:34:06.993727Z"}
{"method": "GET", "path": "/api/v1/users/183108e0-b252-4ed2-a519-5717237792ef", "client_host": "testclient", "event": "request_started", "correlation_id": "2cf856b5-920a-416b-9028-7c28a0dfeb50", "level": "info", "logger": "app.middleware.RequestLoggingMiddleware", "timestamp": "2026-09-12T10:34:07.001497Z"}
{"method": "GET", "path": "/api/v1/users/183108e0-b252-4ed2-a519-5717237792ef", "status_code": 403, "duration": 0.0, "event": "request_finished", "correlation_id": "2cf856b5-920a-416b-9028-7c28a0dfeb50", "level": "info", "logger": "app.middleware.RequestLoggingMiddleware", "timestamp": "2026-09-12T10:34:07.001497Z"}
{"event": "HTTP Request: GET http://testserver/api/v1/users/183108e0-b252-4ed2-a519-5717237792ef \"HTTP/1.1 403 Forbidden\"", "level": "info", "logger": "httpx", "timestamp": "2026-09-12T10:34:07.006763Z"}
{"method": "POST", "path": "/api/v1/login/access-token", "client_host": "testclient", "event": "request_started", "correlation_id": "e9c76293-fb4f-446d-bcb6-df121ffdb447", "level": "info", "logger": "app.middleware.RequestLoggingMiddleware", "timestamp": "2026-09-12T10:34:07.016921Z"}
{"method": "POST", "path": "/api/v1/login/access-token", "status_code": 200, "duration": 0.3812, "event": "request_finished", "correlation_id": "e9c76293-fb4f-446d-bcb6-df121ffdb447", "level": "info", "logger": "app.middleware.RequestLoggingMiddleware", "timestamp": "2026-09-12T10:34:07.398131Z"}
{"event": "HTTP Request: POST http://testserver/api/v1/login/access-token \"HTTP/1.1 200 OK\"", "level": "info", "logger": "httpx", "timestamp": "2026-09-12T10:34:07.399720Z"}
{"method": "POST", "path": "/api/v1/users/", "client_host": "testclient", "event": "request_started", "correlation_id": "df07ca8b-3671-48a3-907a-cac2c8f104c1", "level": "info", "logger": "app.middleware.RequestLoggingMiddleware", "timestamp": "2026-09-12T10:34:07.777535Z"}
{"method": "POST", "path": "/api/v1/users/", "status_code": 400, "duration": 0.0171, "event": "request_finished", "correlation_id": "df07ca8b-3671-48a3-907a-cac2c8f104c1", "level": "info", "logger": "app.middleware.RequestLoggingMiddleware", "timestamp": "2026-09-12T10:34:07.794664Z"}
{"event": "HTTP Request: POST http://testserver/api/v1/users/ \"HTTP/1.1 400 Bad Request\"", "level": "info", "logger": "httpx", "timestamp": "2026-09-12T10:34:07.794664Z"}
{"method": "POST", "path": "/api/v1/login/access-token", "client_host": "testclient", "event": "request_started", "correlation_id": "ebb6e39a-2454-4444-ae32-a783bef81ac1", "level": "info", "logger": "app.middleware.RequestLoggingMiddleware", "timestamp": "2026-09-12T10:34:08.206512Z"}
{"method": "POST", "path": "/api/v1/login/access-token", "status_code": 200, "duration": 0.3718, "event": "request_finished", "correlation_id": "ebb6e39a-2454-4444-ae32-a783bef81ac1", "level": "info", "logger": "app.middleware.RequestLoggingMiddleware", "timestamp": "2026-09-12T10:34:08.578338Z"}
{"event": "HTTP Request: POST http://testserver/api/v1/login/access-token \"HTTP/1.1 200 OK\"", "level": "info", "logger": "httpx", "timestamp": "2026-09-12T10:34:08.578338Z"}
{"method": "POST", "path": "/api/v1/users/", "client_host": "testclient", "event": "request_started", "correlation_id": "3e38e665-8597-4ea7-b3f1-866ac18dae54", "level": "info", "logger": "app.middleware.RequestLoggingMiddleware", "timestamp": "2026-09-12T10:34:08.578338Z"}
{"method": "POST", "path": "/api/v1/users/", "status_code": 403, "duration": 0.0, "event": "request_finished", "correlation_id": "3e38e665-8597-4ea7-b3f1-866ac18dae54", "level": "info", "logger": "app.middleware.RequestLoggingMiddleware", "timestamp": "2026-09-12T10:34:08.578338Z"}
{"event": "HTTP Request: POST http://testserver/api/v1/users/ \"HTTP/1.1 403 Forbidden\"", "level": "info", "logger": "httpx", "timestamp": "2026-09-12T10:34:08.578338Z"}
{"method": "POST", "path": "/api/v1/login/access-token", "client_host": "testclient", "event": "request_started", "correlation_id": "6a1cd4cd-771b-4617-b238-8886fb40a4f9", "level": "info", "logger": "app.middleware.RequestLoggingMiddleware", "timestamp": "2026-09-12T10:34:08.594262Z"}
{"method": "POST", "path": "/api/v1/login/access-token", "status_code": 200, "duration": 0.3878, "event": "request_finished", "correlation_id": "6a1cd4cd-771b-4617-b238-8886fb40a4f9", "level": "info", "logger": "app.middleware.RequestLoggingMiddleware", "timestamp": "2026-09-12T10:34:08.982095Z"}
{"event": "HTTP Request: POST http://testserver/api/v1/login/access-token \"HTTP/1.1 200 OK\"", "level": "info", "logger": "httpx", "timestamp": "2026-09-12T10:34:08.982095Z"}
{"method": "GET", "path": "/api/v1/users/", "client_host": "testclient", "event": "request_started", "correlation_id": "f518efed-e271-4d82-b440-806edd6a8e1f", "level": "info", "logger": "app.middleware.RequestLoggingMiddleware", "timestamp": "2026-09-12T10:34:09.754715Z"}
{"method": "GET", "path": "/api/v1/users/", "status_code": 200, "duration": 0.0081, "event": "request_finished", "correlation_id": "f518efed-e271-4d82-b440-806edd6a8e1f", "level": "info", "logger": "app.middleware.RequestLoggingMiddleware", "timestamp": "2026-09-12T10:34:09.762800Z"}
{"event": "HTTP Request: GET http://testserver/api/v1/users/ \"HTTP/1.1 200 OK\"", "level": "info", "logger": "httpx", "timestamp": "2026-09-12T10:34:09.762800Z"}
{"method": "POST", "path": "/api/v1/login/access-token", "client_host": "testclient", "event": "request_started", "correlation_id": "b2d3e99b-e3cf-44a4-9f39-71d4fe99144f", "level": "info", "logger": "app.middleware.RequestLoggingMiddleware", "timestamp": "2026-09-12T10:34:10.165554Z"}
{"method": "POST", "path": "/api/v1/login/access-token", "status_code": 200, "duration": 0.3905, "event": "request_finished", "correlation_id": "b2d3e99b-e3cf-44a4-9f39-71d4fe99144f", "level": "info", "logger": "app.middleware.RequestLoggingMiddleware", "timestamp": "2026-09-12T10:34:10.556025Z"}
{"event": "HTTP Request: POST http://testserver/api/v1/login/access-token \"HTTP/1.1 200 OK\"", "level": "info", "logger": "httpx", "timestamp": "2026-09-12T10:34:10.556025Z"}
{"method": "PATCH", "path": "/api/v1/users/me", "client_host": "testclient", "event": "request_started", "correlation_id": "27d10269-5d40-4b44-a575-6b76d4cfc172", "level": "info", "logger": "app.middleware.RequestLoggingMiddleware", "timestamp": "2026-09-12T10:34:10.560396Z"}
{"method": "PATCH", "path": "/api/v1/users/me", "status_code": 200, "duration": 0.0101, "event": "request_finished", "correlation_id": "27d10269-5d40-4b44-a575-6b76d4cfc172", "level": "info", "logger": "app.middleware.RequestLoggingMiddleware", "timestamp": "2026-09-12T10:34:10.570467Z"}
{"event": "HTTP Request: PATCH http://testserver/api/v1/users/me \"HTTP/1.1 200 OK\"", "level": "info", "logger": "httpx", "timestamp": "2026-09-12T10:34:10.570467Z"}
{"method": "POST", "path": "/api/v1/login/access-token", "client_host": "testclient", "event": "request_started", "correlation_id": "5f9b96d7-2409-478e-b7b8-bacd2f1c05e0", "level": "info", "logger": "app.middleware.RequestLoggingMiddleware", "timestamp": "2026-09-12T10:34:10.581721Z"}
{"method": "POST", "path": "/api/v1/login/access-token", "status_code": 200, "duration": 0.3774, "event": "request_finished", "correlation_id": "5f9b96d7-2409-478e-b7b8-bacd2f1c05e0", "level": "info", "logger": "app.middleware.RequestLoggingMiddleware", "timestamp": "2026-09-12T10:34:10.959080Z"}
{"event": "HTTP Request: POST http://testserver/api/v1/login/access-token \"HTTP/1.1 200 OK\"", "level": "info", "logger": "httpx", "timestamp": "2026-09-12T10:34:10.960165Z"}
{"method": "PATCH", "path": "/api/v1/users/me/password", "client_host": "testclient", "event": "request_started", "correlation_id": "f43e61e4-2d31-4dd9-89b3-828ff0f29c2d", "level": "info", "logger": "app.middleware.RequestLoggingMiddleware", "timestamp": "2026-09-12T10:34:10.962301Z"}
{"method": "PATCH", "path": "/api/v1/users/me/password", "status_code": 200, "duration": 0.7545, "event": "request_finished", "correlation_id": "f43e61e4-2d31-4dd9-89b3-828ff0f29c2d", "level": "info", "logger": "app.middleware.RequestLoggingMiddleware", "timestamp": "2026-09-12T10:34:11.716840Z"}
{"event": "HTTP Request: PATCH http://testserver/api/v1/users/me/password \"HTTP/1.1 200 OK\"", "level": "info", "logger": "httpx", "timestamp": "2026-09-12T10:34:11.716840Z"}
{"method": "PATCH", "path": "/api/v1/users/me/password", "client_host": "testclient", "event": "request_started", "correlation_id": "dfab020e-97a0-41dd-ae5a-ab58815311bc", "level": "info", "logger": "app.middleware.RequestLoggingMiddleware", "timestamp": "2026-09-12T10:34:12.093871Z"}
{"method": "PATCH", "path": "/api/v1/users/me/password", "status_code": 200, "duration": 0.7335, "event": "request_finished", "correlation_id": "dfab020e-97a0-41dd-ae5a-ab58815311bc", "level": "info", "logger": "app.middleware.RequestLoggingMiddleware", "timestamp": "2026-09-12T10:34:12.827359Z"}
{"event": "HTTP Request: PATCH http://testserver/api/v1/users/me/password \"HTTP/1.1 200 OK\"", "level": "info", "logger": "httpx", "timestamp": "2026-09-12T10:34:12.837322Z"}
{"method": "POST", "path": "/api/v1/login/access-token", "client_host": "testclient", "event": "request_started", "correlation_id": "50e46e30-e5f7-4bef-97cb-a33dc5864d2b", "level": "info", "logger": "app.middleware.RequestLoggingMiddleware", "timestamp": "2026-09-12T10:34:13.227924Z"}
{"method": "POST", "path": "/api/v1/login/access-token", "status_code": 200, "duration": 0.387, "event": "request_finished", "correlation_id": "50e46e30-e5f7-4bef-97cb-a33dc5864d2b", "level": "info", "logger": "app.middleware.RequestLoggingMiddleware", "timestamp": "2026-09-12T10:34:13.614949Z"}
{"event": "HTTP Request: POST http://testserver/api/v1/login/access-token \"HTTP/1.1 200 OK\"", "level": "info", "logger": "httpx", "timestamp": "2026-09-12T10:34:13.614949Z"}
{"method": "PATCH", "path": "/api/v1/users/me/password", "client_host": "testclient", "event": "request_started", "correlation_id": "803cc440-354d-4396-8e9d-2b6ff66d9717", "level": "info", "logger": "app.middleware.RequestLoggingMiddleware", "timestamp": "2026-09-12T10:34:13.614949Z"}
{"method": "PATCH", "path": "/api/v1/users/me/password", "status_code": 400, "duration": 0.3791, "event": "request_finished", "correlation_id": "803cc440-354d-4396-8e9d-2b6ff66d9717", "level": "info", "logger": "app.middleware.RequestLoggingMiddleware", "timestamp": "2026-09-12T10:34:13.994046Z"}
{"event": "HTTP Request: PATCH http://testserver/api/v1/users/me/password \"HTTP/1.1 400 Bad Request\"", "level": "info", "logger": "httpx", "timestamp": "2026-09-12T10:34:13.994046Z"}
{"method": "POST", "path": "/api/v1/login/access-token", "client_host": "testclient", "event": "request_started", "correlation_id": "3ddf316a-aab2-4a9c-a62f-539187224c50", "level": "info", "logger": "app.middleware.RequestLoggingMiddleware", "timestamp": "2026-09-12T10:34:14.391379Z"}
{"method": "POST", "path": "/api/v1/login/access-token", "status_code": 200, "duration": 0.3804, "event": "request_finished", "correlation_id": "3ddf316a-aab2-4a9c-a62f-539187224c50", "level": "info", "logger": "app.middleware.RequestLoggingMiddleware", "timestamp": "2026-09-12T10:34:14.771775Z"}
{"event": "HTTP Request: POST http://testserver/api/v1/login/access-token \"HTTP/1.1 200 OK\"", "level": "info", "logger": "httpx", "timestamp": "2026-09-12T10:34:14.771775Z"}
{"method": "PATCH", "path": "/api/v1/users/me", "client_host": "testclient", "event": "request_started", "correlation_id": "0272c21b-b48c-4a88-b7a9-433aef8503f4", "level": "info", "logger": "app.middleware.RequestLoggingMiddleware", "timestamp": "2026-09-12T10:34:15.151097Z"}
{"method": "PATCH", "path": "/api/v1/users/me", "status_code": 409, "duration": 0.0048, "event": "request_finished", "correlation_id": "0272c21b-b48c-4a88-b7a9-433aef8503f4", "level": "info", "logger": "app.middleware.RequestLoggingMiddleware", "timestamp": "2026-09-12T10:34:15.155891Z"}
{"event": "HTTP Request: PATCH http://testserver/api/v1/users/me \"HTTP/1.1 409 Conflict\"", "level": "info", "logger": "httpx", "timestamp": "2026-09-12T10:34:15.155891Z"}
{"method": "POST", "path": "/api/v1/login/access-token", "client_host": "testclient", "event": "request_started", "correlation_id": "657635b2-cc8f-4ac6-abae-87506210103c", "level": "info", "logger": "app.middleware.RequestLoggingMiddleware", "timestamp": "2026-09-12T10:34:15.166231Z"}
{"method": "POST", "path": "/api/v1/login/access-token", "status_code": 200, "duration": 0.3761, "event": "request_finished", "correlation_id": "657635b2-cc8f-4ac6-abae-87506210103c", "level": "info", "logger": "app.middleware.RequestLoggingMiddleware", "timestamp": "2026-09-12T10:34:15.542285Z"}
{"event": "HTTP Request: POST http://testserver/api/v1/login/access-token \"HTTP/1.1 200 OK\"", "level": "info", "logger": "httpx", "timestamp": "2026-09-12T10:34:15.542285Z"}
{"method": "PATCH", "path": "/api/v1/users/me/password", "client_host": "testclient", "event": "request_started", "correlation_id": "184450ef-bc21-420c-bca0-ec359df68bc0", "level": "info", "logger": "app.middleware.RequestLoggingMiddleware", "timestamp": "2026-09-12T10:34:15.545001Z"}
{"method": "PATCH", "path": "/api/v1/users/me/password", "status_code": 400, "duration": 0.366, "event": "request_finished", "correlation_id": "184450ef-bc21-420c-bca0-ec359df68bc0", "level": "info", "logger": "app.middleware.RequestLoggingMiddleware", "timestamp": "2026-09-12T10:34:15.911042Z"}
{"event": "HTTP Request: PATCH http://testserver/api/v1/users/me/password \"HTTP/1.1 400 Bad Request\"", "level": "info", "logger": "httpx", "timestamp": "2026-09-12T10:34:15.911042Z"}
{"method": "POST", "path": "/api/v1/users/signup", "client_host": "testclient", "event": "request_started", "correlation_id": "331ddad7-6c84-4b92-b042-ad341a3b876c", "level": "info", "logger": "app.middleware.RequestLoggingMiddleware", "timestamp": "2026-09-12T10:34:15.932275Z"}
{"event": "Preparing to send email to obvezpzctjfwtskiaecfluimvdbgjrqv@stebsqphdjtlqdestgakwvjttejkitfq.com", "correlation_id": "331ddad7-6c84-4b92-b042-ad341a3b876c", "level": "info", "logger": "app.utils", "timestamp": "2026-09-12T10:34:16.329121Z"}
{"event": "SMTP Config: Host=smtp-relay.brevo.com, Port=587, TLS=True, User=a085a7001@smtp-brevo.com", "correlation_id": "331ddad7-6c84-4b92-b042-ad341a3b876c", "level": "info", "logger": "app.utils", "timestamp": "2026-09-12T10:34:16.329121Z"}
{"event": "Connected to SMTP server", "correlation_id": "331ddad7-6c84-4b92-b042-ad341a3b876c", "level": "info", "logger": "app.utils", "timestamp": "2026-09-12T10:34:16.613342Z"}
{"event": "Starting TLS", "correlation_id": "331ddad7-6c84-4b92-b042-ad341a3b876c", "level": "info", "logger": "app.utils", "timestamp": "2026-09-12T10:34:16.798641Z"}
{"event": "Attempting login", "correlation_id": "331ddad7-6c84-4b92-b042-ad341a3b876c", "level": "info", "logger": "app.utils", "timestamp": "2026-09-12T10:34:17.198722Z"}
{"event": "Email sent successfully", "correlation_id": "331ddad7-6c84-4b92-b042-ad341a3b876c", "level": "info", "logger": "app.utils", "timestamp": "2026-09-12T10:34:18.233005Z"}
{"method": "POST", "path": "/api/v1/users/signup", "status_code": 200, "duration": 2.4118, "event": "request_finished", "correlation_id": "331ddad7-6c84-4b92-b042-ad341a3b876c", "level": "info", "logger": "app.middleware.RequestLoggingMiddleware", "timestamp": "2026-09-12T10:34:18.344108Z"}
{"event": "HTTP Request: POST http://testserver/api/v1/users/signup \"HTTP/1.1 200 OK\"", "level": "info", "logger": "httpx", "timestamp": "2026-09-12T10:34:18.353161Z"}
{"method": "POST", "path": "/api/v1/users/signup", "client_host": "testclient", "event": "request_started", "correlation_id": "c4800b08-873b-400a-b11a-901b843f3a92", "level": "info", "logger": "app.middleware.RequestLoggingMiddleware", "timestamp": "2026-09-12T10:34:18.752007Z"}
{"method": "POST", "path": "/api/v1/users/signup", "status_code": 400, "duration": 0.005, "event": "request_finished", "correlation_id": "c4800b08-873b-400a-b11a-901b843f3a92", "level": "info", "logger": "app.middleware.RequestLoggingMiddleware", "timestamp": "2026-09-12T10:34:18.757012Z"}
{"event": "HTTP Request: POST http://testserver/api/v1/users/signup \"HTTP/1.1 400 Bad Request\"", "level": "info", "logger": "httpx", "timestamp": "2026-09-12T10:34:18.757012Z"}
{"method": "POST", "path": "/api/v1/login/access-token", "client_host": "testclient", "event": "request_started", "correlation_id": "873a3331-a621-49c6-a737-7da43507dde3", "level": "info", "logger": "app.middleware.RequestLoggingMiddleware", "timestamp": "2026-09-12T10:34:18.767363Z"}
{"method": "POST", "path": "/api/v1/login/access-token", "status_code": 200, "duration": 0.3814, "event": "request_finished", "correlation_id": "873a3331-a621-49c6-a737-7da43507dde3", "level": "info", "logger": "app.middleware.RequestLoggingMiddleware", "timestamp": "2026-09-12T10:34:19.148763Z"}
{"event": "HTTP Request: POST http://testserver/api/v1/login/access-token \"HTTP/1.1 200 OK\"", "level": "info", "logger": "httpx", "timestamp": "2026-09-12T10:34:19.148763Z"}
{"method": "PATCH", "path": "/api/v1/users/2b06d3e8-f149-4381-9a79-e0892ad331b7", "client_host": "testclient", "event": "request_started", "correlation_id": "159de843-9a9a-40b0-875b-4a72653c521e", "level": "info", "logger": "app.middleware.RequestLoggingMiddleware", "timestamp": "2026-09-12T10:34:19.539830Z"}
{"method": "PATCH", "path": "/api/v1/users/2b06d3e8-f149-4381-9a79-e0892ad331b7", "status_code": 200, "duration": 0.0064, "event": "request_finished", "correlation_id": "159de843-9a9a-40b0-875b-4a72653c521e", "level": "info", "logger": "app.middleware.RequestLoggingMiddleware", "timestamp": "2026-09-12T10:34:19.546212Z"}
{"event": "HTTP Request: PATCH http://testserver/api/v1/users/2b06d3e8-f149-4381-9a79-e0892ad331b7 \"HTTP/1.1 200 OK\"", "level": "info", "logger": "httpx", "timestamp": "2026-09-12T10:34:19.546212Z"}
{"method": "POST", "path": "/api/v1/login/access-token", "client_host": "testclient", "event": "request_started", "correlation_id": "7b5d281c-f81c-42d3-b055-7ca86f426eaa", "level": "info", "logger": "app.middleware.RequestLoggingMiddleware", "timestamp": "2026-09-12T10:34:19.562316Z"}
{"method": "POST", "path": "/api/v1/login/access-token", "status_code": 200, "duration": 0.3701, "event": "request_finished", "correlation_id": "7b5d281c-f81c-42d3-b055-7ca86f426eaa", "level": "info", "logger": "app.middleware.RequestLoggingMiddleware", "timestamp": "2026-09-12T10:34:19.932446Z"}
{"event": "HTTP Request: POST http://testserver/api/v1/login/access-token \"HTTP/1.1 200 OK\"", "level": "info", "logger": "httpx", "timestamp": "2026-09-12T10:34:19.932446Z"}
{"method": "PATCH", "path": "/api/v1/users/21c951d6-97da-40b5-a54c-01eda3cd449a", "client_host": "testclient", "event": "request_started", "correlation_id": "f102f157-27b9-4a79-a6b9-3ab830436978", "level": "info", "logger": "app.middleware.RequestLoggingMiddleware", "timestamp": "2026-09-12T10:34:19.932446Z"}
{"method": "PATCH", "path": "/api/v1/users/21c951d6-97da-40b5-a54c-01eda3cd449a", "status_code": 404, "duration": 0.0063, "event": "request_finished", "correlation_id": "f102f157-27b9-4a79-a6b9-3ab830436978", "level": "info", "logger": "app.middleware.RequestLoggingMiddleware", "timestamp": "2026-09-12T10:34:19.938707Z"}
{"event": "HTTP Request: PATCH http://testserver/api/v1/users/21c951d6-97da-40b5-a54c-01eda3cd449a \"HTTP/1.1 404 Not Found\"", "level": "info", "logger": "httpx", "timestamp": "2026-09-12T10:34:19.938707Z"}
{"method": "POST", "path": "/api/v1/login/access-token", "client_host": "testclient", "event": "request_started", "correlation_id": "f2ad1935-edcf-484f-9b51-c7e68ed7aa08", "level": "info", "logger": "app.middleware.RequestLoggingMiddleware", "timestamp": "2026-09-12T10:34:19.950523Z"}
{"method": "POST", "path": "/api/v1/login/access-token", "status_code": 200, "duration": 0.446, "event": "request_finished", "correlation_id": "f2ad1935-edcf-484f-9b51-c7e68ed7aa08", "level": "info", "logger": "app.middleware.RequestLoggingMiddleware", "timestamp": "2026-09-12T10:34:20.396548Z"}
{"event": "HTTP Request: POST http://testserver/api/v1/login/access-token \"HTTP/1.1 200 OK\"", "level": "info", "logger": "httpx", "timestamp": "2026-09-12T10:34:20.396548Z"}
{"method": "PATCH", "path": "/api/v1/users/1db095ce-2fc9-4971-a721-e604c7a1a211", "client_host": "testclient", "event": "request_started", "correlation_id": "4faf4c4d-6c40-4c87-90f2-b3ae97526a54", "level": "info", "logger": "app.middleware.RequestLoggingMiddleware", "timestamp": "2026-09-12T10:34:21.143528Z"}
{"method": "PATCH", "path": "/api/v1/users/1db095ce-2fc9-4971-a721-e604c7a1a211", "status_code": 409, "duration": 0.0064, "event": "request_finished", "correlation_id": "4faf4c4d-6c40-4c87-90f2-b3ae97526a54", "level": "info", "logger": "app.middleware.RequestLoggingMiddleware", "timestamp": "2026-09-12T10:34:21.149900Z"}
{"event": "HTTP Request: PATCH http://testserver/api/v1/users/1db095ce-2fc9-4971-a721-e604c7a1a211 \"HTTP/1.1 409 Conflict\"", "level": "info", "logger": "httpx", "timestamp": "2026-09-12T10:34:21.149900Z"}
{"method": "POST", "path": "/api/v1/login/access-token", "client_host": "testclient", "event": "request_started", "correlation_id": "1459ad06-9393-42c3-b1e6-36e4f015c177", "level": "info", "logger": "app.middleware.RequestLoggingMiddleware", "timestamp": "2026-09-12T10:34:21.533352Z"}
{"method": "POST", "path": "/api/v1/login/access-token", "status_code": 200, "duration": 0.391, "event": "request_finished", "correlation_id": "1459ad06-9393-42c3-b1e6-36e4f015c177", "level": "info", "logger": "app.middleware.RequestLoggingMiddleware", "timestamp": "2026-09-12T10:34:21.924366Z"}
{"event": "HTTP Request: POST http://testserver/api/v1/login/access-token \"HTTP/1.1 200 OK\"", "level": "info", "logger": "httpx", "timestamp": "2026-09-12T10:34:21.925453Z"}
{"method": "DELETE", "path": "/api/v1/users/me", "client_host": "testclient", "event": "request_started", "correlation_id": "38557dd8-1ae0-4106-9299-b5be3f2d6fc6", "level": "info", "logger": "app.middleware.RequestLoggingMiddleware", "timestamp": "2026-09-12T10:34:21.925960Z"}
{"method": "DELETE", "path": "/api/v1/users/me", "status_code": 200, "duration": 0.0, "event": "request_finished", "correlation_id": "38557dd8-1ae0-4106-9299-b5be3f2d6fc6", "level": "info", "logger": "app.middleware.RequestLoggingMiddleware", "timestamp": "2026-09-12T10:34:21.925960Z"}
{"event": "HTTP Request: DELETE http://testserver/api/v1/users/me \"HTTP/1.1 200 OK\"", "level": "info", "logger": "httpx", "timestamp": "2026-09-12T10:34:21.925960Z"}
{"method": "POST", "path": "/api/v1/login/access-token", "client_host": "testclient", "event": "request_started", "correlation_id": "792a72c9-7deb-42c2-bea9-8793e759f3b8", "level": "info", "logger": "app.middleware.RequestLoggingMiddleware", "timestamp": "2026-09-12T10:34:21.946338Z"}
{"method": "POST", "path": "/api/v1/login/access-token", "status_code": 200, "duration": 0.3752, "event": "request_finished", "correlation_id": "792a72c9-7deb-42c2-bea9-8793e759f3b8", "level": "info", "logger": "app.middleware.RequestLoggingMiddleware", "timestamp": "2026-09-12T10:34:22.321539Z"}
{"event": "HTTP Request: POST http://testserver/api/v1/login/access-token \"HTTP/1.1 200 OK\"", "level": "info", "logger": "httpx", "timestamp": "2026-09-12T10:34:22.321539Z"}
{"method": "DELETE", "path": "/api/v1/users/me", "client_host": "testclient", "event": "request_started", "correlation_id": "48ea73f9-c857-4ffa-acd8-689a781c8e6b", "level": "info", "logger": "app.middleware.RequestLoggingMiddleware", "timestamp": "2026-09-12T10:34:22.321539Z"}
{"method": "DELETE", "path": "/api/v1/users/me", "status_code": 403, "duration": 0.0, "event": "request_finished", "correlation_id": "48ea73f9-c857-4ffa-acd8-689a781c8e6b", "level": "info", "logger": "app.middleware.RequestLoggingMiddleware", "timestamp": "2026-09-12T10:34:22.321539Z"}
{"event": "HTTP Request: DELETE http://testserver/api/v1/users/me \"HTTP/1.1 403 Forbidden\"", "level": "info", "logger": "httpx", "timestamp": "2026-09-12T10:34:22.321539Z"}
{"method": "POST", "path": "/api/v1/login/access-token", "client_host": "testclient", "event": "request_started", "correlation_id": "71256a90-c730-47df-a969-24c5e34d8cb3", "level": "info", "logger": "app.middleware.RequestLoggingMiddleware", "timestamp": "2026-09-12T10:34:22.338595Z"}
{"method": "POST", "path": "/api/v1/login/access-token", "status_code": 200, "duration": 0.3727, "event": "request_finished", "correlation_id": "71256a90-c730-47df-a969-24c5e34d8cb3", "level": "info", "logger": "app.middleware.RequestLoggingMiddleware", "timestamp": "2026-09-12T10:34:22.711297Z"}
{"event": "HTTP Request: POST http://testserver/api/v1/login/access-token \"HTTP/1.1 200 OK\"", "level": "info", "logger": "httpx", "timestamp": "2026-09-12T10:34:22.711297Z"}
{"method": "DELETE", "path": "/api/v1/users/aa5a9022-3b7f-4730-812f-7e0f4817f7d6", "client_host": "testclient", "event": "request_started", "correlation_id": "8e853d07-3f51-4cb2-ad00-a323352642f1", "level": "info", "logger": "app.middleware.RequestLoggingMiddleware", "timestamp": "2026-09-12T10:34:23.128300Z"}
{"method": "DELETE", "path": "/api/v1/users/aa5a9022-3b7f-4730-812f-7e0f4817f7d6", "status_code": 200, "duration": 0.0005, "event": "request_finished", "correlation_id": "8e853d07-3f51-4cb2-ad00-a323352642f1", "level": "info", "logger": "app.middleware.RequestLoggingMiddleware", "timestamp": "2026-09-12T10:34:23.128818Z"}
{"event": "HTTP Request: DELETE http://testserver/api/v1/users/aa5a9022-3b7f-4730-812f-7e0f4817f7d6 \"HTTP/1.1 200 OK\"", "level": "info", "logger": "httpx", "timestamp": "2026-09-12T10:34:23.128818Z"}
{"method": "POST", "path": "/api/v1/login/access-token", "client_host": "testclient", "event": "request_started", "correlation_id": "1519bef6-f43e-4381-bbe1-c53b64d1ddbd", "level": "info", "logger": "app.middleware.RequestLoggingMiddleware", "timestamp": "2026-09-12T10:34:23.150688Z"}
{"method": "POST", "path": "/api/v1/login/access-token", "status_code": 200, "duration": 0.3727, "event": "request_finished", "correlation_id": "1519bef6-f43e-4381-bbe1-c53b64d1ddbd", "level": "info", "logger": "app.middleware.RequestLoggingMiddleware", "timestamp": "2026-09-12T10:34:23.522807Z"}
{"event": "HTTP Request: POST http://testserver/api/v1/login/access-token \"HTTP/1.1 200 OK\"", "level": "info", "logger": "httpx", "timestamp": "2026-09-12T10:34:23.522807Z"}
{"method": "DELETE", "path": "/api/v1/users/c6c3acba-a372-4d80-83c3-bb74c0a04540", "client_host": "testclient", "event": "request_started", "correlation_id": "7d231808-f96b-42f2-b593-52686b58dfd5", "level": "info", "logger": "app.middleware.RequestLoggingMiddleware", "timestamp": "2026-09-12T10:34:23.530837Z"}
{"method": "DELETE", "path": "/api/v1/users/c6c3acba-a372-4d80-83c3-bb74c0a04540", "status_code": 404, "duration": 0.002, "event": "request_finished", "correlation_id": "7d231808-f96b-42f2-b593-52686b58dfd5", "level": "info", "logger": "app.middleware.RequestLoggingMiddleware", "timestamp": "2026-09-12T10:34:23.532850Z"}
{"event": "HTTP Request: DELETE http://testserver/api/v1/users/c6c3acba-a372-4d80-83c3-bb74c0a04540 \"HTTP/1.1 404 Not Found\"", "level": "info", "logger": "httpx", "timestamp": "2026-09-12T10:34:23.537761Z"}
{"method": "POST", "path": "/api/v1/login/access-token", "client_host": "testclient", "event": "request_started", "correlation_id": "cdc5823d-bddb-4423-8f27-9e245d6c04c3", "level": "info", "logger": "app.middleware.RequestLoggingMiddleware", "timestamp": "2026-09-12T10:34:23.547349Z"}
{"method": "POST", "path": "/api/v1/login/access-token", "status_code": 200, "duration": 0.3782, "event": "request_finished", "correlation_id": "cdc5823d-bddb-4423-8f27-9e245d6c04c3", "level": "info", "logger": "app.middleware.RequestLoggingMiddleware", "timestamp": "2026-09-12T10:34:23.925538Z"}
{"event": "HTTP Request: POST http://testserver/api/v1/login/access-token \"HTTP/1.1 200 OK\"", "level": "info", "logger": "httpx", "timestamp": "2026-09-12T10:34:23.927017Z"}
{"method": "DELETE", "path": "/api/v1/users/47816dab-99c8-4cf1-a257-78b0d905d015", "client_host": "testclient", "event": "request_started", "correlation_id": "c6c4fa11-2f2a-40c7-b9e4-bc5de0d77e75", "level": "info", "logger": "app.middleware.RequestLoggingMiddleware", "timestamp": "2026-09-12T10:34:23.929340Z"}
{"method": "DELETE", "path": "/api/v1/users/47816dab-99c8-4cf1-a257-78b0d905d015", "status_code": 403, "duration": 0.0024, "event": "request_finished", "correlation_id": "c6c4fa11-2f2a-40c7-b9e4-bc5de0d77e75", "level": "info", "logger": "app.middleware.RequestLoggingMiddleware", "timestamp": "2026-09-12T10:34:23.931757Z"}
{"event": "HTTP Request: DELETE http://testserver/api/v1/users/47816dab-99c8-4cf1-a257-78b0d905d015 \"HTTP/1.1 403 Forbidden\"", "level": "info", "logger": "httpx", "timestamp": "2026-09-12T10:34:23.931757Z"}
{"method": "POST", "path": "/api/v1/login/access-token", "client_host": "testclient", "event": "request_started", "correlation_id": "aff729a6-4d87-4028-9b8d-9743ad53617b", "level": "info", "logger": "app.middleware.RequestLoggingMiddleware", "timestamp": "2026-09-12T10:34:24.313268Z"}
{"method": "POST", "path": "/api/v1/login/access-token", "status_code": 200, "duration": 0.3701, "event": "request_finished", "correlation_id": "aff729a6-4d87-4028-9b8d-9743ad53617b", "level": "info", "logger": "app.middleware.RequestLoggingMiddleware", "timestamp": "2026-09-12T10:34:24.683386Z"}
{"event": "HTTP Request: POST http://testserver/api/v1/login/access-token \"HTTP/1.1 200 OK\"", "level": "info", "logger": "httpx", "timestamp": "2026-09-12T10:34:24.683386Z"}
{"method": "DELETE", "path": "/api/v1/users/84dd46d3-3ec6-4d39-8ef9-5590ff7a8010", "client_host": "testclient", "event": "request_started", "correlation_id": "e8bb4635-a77e-4dfa-b089-0474b0c82ce7", "level": "info", "logger": "app.middleware.RequestLoggingMiddleware", "timestamp": "2026-09-12T10:34:25.062479Z"}
{"method": "DELETE", "path": "/api/v1/users/84dd46d3-3ec6-4d39-8ef9-5590ff7a8010", "status_code": 403, "duration": 0.0, "event": "request_finished", "correlation_id": "e8bb4635-a77e-4dfa-b089-0474b0c82ce7", "level": "info", "logger": "app.middleware.RequestLoggingMiddleware", "timestamp": "2026-09-12T10:34:25.062479Z"}
{"event": "HTTP Request: DELETE http://testserver/api/v1/users/84dd46d3-3ec6-4d39-8ef9-5590ff7a8010 \"HTTP/1.1 403 Forbidden\"", "level": "info", "logger": "httpx", "timestamp": "2026-09-12T10:34:25.062479Z"}
{"event": "Starting call to 'app.backend_pre_start.init', this is the 1st time calling it.", "level": "info", "logger": "app.backend_pre_start", "timestamp": "2026-09-12T10:34:29.242333Z"}
{"event": "Starting call to 'app.tests_pre_start.init', this is the 1st time calling it.", "level": "info", "logger": "app.tests_pre_start", "timestamp": "2026-09-12T10:34:29.248920Z"}
{"event": "Preparing to send email to test@example.com", "level": "info", "logger": "app.utils", "timestamp": "2026-09-12T10:34:29.266693Z"}
{"event": "SMTP Config: Host=smtp-relay.brevo.com, Port=587, TLS=True, User=a085a7001@smtp-brevo.com", "level": "info", "logger": "app.utils", "timestamp": "2026-09-12T10:34:29.267227Z"}
{"event": "Connected to SMTP server", "level": "info", "logger": "app.utils", "timestamp": "2026-09-12T10:34:29.267756Z"}
{"event": "Starting TLS", "level": "info", "logger": "app.utils", "timestamp": "2026-09-12T10:34:29.268284Z"}
{"event": "Attempting login", "level": "info", "logger": "app.utils", "timestamp": "2026-09-12T10:34:29.268817Z"}
{"event": "Email sent successfully", "level": "info", "logger": "app.utils", "timestamp": "2026-09-12T10:34:29.271097Z"}
{"user_id": "5fa5f688-02f4-44b3-8e9e-8afe23cdf3b0", "family_id": "51e869f8-8782-479b-b6e3-dcf640d151eb", "event": "token_pair_issued", "level": "info", "logger": "app.services.token_service", "timestamp": "2026-09-12T10:52:10.201732Z"}
{"user_id": "5fa5f688-02f4-44b3-8e9e-8afe23cdf3b0", "family_id": "e58c808d-55e5-4154-913a-1a7effd3a121", "event": "token_pair_issued", "level": "info", "logger": "app.services.token_service", "timestamp": "2026-09-12T10:52:10.212732Z"}
{"user_id": "5fa5f688-02f4-44b3-8e9e-8afe23cdf3b0", "family_id": "e58c808d-55e5-4154-913a-1a7effd3a121", "event": "refresh_token_rotated", "level": "info", "logger": "app.services.token_service", "timestamp": "2026-09-12T10:52:10.218360Z"}
{"user_id": "5fa5f688-02f4-44b3-8e9e-8afe23cdf3b0", "family_id": "e58c808d-55e5-4154-913a-1a7effd3a121", "event": "refresh_token_rotated", "level": "info", "logger": "app.services.token_service", "timestamp": "2026-09-12T10:52:10.218360Z"}
{"user_id": "5fa5f688-02f4-44b3-8e9e-8afe23cdf3b0", "family_id": "1bf75df9-f62d-47b3-9083-4ddec30ec460", "event": "token_pair_issued", "level": "info", "logger": "app.services.token_service", "timestamp": "2026-09-12T10:52:10.229276Z"}
{"user_id": "5fa5f688-02f4-44b3-8e9e-8afe23cdf3b0", "family_id": "1bf75df9-f62d-47b3-9083-4ddec30ec460", "event": "refresh_token_rotated", "level": "info", "logger": "app.services.token_service", "timestamp": "2026-09-12T10:52:10.231655Z"}
{"family_id": "1bf75df9-f62d-47b3-9083-4ddec30ec460", "user_id": "5fa5f688-02f4-44b3-8e9e-8afe23cdf3b0", "used_at": "2026-09-12 10:52:10.230366", "revoked_at": "None", "event": "security_alert_refresh_token_reuse_detected", "level": "warning", "logger": "app.services.token_service", "timestamp": "2026-09-12T10:52:10.232954Z"}
{"family_id": "1bf75df9-f62d-47b3-9083-4ddec30ec460", "user_id": "5fa5f688-02f4-44b3-8e9e-8afe23cdf3b0", "used_at": "None", "revoked_at": "2026-09-12 10:52:10.232954", "event": "security_alert_refresh_token_reuse_detected", "level": "warning", "logger": "app.services.token_service", "timestamp": "2026-09-12T10:52:10.235550Z"}
{"user_id": "5fa5f688-02f4-44b3-8e9e-8afe23cdf3b0", "family_id": "85c14ee3-d274-4942-b37b-4a7018305bcf", "event": "token_pair_issued", "level": "info", "logger": "app.services.token_service", "timestamp": "2026-09-12T10:52:10.242837Z"}
{"user_id": "5fa5f688-02f4-44b3-8e9e-8afe23cdf3b0", "family_id": "4e5c5a11-a10c-4ae6-a34a-99fcad11e2ad", "event": "token_pair_issued", "level": "info", "logger": "app.services.token_service", "timestamp": "2026-09-12T10:52:10.251997Z"}
{"family_id": "4e5c5a11-a10c-4ae6-a34a-99fcad11e2ad", "user_id": "5fa5f688-02f4-44b3-8e9e-8afe23cdf3b0", "used_at": "None", "revoked_at": "2026-09-12 10:52:10.253165", "event": "security_alert_refresh_token_reuse_detected", "level": "warning", "logger": "app.services.token_service", "timestamp": "2026-09-12T10:52:10.254322Z"}
{"user_id": "5fa5f688-02f4-44b3-8e9e-8afe23cdf3b0", "family_id": "f3d4ee5d-29f9-47a2-a552-bad63cc7dc28", "event": "token_pair_issued", "level": "info", "logger": "app.services.token_service", "timestamp": "2026-09-12T10:52:10.262453Z"}
{"user_id": "5fa5f688-02f4-44b3-8e9e-8afe23cdf3b0", "family_id": "c8edb04b-f5e7-4744-a8e5-fefc95b71b84", "event": "token_pair_issued", "level": "info", "logger": "app.services.token_service", "timestamp": "2026-09-12T10:52:10.263564Z"}
{"user_id": "5fa5f688-02f4-44b3-8e9e-8afe23cdf3b0", "count": 2, "event": "all_user_tokens_revoked", "level": "info", "logger": "app.services.token_service", "timestamp": "2026-09-12T10:52:10.264809Z"}
{"family_id": "f3d4ee5d-29f9-47a2-a552-bad63cc7dc28", "user_id": "5fa5f688-02f4-44b3-8e9e-8afe23cdf3b0", "used_at": "None", "revoked_at": "2026-09-12 10:52:10.263564", "event": "security_alert_refresh_token_reuse_detected", "level": "warning", "logger": "app.services.token_service", "timestamp": "2026-09-12T10:52:10.266049Z"}
{"family_id": "c8edb04b-f5e7-4744-a8e5-fefc95b71b84", "user_id": "5fa5f688-02f4-44b3-8e9e-8afe23cdf3b0", "used_at": "None", "revoked_at": "2026-09-12 10:52:10.263564", "event": "security_alert_refresh_token_reuse_detected", "level": "warning", "logger": "app.services.token_service", "timestamp": "2026-09-12T10:52:10.267206Z"}
{"method": "POST", "path": "/api/v1/login/access-token", "client_host": "testclient", "event": "request_started", "correlation_id": "351aef5e-6974-472b-a753-013fb39860f7", "level": "info", "logger": "app.middleware.RequestLoggingMiddleware", "timestamp": "2026-09-12T10:54:08.969066Z"}
{"user_id": "5fa5f688-02f4-44b3-8e9e-8afe23cdf3b0", "family_id": "6eff33c7-7428-4686-a0d5-c42bbe9d5b7c", "event": "token_pair_issued", "correlation_id": "351aef5e-6974-472b-a753-013fb39860f7", "level": "info", "logger": "app.services.token_service", "timestamp": "2026-09-12T10:54:09.353193Z"}
{"method": "POST", "path": "/api/v1/login/access-token", "status_code": 200, "duration": 0.3903, "event": "request_finished", "correlation_id": "351aef5e-6974-472b-a753-013fb39860f7", "level": "info", "logger": "app.middleware.RequestLoggingMiddleware", "timestamp": "2026-09-12T10:54:09.354863Z"}
{"event": "HTTP Request: POST http://testserver/api/v1/login/access-token \"HTTP/1.1 200 OK\"", "level": "info", "logger": "httpx", "timestamp": "2026-09-12T10:54:09.357984Z"}
{"method": "POST", "path": "/api/v1/login/access-token", "client_host": "testclient", "event": "request_started", "correlation_id": "b03093c4-33ab-43ea-a361-6e685a59029c", "level": "info", "logger": "app.middleware.RequestLoggingMiddleware", "timestamp": "2026-09-12T10:54:09.368421Z"}
{"user_id": "5fa5f688-02f4-44b3-8e9e-8afe23cdf3b0", "family_id": "db377578-4877-4e7a-b36b-660048c58b12", "event": "token_pair_issued", "correlation_id": "b03093c4-33ab-43ea-a361-6e685a59029c", "level": "info", "logger": "app.services.token_service", "timestamp": "2026-09-12T10:54:09.769982Z"}
{"method": "POST", "path": "/api/v1/login/access-token", "status_code": 200, "duration": 0.4016, "event": "request_finished", "correlation_id": "b03093c4-33ab-43ea-a361-6e685a59029c", "level": "info", "logger": "app.middleware.RequestLoggingMiddleware", "timestamp": "2026-09-12T10:54:09.769982Z"}
{"event": "HTTP Request: POST http://testserver/api/v1/login/access-token \"HTTP/1.1 200 OK\"", "level": "info", "logger": "httpx", "timestamp": "2026-09-12T10:54:09.769982Z"}
{"method": "POST", "path": "/api/v1/login/access-token", "client_host": "testclient", "event": "request_started", "correlation_id": "618190df-153b-44f3-9a36-13be8c956165", "level": "info", "logger": "app.middleware.RequestLoggingMiddleware", "timestamp": "2026-09-12T10:54:09.783562Z"}
{"user_id": "5fa5f688-02f4-44b3-8e9e-8afe23cdf3b0", "family_id": "537e8ffa-a45a-4159-8629-206f634fb1b6", "event": "token_pair_issued", "correlation_id": "618190df-153b-44f3-9a36-13be8c956165", "level": "info", "logger": "app.services.token_service", "timestamp": "2026-09-12T10:54:10.158405Z"}
{"method": "POST", "path": "/api/v1/login/access-token", "status_code": 200, "duration": 0.3748, "event": "request_finished", "correlation_id": "618190df-153b-44f3-9a36-13be8c956165", "level": "info", "logger": "app.middleware.RequestLoggingMiddleware", "timestamp": "2026-09-12T10:54:10.158405Z"}
{"event": "HTTP Request: POST http://testserver/api/v1/login/access-token \"HTTP/1.1 200 OK\"", "level": "info", "logger": "httpx", "timestamp": "2026-09-12T10:54:10.158405Z"}
{"method": "POST", "path": "/api/v1/login/refresh-token", "client_host": "testclient", "event": "request_started", "correlation_id": "de88799f-5111-479c-a8cf-227b89a56360", "level": "info", "logger": "app.middleware.RequestLoggingMiddleware", "timestamp": "2026-09-12T10:54:10.158405Z"}
{"user_id": "5fa5f688-02f4-44b3-8e9e-8afe23cdf3b0", "family_id": "537e8ffa-a45a-4159-8629-206f634fb1b6", "event": "refresh_token_rotated", "correlation_id": "de88799f-5111-479c-a8cf-227b89a56360", "level": "info", "logger": "app.services.token_service", "timestamp": "2026-09-12T10:54:10.171090Z"}
{"method": "POST", "path": "/api/v1/login/refresh-token", "status_code": 200, "duration": 0.0127, "event": "request_finished", "correlation_id": "de88799f-5111-479c-a8cf-227b89a56360", "level": "info", "logger": "app.middleware.RequestLoggingMiddleware", "timestamp": "2026-09-12T10:54:10.171090Z"}
{"event": "HTTP Request: POST http://testserver/api/v1/login/refresh-token \"HTTP/1.1 200 OK\"", "level": "info", "logger": "httpx", "timestamp": "2026-09-12T10:54:10.171090Z"}
{"method": "POST", "path": "/api/v1/auth/refresh", "client_host": "testclient", "event": "request_started", "correlation_id": "493c20f5-9f09-493b-a784-69f8efa934b2", "level": "info", "logger": "app.middleware.RequestLoggingMiddleware", "timestamp": "2026-09-12T10:54:10.177634Z"}
{"user_id": "5fa5f688-02f4-44b3-8e9e-8afe23cdf3b0", "family_id": "537e8ffa-a45a-4159-8629-206f634fb1b6", "event": "refresh_token_rotated", "correlation_id": "493c20f5-9f09-493b-a784-69f8efa934b2", "level": "info", "logger": "app.services.token_service", "timestamp": "2026-09-12T10:54:10.183826Z"}
{"method": "POST", "path": "/api/v1/auth/refresh", "status_code": 200, "duration": 0.0062, "event": "request_finished", "correlation_id": "493c20f5-9f09-493b-a784-69f8efa934b2", "level": "info", "logger": "app.middleware.RequestLoggingMiddleware", "timestamp": "2026-09-12T10:54:10.183826Z"}
{"event": "HTTP Request: POST http://testserver/api/v1/auth/refresh \"HTTP/1.1 200 OK\"", "level": "info", "logger": "httpx", "timestamp": "2026-09-12T10:54:10.185836Z"}
{"method": "POST", "path": "/api/v1/login/access-token", "client_host": "testclient", "event": "request_started", "correlation_id": "c070090f-ef62-471b-b4d8-5e5bc1b2696d", "level": "info", "logger": "app.middleware.RequestLoggingMiddleware", "timestamp": "2026-09-12T10:54:10.195762Z"}
{"user_id": "5fa5f688-02f4-44b3-8e9e-8afe23cdf3b0", "family_id": "f01c7974-2e19-4faa-83d8-3bf8980cb835", "event": "token_pair_issued", "correlation_id": "c070090f-ef62-471b-b4d8-5e5bc1b2696d", "level": "info", "logger": "app.services.token_service", "timestamp": "2026-09-12T10:54:10.568493Z"}
{"method": "POST", "path": "/api/v1/login/access-token", "status_code": 200, "duration": 0.4037, "event": "request_finished", "correlation_id": "c070090f-ef62-471b-b4d8-5e5bc1b2696d", "level": "info", "logger": "app.middleware.RequestLoggingMiddleware", "timestamp": "2026-09-12T10:54:10.599433Z"}
{"event": "HTTP Request: POST http://testserver/api/v1/login/access-token \"HTTP/1.1 200 OK\"", "level": "info", "logger": "httpx", "timestamp": "2026-09-12T10:54:10.599433Z"}
{"method": "POST", "path": "/api/v1/login/refresh-token", "client_host": "testclient", "event": "request_started", "correlation_id": "124aa17b-dec3-4810-ae1b-641ee30709f0", "level": "info", "logger": "app.middleware.RequestLoggingMiddleware", "timestamp": "2026-09-12T10:54:10.601441Z"}
{"user_id": "5fa5f688-02f4-44b3-8e9e-8afe23cdf3b0", "family_id": "f01c7974-2e19-4faa-83d8-3bf8980cb835", "event": "refresh_token_rotated", "correlation_id": "124aa17b-dec3-4810-ae1b-641ee30709f0", "level": "info", "logger": "app.services.token_service", "timestamp": "2026-09-12T10:54:10.605456Z"}
{"method": "POST", "path": "/api/v1/login/refresh-token", "status_code": 200, "duration": 0.004, "event": "request_finished", "correlation_id": "124aa17b-dec3-4810-ae1b-641ee30709f0", "level": "info", "logger": "app.middleware.RequestLoggingMiddleware", "timestamp": "2026-09-12T10:54:10.605456Z"}
{"event": "HTTP Request: POST http://testserver/api/v1/login/refresh-token \"HTTP/1.1 200 OK\"", "level": "info", "logger": "httpx", "timestamp": "2026-09-12T10:54:10.605456Z"}
{"method": "POST", "path": "/api/v1/login/refresh-token", "client_host": "testclient", "event": "request_started", "correlation_id": "d6499107-d0e1-49c8-831a-0039c1dd5b65", "level": "info", "logger": "app.middleware.RequestLoggingMiddleware", "timestamp": "2026-09-12T10:54:10.608831Z"}
{"family_id": "f01c7974-2e19-4faa-83d8-3bf8980cb835", "user_id": "5fa5f688-02f4-44b3-8e9e-8afe23cdf3b0", "used_at": "2026-09-12 10:54:10.603449", "revoked_at": "None", "event": "security_alert_refresh_token_reuse_detected", "correlation_id": "d6499107-d0e1-49c8-831a-0039c1dd5b65", "level": "warning", "logger": "app.services.token_service", "timestamp": "2026-09-12T10:54:10.612861Z"}
{"method": "POST", "path": "/api/v1/login/refresh-token", "status_code": 401, "duration": 0.0058, "event": "request_finished", "correlation_id": "d6499107-d0e1-49c8-831a-0039c1dd5b65", "level": "info", "logger": "app.middleware.RequestLoggingMiddleware", "timestamp": "2026-09-12T10:54:10.614615Z"}
{"event": "HTTP Request: POST http://testserver/api/v1/login/refresh-token \"HTTP/1.1 401 Unauthorized\"", "level": "info", "logger": "httpx", "timestamp": "2026-09-12T10:54:10.616627Z"}
{"method": "POST", "path": "/api/v1/login/refresh-token", "client_host": "testclient", "event": "request_started", "correlation_id": "7daab90f-6dfc-4488-8118-e5d008bfec3b", "level": "info", "logger": "app.middleware.RequestLoggingMiddleware", "timestamp": "2026-09-12T10:54:10.616627Z"}
{"family_id": "f01c7974-2e19-4faa-83d8-3bf8980cb835", "user_id": "5fa5f688-02f4-44b3-8e9e-8afe23cdf3b0", "used_at": "None", "revoked_at": "2026-09-12 10:54:10.612861", "event": "security_alert_refresh_token_reuse_detected", "correlation_id": "7daab90f-6dfc-4488-8118-e5d008bfec3b", "level": "warning", "logger": "app.services.token_service", "timestamp": "2026-09-12T10:54:10.616627Z"}
{"method": "POST", "path": "/api/v1/login/refresh-token", "status_code": 401, "duration": 0.0057, "event": "request_finished", "correlation_id": "7daab90f-6dfc-4488-8118-e5d008bfec3b", "level": "info", "logger": "app.middleware.RequestLoggingMiddleware", "timestamp": "2026-09-12T10:54:10.622294Z"}
{"event": "HTTP Request: POST http://testserver/api/v1/login/refresh-token \"HTTP/1.1 401 Unauthorized\"", "level": "info", "logger": "httpx", "timestamp": "2026-09-12T10:54:10.623134Z"}
{"method": "POST", "path": "/api/v1/login/refresh-token", "client_host": "testclient", "event": "request_started", "correlation_id": "5d8f6507-7458-4c68-913a-7f5e9caa2a1f", "level": "info", "logger": "app.middleware.RequestLoggingMiddleware", "timestamp": "2026-09-12T10:54:10.632953Z"}
{"method": "POST", "path": "/api/v1/login/refresh-token", "status_code": 401, "duration": 0.0033, "event": "request_finished", "correlation_id": "5d8f6507-7458-4c68-913a-7f5e9caa2a1f", "level": "info", "logger": "app.middleware.RequestLoggingMiddleware", "timestamp": "2026-09-12T10:54:10.636255Z"}
{"event": "HTTP Request: POST http://testserver/api/v1/login/refresh-token \"HTTP/1.1 401 Unauthorized\"", "level": "info", "logger": "httpx", "timestamp": "2026-09-12T10:54:10.636811Z"}
{"method": "POST", "path": "/api/v1/login/access-token", "client_host": "testclient", "event": "request_started", "correlation_id": "46084689-7883-41e2-964d-7cb10ffa3468", "level": "info", "logger": "app.middleware.RequestLoggingMiddleware", "timestamp": "2026-09-12T10:54:10.645504Z"}
{"user_id": "5fa5f688-02f4-44b3-8e9e-8afe23cdf3b0", "family_id": "5fbd39d5-7734-4f62-a0cc-a38dfce0b674", "event": "token_pair_issued", "correlation_id": "46084689-7883-41e2-964d-7cb10ffa3468", "level": "info", "logger": "app.services.token_service", "timestamp": "2026-09-12T10:54:11.024448Z"}
{"method": "POST", "path": "/api/v1/login/access-token", "status_code": 200, "duration": 0.3789, "event": "request_finished", "correlation_id": "46084689-7883-41e2-964d-7cb10ffa3468", "level": "info", "logger": "app.middleware.RequestLoggingMiddleware", "timestamp": "2026-09-12T10:54:11.024448Z"}
{"event": "HTTP Request: POST http://testserver/api/v1/login/access-token \"HTTP/1.1 200 OK\"", "level": "info", "logger": "httpx", "timestamp": "2026-09-12T10:54:11.027025Z"}
{"method": "POST", "path": "/api/v1/login/logout", "client_host": "testclient", "event": "request_started", "correlation_id": "83fa48d5-4870-442c-9c88-ba2cd894969c", "level": "info", "logger": "app.middleware.RequestLoggingMiddleware", "timestamp": "2026-09-12T10:54:11.027025Z"}
{"method": "POST", "path": "/api/v1/login/logout", "status_code": 200, "duration": 0.0069, "event": "request_finished", "correlation_id": "83fa48d5-4870-442c-9c88-ba2cd894969c", "level": "info", "logger": "app.middleware.RequestLoggingMiddleware", "timestamp": "2026-09-12T10:54:11.033956Z"}
{"event": "HTTP Request: POST http://testserver/api/v1/login/logout \"HTTP/1.1 200 OK\"", "level": "info", "logger": "httpx", "timestamp": "2026-09-12T10:54:11.035471Z"}
{"method": "POST", "path": "/api/v1/login/refresh-token", "client_host": "testclient", "event": "request_started", "correlation_id": "db53ac7b-757a-4888-bc65-aa130c3fdeb7", "level": "info", "logger": "app.middleware.RequestLoggingMiddleware", "timestamp": "2026-09-12T10:54:11.037489Z"}
{"family_id": "5fbd39d5-7734-4f62-a0cc-a38dfce0b674", "user_id": "5fa5f688-02f4-44b3-8e9e-8afe23cdf3b0", "used_at": "None", "revoked_at": "2026-09-12 10:54:11.029112", "event": "security_alert_refresh_token_reuse_detected", "correlation_id": "db53ac7b-757a-4888-bc65-aa130c3fdeb7", "level": "warning", "logger": "app.services.token_service", "timestamp": "2026-09-12T10:54:11.039751Z"}
{"method": "POST", "path": "/api/v1/login/refresh-token", "status_code": 401, "duration": 0.0043, "event": "request_finished", "correlation_id": "db53ac7b-757a-4888-bc65-aa130c3fdeb7", "level": "info", "logger": "app.middleware.RequestLoggingMiddleware", "timestamp": "2026-09-12T10:54:11.041763Z"}
{"event": "HTTP Request: POST http://testserver/api/v1/login/refresh-token \"HTTP/1.1 401 Unauthorized\"", "level": "info", "logger": "httpx", "timestamp": "2026-09-12T10:54:11.043779Z"}
{"method": "POST", "path": "/api/v1/login/access-token", "client_host": "testclient", "event": "request_started", "correlation_id": "abda3a9b-e01f-4f24-a314-db32dada85fc", "level": "info", "logger": "app.middleware.RequestLoggingMiddleware", "timestamp": "2026-09-12T10:54:11.053388Z"}
{"user_id": "5fa5f688-02f4-44b3-8e9e-8afe23cdf3b0", "family_id": "c2f2cf5b-d6d6-4afe-96c2-46bbb0f9950d", "event": "token_pair_issued", "correlation_id": "abda3a9b-e01f-4f24-a314-db32dada85fc", "level": "info", "logger": "app.services.token_service", "timestamp": "2026-09-12T10:54:11.440702Z"}
{"method": "POST", "path": "/api/v1/login/access-token", "status_code": 200, "duration": 0.3873, "event": "request_finished", "correlation_id": "abda3a9b-e01f-4f24-a314-db32dada85fc", "level": "info", "logger": "app.middleware.RequestLoggingMiddleware", "timestamp": "2026-09-12T10:54:11.440702Z"}
{"event": "HTTP Request: POST http://testserver/api/v1/login/access-token \"HTTP/1.1 200 OK\"", "level": "info", "logger": "httpx", "timestamp": "2026-09-12T10:54:11.440702Z"}
{"method": "POST", "path": "/api/v1/login/refresh-token", "client_host": "testclient", "event": "request_started", "correlation_id": "65270472-c633-4f25-9571-ef27591c0ae7", "level": "info", "logger": "app.middleware.RequestLoggingMiddleware", "timestamp": "2026-09-12T10:54:11.449342Z"}
{"user_id": "5fa5f688-02f4-44b3-8e9e-8afe23cdf3b0", "family_id": "c2f2cf5b-d6d6-4afe-96c2-46bbb0f9950d", "event": "refresh_token_rotated", "correlation_id": "65270472-c633-4f25-9571-ef27591c0ae7", "level": "info", "logger": "app.services.token_service", "timestamp": "2026-09-12T10:54:11.449342Z"}
{"method": "POST", "path": "/api/v1/login/refresh-token", "status_code": 200, "duration": 0.0, "event": "request_finished", "correlation_id": "65270472-c633-4f25-9571-ef27591c0ae7", "level": "info", "logger": "app.middleware.RequestLoggingMiddleware", "timestamp": "2026-09-12T10:54:11.449342Z"}
{"event": "HTTP Request: POST http://testserver/api/v1/login/refresh-token \"HTTP/1.1 200 OK\"", "level": "info", "logger": "httpx", "timestamp": "2026-09-12T10:54:11.449342Z"}
{"method": "POST", "path": "/api/v1/login/access-token", "client_host": "testclient", "event": "request_started", "correlation_id": "1a90239c-89cb-4139-bd31-642700a212ea", "level": "info", "logger": "app.middleware.RequestLoggingMiddleware", "timestamp": "2026-09-12T10:54:11.465673Z"}
{"user_id": "5fa5f688-02f4-44b3-8e9e-8afe23cdf3b0", "family_id": "e9ba41fe-d33b-4391-9be1-ef799d654813", "event": "token_pair_issued", "correlation_id": "1a90239c-89cb-4139-bd31-642700a212ea", "level": "info", "logger": "app.services.token_service", "timestamp": "2026-09-12T10:54:11.880105Z"}
{"method": "POST", "path": "/api/v1/login/access-token", "status_code": 200, "duration": 0.4144, "event": "request_finished", "correlation_id": "1a90239c-89cb-4139-bd31-642700a212ea", "level": "info", "logger": "app.middleware.RequestLoggingMiddleware", "timestamp": "2026-09-12T10:54:11.880105Z"}
{"event": "HTTP Request: POST http://testserver/api/v1/login/access-token \"HTTP/1.1 200 OK\"", "level": "info", "logger": "httpx", "timestamp": "2026-09-12T10:54:11.880105Z"}
{"method": "POST", "path": "/api/v1/login/access-token", "client_host": "testclient", "event": "request_started", "correlation_id": "1654b54c-33e2-46ab-994a-6ad975066a8b", "level": "info", "logger": "app.middleware.RequestLoggingMiddleware", "timestamp": "2026-09-12T10:54:11.880105Z"}
{"user_id": "5fa5f688-02f4-44b3-8e9e-8afe23cdf3b0", "family_id": "f49626a1-e44e-48b7-a7da-8bd236ac6e5e", "event": "token_pair_issued", "correlation_id": "1654b54c-33e2-46ab-994a-6ad975066a8b", "level": "info", "logger": "app.services.token_service", "timestamp": "2026-09-12T10:54:12.268260Z"}
{"method": "POST", "path": "/api/v1/login/access-token", "status_code": 200, "duration": 0.3902, "event": "request_finished", "correlation_id": "1654b54c-33e2-46ab-994a-6ad975066a8b", "level": "info", "logger": "app.middleware.RequestLoggingMiddleware", "timestamp": "2026-09-12T10:54:12.270264Z"}
{"event": "HTTP Request: POST http://testserver/api/v1/login/access-token \"HTTP/1.1 200 OK\"", "level": "info", "logger": "httpx", "timestamp": "2026-09-12T10:54:12.272751Z"}
{"method": "POST", "path": "/api/v1/login/access-token", "client_host": "testclient", "event": "request_started", "correlation_id": "495e5317-c81b-484f-83e5-7a1bd22d7504", "level": "info", "logger": "app.middleware.RequestLoggingMiddleware", "timestamp": "2026-09-12T10:54:12.274104Z"}
{"user_id": "5fa5f688-02f4-44b3-8e9e-8afe23cdf3b0", "family_id": "05f06b84-39a0-465b-9529-0a8fdbf7476d", "event": "token_pair_issued", "correlation_id": "495e5317-c81b-484f-83e5-7a1bd22d7504", "level": "info", "logger": "app.services.token_service", "timestamp": "2026-09-12T10:54:12.663315Z"}
{"method": "POST", "path": "/api/v1/login/access-token", "status_code": 200, "duration": 0.3892, "event": "request_finished", "correlation_id": "495e5317-c81b-484f-83e5-7a1bd22d7504", "level": "info", "logger": "app.middleware.RequestLoggingMiddleware", "timestamp": "2026-09-12T10:54:12.663315Z"}
{"event": "HTTP Request: POST http://testserver/api/v1/login/access-token \"HTTP/1.1 200 OK\"", "level": "info", "logger": "httpx", "timestamp": "2026-09-12T10:54:12.663315Z"}
{"method": "POST", "path": "/api/v1/auth/logout-all", "client_host": "testclient", "event": "request_started", "correlation_id": "08ef8e98-b77c-4bec-8854-982b79d7430d", "level": "info", "logger": "app.middleware.RequestLoggingMiddleware", "timestamp": "2026-09-12T10:54:12.663315Z"}
{"user_id": "5fa5f688-02f4-44b3-8e9e-8afe23cdf3b0", "count": 3, "event": "all_user_tokens_revoked", "correlation_id": "08ef8e98-b77c-4bec-8854-982b79d7430d", "level": "info", "logger": "app.services.token_service", "timestamp": "2026-09-12T10:54:12.673116Z"}
{"method": "POST", "path": "/api/v1/auth/logout-all", "status_code": 200, "duration": 0.0098, "event": "request_finished", "correlation_id": "08ef8e98-b77c-4bec-8854-982b79d7430d", "level": "info", "logger": "app.middleware.RequestLoggingMiddleware", "timestamp": "2026-09-12T10:54:12.673116Z"}
{"event": "HTTP Request: POST http://testserver/api/v1/auth/logout-all \"HTTP/1.1 200 OK\"", "level": "info", "logger": "httpx", "timestamp": "2026-09-12T10:54:12.673116Z"}
{"method": "POST", "path": "/api/v1/login/refresh-token", "client_host": "testclient", "event": "request_started", "correlation_id": "664c816a-ebe4-43bd-b0db-6b25862da55f", "level": "info", "logger": "app.middleware.RequestLoggingMiddleware", "timestamp": "2026-09-12T10:54:12.673116Z"}
{"family_id": "f49626a1-e44e-48b7-a7da-8bd236ac6e5e", "user_id": "5fa5f688-02f4-44b3-8e9e-8afe23cdf3b0", "used_at": "None", "revoked_at": "2026-09-12 10:54:12.673116", "event": "security_alert_refresh_token_reuse_detected", "correlation_id": "664c816a-ebe4-43bd-b0db-6b25862da55f", "level": "warning", "logger": "app.services.token_service", "timestamp": "2026-09-12T10:54:12.681539Z"}
{"method": "POST", "path": "/api/v1/login/refresh-token", "status_code": 401, "duration": 0.0103, "event": "request_finished", "correlation_id": "664c816a-ebe4-43bd-b0db-6b25862da55f", "level": "info", "logger": "app.middleware.RequestLoggingMiddleware", "timestamp": "2026-09-12T10:54:12.683398Z"}
{"event": "HTTP Request: POST http://testserver/api/v1/login/refresh-token \"HTTP/1.1 401 Unauthorized\"", "level": "info", "logger": "httpx", "timestamp": "2026-09-12T10:54:12.684017Z"}
{"method": "POST", "path": "/api/v1/login/refresh-token", "client_host": "testclient", "event": "request_started", "correlation_id": "3cb70254-4399-4d64-a121-045d5ab96b4e", "level": "info", "logger": "app.middleware.RequestLoggingMiddleware", "timestamp": "2026-09-12T10:54:12.684017Z"}
{"family_id": "05f06b84-39a0-465b-9529-0a8fdbf7476d", "user_id": "5fa5f688-02f4-44b3-8e9e-8afe23cdf3b0", "used_at": "None", "revoked_at": "2026-09-12 10:54:12.673116", "event": "security_alert_refresh_token_reuse_detected", "correlation_id": "3cb70254-4399-4d64-a121-045d5ab96b4e", "level": "warning", "logger": "app.services.token_service", "timestamp": "2026-09-12T10:54:12.688861Z"}
{"method": "POST", "path": "/api/v1/login/refresh-token", "status_code": 401, "duration": 0.0061, "event": "request_finished", "correlation_id": "3cb70254-4399-4d64-a121-045d5ab96b4e", "level": "info", "logger": "app.middleware.RequestLoggingMiddleware", "timestamp": "2026-09-12T10:54:12.690082Z"}
{"event": "HTTP Request: POST http://testserver/api/v1/login/refresh-token \"HTTP/1.1 401 Unauthorized\"", "level": "info", "logger": "httpx", "timestamp": "2026-09-12T10:54:12.692351Z"}
{"method": "POST", "path": "/api/v1/login/access-token", "client_host": "testclient", "event": "request_started", "correlation_id": "2894f3aa-3c28-4ae0-bfbd-5b839e5df62e", "level": "info", "logger": "app.middleware.RequestLoggingMiddleware", "timestamp": "2026-09-12T10:54:13.099700Z"}
{"user_id": "e76a1602-ce1c-4407-9873-62efb0b02e01", "family_id": "8ca41a2f-fd12-4604-9bff-a8688b3b46df", "event": "token_pair_issued", "correlation_id": "2894f3aa-3c28-4ae0-bfbd-5b839e5df62e", "level": "info", "logger": "app.services.token_service", "timestamp": "2026-09-12T10:54:13.499181Z"}
{"method": "POST", "path": "/api/v1/login/access-token", "status_code": 200, "duration": 0.4011, "event": "request_finished", "correlation_id": "2894f3aa-3c28-4ae0-bfbd-5b839e5df62e", "level": "info", "logger": "app.middleware.RequestLoggingMiddleware", "timestamp": "2026-09-12T10:54:13.500784Z"}
{"event": "HTTP Request: POST http://testserver/api/v1/login/access-token \"HTTP/1.1 200 OK\"", "level": "info", "logger": "httpx", "timestamp": "2026-09-12T10:54:13.500784Z"}
{"method": "POST", "path": "/api/v1/login/refresh-token", "client_host": "testclient", "event": "request_started", "correlation_id": "edeb2fee-01b8-49bb-a118-b5dbd96c9a19", "level": "info", "logger": "app.middleware.RequestLoggingMiddleware", "timestamp": "2026-09-12T10:54:13.500784Z"}
{"method": "POST", "path": "/api/v1/login/refresh-token", "status_code": 401, "duration": 0.0048, "event": "request_finished", "correlation_id": "edeb2fee-01b8-49bb-a118-b5dbd96c9a19", "level": "info", "logger": "app.middleware.RequestLoggingMiddleware", "timestamp": "2026-09-12T10:54:13.505550Z"}
{"event": "HTTP Request: POST http://testserver/api/v1/login/refresh-token \"HTTP/1.1 401 Unauthorized\"", "level": "info", "logger": "httpx", "timestamp": "2026-09-12T10:54:13.505550Z"}
{"method": "POST", "path": "/api/v1/login/access-token", "client_host": "testclient", "event": "request_started", "correlation_id": "f01a6799-28cb-461d-baae-b8f86e9cca20", "level": "info", "logger": "app.middleware.RequestLoggingMiddleware", "timestamp": "2026-09-12T10:54:13.521018Z"}
{"user_id": "5fa5f688-02f4-44b3-8e9e-8afe23cdf3b0", "family_id": "c6ac46bb-5312-41be-b270-257a805e38c3", "event": "token_pair_issued", "correlation_id": "f01a6799-28cb-461d-baae-b8f86e9cca20", "level": "info", "logger": "app.services.token_service", "timestamp": "2026-09-12T10:54:13.910851Z"}
{"method": "POST", "path": "/api/v1/login/access-token", "status_code": 200, "duration": 0.3898, "event": "request_finished", "correlation_id": "f01a6799-28cb-461d-baae-b8f86e9cca20", "level": "info", "logger": "app.middleware.RequestLoggingMiddleware", "timestamp": "2026-09-12T10:54:13.910851Z"}
{"event": "HTTP Request: POST http://testserver/api/v1/login/access-token \"HTTP/1.1 200 OK\"", "level": "info", "logger": "httpx", "timestamp": "2026-09-12T10:54:13.912860Z"}
{"method": "POST", "path": "/api/v1/login/refresh-token", "client_host": "testclient", "event": "request_started", "correlation_id": "06202bc6-cc57-4bf4-a124-df1ea2494369", "level": "info", "logger": "app.middleware.RequestLoggingMiddleware", "timestamp": "2026-09-12T10:54:13.913866Z"}
{"method": "POST", "path": "/api/v1/login/refresh-token", "client_host": "testclient", "event": "request_started", "correlation_id": "fab6ae33-96e9-4e4e-b875-3b807f93541e", "level": "info", "logger": "app.middleware.RequestLoggingMiddleware", "timestamp": "2026-09-12T10:54:13.915874Z"}
{"user_id": "5fa5f688-02f4-44b3-8e9e-8afe23cdf3b0", "family_id": "c6ac46bb-5312-41be-b270-257a805e38c3", "event": "refresh_token_rotated", "correlation_id": "06202bc6-cc57-4bf4-a124-df1ea2494369", "level": "info", "logger": "app.services.token_service", "timestamp": "2026-09-12T10:54:13.919893Z"}
{"method": "POST", "path": "/api/v1/login/refresh-token", "client_host": "testclient", "event": "request_started", "correlation_id": "f8b65525-e790-401a-a806-301d65e3439c", "level": "info", "logger": "app.middleware.RequestLoggingMiddleware", "timestamp": "2026-09-12T10:54:13.924704Z"}
{"family_id": "c6ac46bb-5312-41be-b270-257a805e38c3", "user_id": "5fa5f688-02f4-44b3-8e9e-8afe23cdf3b0", "used_at": "2026-09-12 10:54:13.917884", "revoked_at": "None", "event": "security_alert_refresh_token_reuse_detected", "correlation_id": "fab6ae33-96e9-4e4e-b875-3b807f93541e", "level": "warning", "logger": "app.services.token_service", "timestamp": "2026-09-12T10:54:13.926788Z"}
{"method": "POST", "path": "/api/v1/login/refresh-token", "client_host": "testclient", "event": "request_started", "correlation_id": "2dc5e3be-c780-46dc-a950-e975d6a40f91", "level": "info", "logger": "app.middleware.RequestLoggingMiddleware", "timestamp": "2026-09-12T10:54:13.926788Z"}
{"method": "POST", "path": "/api/v1/login/refresh-token", "status_code": 200, "duration": 0.0165, "event": "request_finished", "correlation_id": "06202bc6-cc57-4bf4-a124-df1ea2494369", "level": "info", "logger": "app.middleware.RequestLoggingMiddleware", "timestamp": "2026-09-12T10:54:13.930329Z"}
{"method": "POST", "path": "/api/v1/login/refresh-token", "status_code": 401, "duration": 0.0145, "event": "request_finished", "correlation_id": "fab6ae33-96e9-4e4e-b875-3b807f93541e", "level": "info", "logger": "app.middleware.RequestLoggingMiddleware", "timestamp": "2026-09-12T10:54:13.930329Z"}
{"family_id": "c6ac46bb-5312-41be-b270-257a805e38c3", "user_id": "5fa5f688-02f4-44b3-8e9e-8afe23cdf3b0", "used_at": "2026-09-12 10:54:13.917884", "revoked_at": "2026-09-12 10:54:13.926788", "event": "security_alert_refresh_token_reuse_detected", "correlation_id": "f8b65525-e790-401a-a806-301d65e3439c", "level": "warning", "logger": "app.services.token_service", "timestamp": "2026-09-12T10:54:13.930329Z"}
{"event": "HTTP Request: POST http://testserver/api/v1/login/refresh-token \"HTTP/1.1 401 Unauthorized\"", "level": "info", "logger": "httpx", "timestamp": "2026-09-12T10:54:13.930329Z"}
{"event": "HTTP Request: POST http://testserver/api/v1/login/refresh-token \"HTTP/1.1 200 OK\"", "level": "info", "logger": "httpx", "timestamp": "2026-09-12T10:54:13.930329Z"}
{"method": "POST", "path": "/api/v1/login/refresh-token", "status_code": 401, "duration": 0.011, "event": "request_finished", "correlation_id": "f8b65525-e790-401a-a806-301d65e3439c", "level": "info", "logger": "app.middleware.RequestLoggingMiddleware", "timestamp": "2026-09-12T10:54:13.935739Z"}
{"event": "HTTP Request: POST http://testserver/api/v1/login/refresh-token \"HTTP/1.1 401 Unauthorized\"", "level": "info", "logger": "httpx", "timestamp": "2026-09-12T10:54:13.936169Z"}
{"family_id": "c6ac46bb-5312-41be-b270-257a805e38c3", "user_id": "5fa5f688-02f4-44b3-8e9e-8afe23cdf3b0", "used_at": "2026-09-12 10:54:13.917884", "revoked_at": "2026-09-12 10:54:13.926788", "event": "security_alert_refresh_token_reuse_detected", "correlation_id": "2dc5e3be-c780-46dc-a950-e975d6a40f91", "level": "warning", "logger": "app.services.token_service", "timestamp": "2026-09-12T10:54:13.936169Z"}
{"method": "POST", "path": "/api/v1/login/refresh-token", "status_code": 401, "duration": 0.0117, "event": "request_finished", "correlation_id": "2dc5e3be-c780-46dc-a950-e975d6a40f91", "level": "info", "logger": "app.middleware.RequestLoggingMiddleware", "timestamp": "2026-09-12T10:54:13.938514Z"}
{"event": "HTTP Request: POST http://testserver/api/v1/login/refresh-token \"HTTP/1.1 401 Unauthorized\"", "level": "info", "logger": "httpx", "timestamp": "2026-09-12T10:54:13.939608Z"}
{"method": "POST", "path": "/api/v1/login/access-token", "client_host": "testclient", "event": "request_started", "correlation_id": "fa0b6f27-adcd-42ff-952c-0dfd23b35e0f", "level": "info", "logger": "app.middleware.RequestLoggingMiddleware", "timestamp": "2026-09-12T10:54:13.948547Z"}
{"method": "POST", "path": "/api/v1/login/access-token", "status_code": 400, "duration": 0.3824, "event": "request_finished", "correlation_id": "fa0b6f27-adcd-42ff-952c-0dfd23b35e0f", "level": "info", "logger": "app.middleware.RequestLoggingMiddleware", "timestamp": "2026-09-12T10:54:14.330924Z"}
{"event": "HTTP Request: POST http://testserver/api/v1/login/access-token \"HTTP/1.1 400 Bad Request\"", "level": "info", "logger": "httpx", "timestamp": "2026-09-12T10:54:14.330924Z"}
{"method": "POST", "path": "/api/v1/login/access-token", "client_host": "testclient", "event": "request_started", "correlation_id": "0e521a05-0090-4332-9720-7ea322fd75b3", "level": "info", "logger": "app.middleware.RequestLoggingMiddleware", "timestamp": "2026-09-12T10:54:14.347308Z"}
{"user_id": "5fa5f688-02f4-44b3-8e9e-8afe23cdf3b0", "family_id": "1507cd08-b888-438b-a123-bb3f18f1046c", "event": "token_pair_issued", "correlation_id": "0e521a05-0090-4332-9720-7ea322fd75b3", "level": "info", "logger": "app.services.token_service", "timestamp": "2026-09-12T10:54:14.717890Z"}
{"method": "POST", "path": "/api/v1/login/access-token", "status_code": 200, "duration": 0.3716, "event": "request_finished", "correlation_id": "0e521a05-0090-4332-9720-7ea322fd75b3", "level": "info", "logger": "app.middleware.RequestLoggingMiddleware", "timestamp": "2026-09-12T10:54:14.718905Z"}
{"event": "HTTP Request: POST http://testserver/api/v1/login/access-token \"HTTP/1.1 200 OK\"", "level": "info", "logger": "httpx", "timestamp": "2026-09-12T10:54:14.718905Z"}
{"method": "POST", "path": "/api/v1/login/test-token", "client_host": "testclient", "event": "request_started", "correlation_id": "328f7c61-4bb9-4442-84fc-ef37a9ed4466", "level": "info", "logger": "app.middleware.RequestLoggingMiddleware", "timestamp": "2026-09-12T10:54:14.721041Z"}
{"method": "POST", "path": "/api/v1/login/test-token", "status_code": 200, "duration": 0.002, "event": "request_finished", "correlation_id": "328f7c61-4bb9-4442-84fc-ef37a9ed4466", "level": "info", "logger": "app.middleware.RequestLoggingMiddleware", "timestamp": "2026-09-12T10:54:14.723052Z"}
{"event": "HTTP Request: POST http://testserver/api/v1/login/test-token \"HTTP/1.1 200 OK\"", "level": "info", "logger": "httpx", "timestamp": "2026-09-12T10:54:14.725971Z"}
{"method": "POST", "path": "/api/v1/login/access-token", "client_host": "testclient", "event": "request_started", "correlation_id": "ce2a2c28-ccc1-4e39-8959-263962f99a38", "level": "info", "logger": "app.middleware.RequestLoggingMiddleware", "timestamp": "2026-09-12T10:54:15.104456Z"}
{"user_id": "bb73fe4b-36d1-48f6-b5d7-9a6c8ec6ae9f", "family_id": "1621805d-5434-4e7b-b242-38be1d0dd29b", "event": "token_pair_issued", "correlation_id": "ce2a2c28-ccc1-4e39-8959-263962f99a38", "level": "info", "logger": "app.services.token_service", "timestamp": "2026-09-12T10:54:15.486635Z"}
{"method": "POST", "path": "/api/v1/login/access-token", "status_code": 200, "duration": 0.3851, "event": "request_finished", "correlation_id": "ce2a2c28-ccc1-4e39-8959-263962f99a38", "level": "info", "logger": "app.middleware.RequestLoggingMiddleware", "timestamp": "2026-09-12T10:54:15.489579Z"}
{"event": "HTTP Request: POST http://testserver/api/v1/login/access-token \"HTTP/1.1 200 OK\"", "level": "info", "logger": "httpx", "timestamp": "2026-09-12T10:54:15.489579Z"}
{"method": "POST", "path": "/api/v1/password-recovery/test@example.com", "client_host": "testclient", "event": "request_started", "correlation_id": "24ae87fc-f156-4a82-96de-1988d08de480", "level": "info", "logger": "app.middleware.RequestLoggingMiddleware", "timestamp": "2026-09-12T10:54:15.492507Z"}
{"event": "Preparing to send email to test@example.com", "correlation_id": "24ae87fc-f156-4a82-96de-1988d08de480", "level": "info", "logger": "app.utils", "timestamp": "2026-09-12T10:54:15.502046Z"}
{"event": "SMTP Config: Host=smtp.example.com, Port=587, TLS=True, User=admin@example.com", "correlation_id": "24ae87fc-f156-4a82-96de-1988d08de480", "level": "info", "logger": "app.utils", "timestamp": "2026-09-12T10:54:15.502046Z"}
{"event": "Failed to send email: [Errno 11001] getaddrinfo failed", "correlation_id": "24ae87fc-f156-4a82-96de-1988d08de480", "level": "error", "logger": "app.utils", "timestamp": "2026-09-12T10:54:15.615308Z"}
{"event": "Traceback (most recent call last):\n  File \"C:\\Users\\kiran\\Desktop\\doit-prod\\backend\\app\\utils.py\", line 74, in send_email\n    with smtplib.SMTP(settings.SMTP_HOST, settings.SMTP_PORT) as server:\n         ^^^^^^^^^^^^^^^^^^^^^^^^^^^^^^^^^^^^^^^^^^^^^^^^^^^^\n  File \"C:\\Users\\kiran\\AppData\\Roaming\\uv\\python\\cpython-3.12.12-windows-x86_64-none\\Lib\\smtplib.py\", line 255, in __init__\n    (code, msg) = self.connect(host, port)\n                  ^^^^^^^^^^^^^^^^^^^^^^^^\n  File \"C:\\Users\\kiran\\AppData\\Roaming\\uv\\python\\cpython-3.12.12-windows-x86_64-none\\Lib\\smtplib.py\", line 341, in connect\n    self.sock = self._get_socket(host, port, self.timeout)\n                ^^^^^^^^^^^^^^^^^^^^^^^^^^^^^^^^^^^^^^^^^^\n  File \"C:\\Users\\kiran\\AppData\\Roaming\\uv\\python\\cpython-3.12.12-windows-x86_64-none\\Lib\\smtplib.py\", line 312, in _get_socket\n    return socket.create_connection((host, port), timeout,\n           ^^^^^^^^^^^^^^^^^^^^^^^^^^^^^^^^^^^^^^^^^^^^^^^\n  File \"C:\\Users\\kiran\\AppData\\Roaming\\uv\\python\\cpython-3.12.12-windows-x86_64-none\\Lib\\socket.py\", line 841, in create_connection\n    for res in getaddrinfo(host, port, 0, SOCK_STREAM):\n               ^^^^^^^^^^^^^^^^^^^^^^^^^^^^^^^^^^^^^^^\n  File \"C:\\Users\\kiran\\AppData\\Roaming\\uv\\python\\cpython-3.12.12-windows-x86_64-none\\Lib\\socket.py\", line 978, in getaddrinfo\n    for res in _socket.getaddrinfo(host, port, family, type, proto, flags):\n               ^^^^^^^^^^^^^^^^^^^^^^^^^^^^^^^^^^^^^^^^^^^^^^^^^^^^^^^^^^^\nsocket.gaierror: [Errno 11001] getaddrinfo failed\n", "correlation_id": "24ae87fc-f156-4a82-96de-1988d08de480", "level": "error", "logger": "app.utils", "timestamp": "2026-09-12T10:54:15.618038Z"}
{"method": "POST", "path": "/api/v1/password-recovery/test@example.com", "status_code": 200, "duration": 0.1266, "event": "request_finished", "correlation_id": "24ae87fc-f156-4a82-96de-1988d08de480", "level": "info", "logger": "app.middleware.RequestLoggingMiddleware", "timestamp": "2026-09-12T10:54:15.619150Z"}
{"event": "HTTP Request: POST http://testserver/api/v1/password-recovery/test@example.com \"HTTP/1.1 200 OK\"", "level": "info", "logger": "httpx", "timestamp": "2026-09-12T10:54:15.621264Z"}
{"method": "POST", "path": "/api/v1/login/access-token", "client_host": "testclient", "event": "request_started", "correlation_id": "79c6fe1d-d2eb-4d36-88da-ed030306ca34", "level": "info", "logger": "app.middleware.RequestLoggingMiddleware", "timestamp": "2026-09-12T10:54:16.027791Z"}
{"user_id": "cd737880-a6db-472d-99ba-d75638202bf5", "family_id": "1484f831-cd46-473e-9628-5208e78ec20c", "event": "token_pair_issued", "correlation_id": "79c6fe1d-d2eb-4d36-88da-ed030306ca34", "level": "info", "logger": "app.services.token_service", "timestamp": "2026-09-12T10:54:16.441079Z"}
{"method": "POST", "path": "/api/v1/login/access-token", "status_code": 200, "duration": 0.4133, "event": "request_finished", "correlation_id": "79c6fe1d-d2eb-4d36-88da-ed030306ca34", "level": "info", "logger": "app.middleware.RequestLoggingMiddleware", "timestamp": "2026-09-12T10:54:16.441079Z"}
{"event": "HTTP Request: POST http://testserver/api/v1/login/access-token \"HTTP/1.1 200 OK\"", "level": "info", "logger": "httpx", "timestamp": "2026-09-12T10:54:16.441079Z"}
{"method": "POST", "path": "/api/v1/password-recovery/jVgQr@example.com", "client_host": "testclient", "event": "request_started", "correlation_id": "df512ff1-9e1c-4faa-8abc-a0ec9b817208", "level": "info", "logger": "app.middleware.RequestLoggingMiddleware", "timestamp": "2026-09-12T10:54:16.452678Z"}
{"method": "POST", "path": "/api/v1/password-recovery/jVgQr@example.com", "status_code": 404, "duration": 0.0, "event": "request_finished", "correlation_id": "df512ff1-9e1c-4faa-8abc-a0ec9b817208", "level": "info", "logger": "app.middleware.RequestLoggingMiddleware", "timestamp": "2026-09-12T10:54:16.452678Z"}
{"event": "HTTP Request: POST http://testserver/api/v1/password-recovery/jVgQr@example.com \"HTTP/1.1 404 Not Found\"", "level": "info", "logger": "httpx", "timestamp": "2026-09-12T10:54:16.452678Z"}
{"method": "POST", "path": "/api/v1/login/access-token", "client_host": "testclient", "event": "request_started", "correlation_id": "2f692098-0f33-4f2a-ab11-38123bd022f5", "level": "info", "logger": "app.middleware.RequestLoggingMiddleware", "timestamp": "2026-09-12T10:54:16.840532Z"}
{"user_id": "b43d3401-1c32-4f93-ad48-7b6eb9a0027c", "family_id": "41b58fa7-8ab6-4cbe-8d62-e5756f573a3b", "event": "token_pair_issued", "correlation_id": "2f692098-0f33-4f2a-ab11-38123bd022f5", "level": "info", "logger": "app.services.token_service", "timestamp": "2026-09-12T10:54:17.213895Z"}
{"method": "POST", "path": "/api/v1/login/access-token", "status_code": 200, "duration": 0.3754, "event": "request_finished", "correlation_id": "2f692098-0f33-4f2a-ab11-38123bd022f5", "level": "info", "logger": "app.middleware.RequestLoggingMiddleware", "timestamp": "2026-09-12T10:54:17.215905Z"}
{"event": "HTTP Request: POST http://testserver/api/v1/login/access-token \"HTTP/1.1 200 OK\"", "level": "info", "logger": "httpx", "timestamp": "2026-09-12T10:54:17.217417Z"}
{"method": "POST", "path": "/api/v1/reset-password/", "client_host": "testclient", "event": "request_started", "correlation_id": "a11f86d0-3de6-4f93-a491-c28e829aae7d", "level": "info", "logger": "app.middleware.RequestLoggingMiddleware", "timestamp": "2026-09-12T10:54:17.217417Z"}
{"method": "POST", "path": "/api/v1/reset-password/", "status_code": 200, "duration": 0.3747, "event": "request_finished", "correlation_id": "a11f86d0-3de6-4f93-a491-c28e829aae7d", "level": "info", "logger": "app.middleware.RequestLoggingMiddleware", "timestamp": "2026-09-12T10:54:17.592077Z"}
{"event": "HTTP Request: POST http://testserver/api/v1/reset-password/ \"HTTP/1.1 200 OK\"", "level": "info", "logger": "httpx", "timestamp": "2026-09-12T10:54:17.592077Z"}
{"method": "POST", "path": "/api/v1/login/access-token", "client_host": "testclient", "event": "request_started", "correlation_id": "16b031d1-fb11-4db0-9dce-d1fc2fda6ae9", "level": "info", "logger": "app.middleware.RequestLoggingMiddleware", "timestamp": "2026-09-12T10:54:17.988094Z"}
{"user_id": "5fa5f688-02f4-44b3-8e9e-8afe23cdf3b0", "family_id": "b64c0252-69e3-475d-b82b-f1e3c79ffda0", "event": "token_pair_issued", "correlation_id": "16b031d1-fb11-4db0-9dce-d1fc2fda6ae9", "level": "info", "logger": "app.services.token_service", "timestamp": "2026-09-12T10:54:18.363980Z"}
{"method": "POST", "path": "/api/v1/login/access-token", "status_code": 200, "duration": 0.3759, "event": "request_finished", "correlation_id": "16b031d1-fb11-4db0-9dce-d1fc2fda6ae9", "level": "info", "logger": "app.middleware.RequestLoggingMiddleware", "timestamp": "2026-09-12T10:54:18.363980Z"}
{"event": "HTTP Request: POST http://testserver/api/v1/login/access-token \"HTTP/1.1 200 OK\"", "level": "info", "logger": "httpx", "timestamp": "2026-09-12T10:54:18.363980Z"}
{"method": "POST", "path": "/api/v1/reset-password/", "client_host": "testclient", "event": "request_started", "correlation_id": "f7704055-1548-41f8-a4a3-975c86419ccd", "level": "info", "logger": "app.middleware.RequestLoggingMiddleware", "timestamp": "2026-09-12T10:54:18.367878Z"}
{"method": "POST", "path": "/api/v1/reset-password/", "status_code": 400, "duration": 0.0, "event": "request_finished", "correlation_id": "f7704055-1548-41f8-a4a3-975c86419ccd", "level": "info", "logger": "app.middleware.RequestLoggingMiddleware", "timestamp": "2026-09-12T10:54:18.367878Z"}
{"event": "HTTP Request: POST http://testserver/api/v1/reset-password/ \"HTTP/1.1 400 Bad Request\"", "level": "info", "logger": "httpx", "timestamp": "2026-09-12T10:54:18.367878Z"}
{"method": "POST", "path": "/api/v1/login/access-token", "client_host": "testclient", "event": "request_started", "correlation_id": "501e65db-74e7-4a9f-af78-6f75c2721d69", "level": "info", "logger": "app.middleware.RequestLoggingMiddleware", "timestamp": "2026-09-12T10:56:51.754182Z"}
{"user_id": "5fa5f688-02f4-44b3-8e9e-8afe23cdf3b0", "family_id": "4b90b3c8-a02e-4489-97c6-9bc749af9ebc", "event": "token_pair_issued", "correlation_id": "501e65db-74e7-4a9f-af78-6f75c2721d69", "level": "info", "logger": "app.services.token_service", "timestamp": "2026-09-12T10:56:52.141813Z"}
{"method": "POST", "path": "/api/v1/login/access-token", "status_code": 200, "duration": 0.3876, "event": "request_finished", "correlation_id": "501e65db-74e7-4a9f-af78-6f75c2721d69", "level": "info", "logger": "app.middleware.RequestLoggingMiddleware", "timestamp": "2026-09-12T10:56:52.141813Z"}
{"event": "HTTP Request: POST http://testserver/api/v1/login/access-token \"HTTP/1.1 200 OK\"", "level": "info", "logger": "httpx", "timestamp": "2026-09-12T10:56:52.141813Z"}
{"method": "POST", "path": "/api/v1/items/", "client_host": "testclient", "event": "request_started", "correlation_id": "b0bd3482-9cc8-4d8a-aa3e-e59b7550c156", "level": "info", "logger": "app.middleware.RequestLoggingMiddleware", "timestamp": "2026-09-12T10:56:52.141813Z"}
{"method": "POST", "path": "/api/v1/items/", "status_code": 200, "duration": 0.0124, "event": "request_finished", "correlation_id": "b0bd3482-9cc8-4d8a-aa3e-e59b7550c156", "level": "info", "logger": "app.middleware.RequestLoggingMiddleware", "timestamp": "2026-09-12T10:56:52.154173Z"}
{"event": "HTTP Request: POST http://testserver/api/v1/items/ \"HTTP/1.1 200 OK\"", "level": "info", "logger": "httpx", "timestamp": "2026-09-12T10:56:52.154173Z"}
{"method": "POST", "path": "/api/v1/login/access-token", "client_host": "testclient", "event": "request_started", "correlation_id": "95b7bca9-b616-4cf4-acf6-82b96adb1372", "level": "info", "logger": "app.middleware.RequestLoggingMiddleware", "timestamp": "2026-09-12T10:56:52.172399Z"}
{"user_id": "5fa5f688-02f4-44b3-8e9e-8afe23cdf3b0", "family_id": "ed1870f7-b47f-4960-a16d-18b589d5ed61", "event": "token_pair_issued", "correlation_id": "95b7bca9-b616-4cf4-acf6-82b96adb1372", "level": "info", "logger": "app.services.token_service", "timestamp": "2026-09-12T10:56:52.553930Z"}
{"method": "POST", "path": "/api/v1/login/access-token", "status_code": 200, "duration": 0.3815, "event": "request_finished", "correlation_id": "95b7bca9-b616-4cf4-acf6-82b96adb1372", "level": "info", "logger": "app.middleware.RequestLoggingMiddleware", "timestamp": "2026-09-12T10:56:52.553930Z"}
{"event": "HTTP Request: POST http://testserver/api/v1/login/access-token \"HTTP/1.1 200 OK\"", "level": "info", "logger": "httpx", "timestamp": "2026-09-12T10:56:52.553930Z"}
{"method": "GET", "path": "/api/v1/items/1e565f06-63d4-4ecc-b226-17912b7d3760", "client_host": "testclient", "event": "request_started", "correlation_id": "41de143f-526f-447b-af2a-083c39f166af", "level": "info", "logger": "app.middleware.RequestLoggingMiddleware", "timestamp": "2026-09-12T10:56:52.937102Z"}
{"method": "GET", "path": "/api/v1/items/1e565f06-63d4-4ecc-b226-17912b7d3760", "status_code": 200, "duration": 0.0097, "event": "request_finished", "correlation_id": "41de143f-526f-447b-af2a-083c39f166af", "level": "info", "logger": "app.middleware.RequestLoggingMiddleware", "timestamp": "2026-09-12T10:56:52.946766Z"}
{"event": "HTTP Request: GET http://testserver/api/v1/items/1e565f06-63d4-4ecc-b226-17912b7d3760 \"HTTP/1.1 200 OK\"", "level": "info", "logger": "httpx", "timestamp": "2026-09-12T10:56:52.946766Z"}
{"method": "POST", "path": "/api/v1/login/access-token", "client_host": "testclient", "event": "request_started", "correlation_id": "847967ef-b6e2-4033-ba88-abc0db1137ca", "level": "info", "logger": "app.middleware.RequestLoggingMiddleware", "timestamp": "2026-09-12T10:56:52.959596Z"}
{"user_id": "5fa5f688-02f4-44b3-8e9e-8afe23cdf3b0", "family_id": "399de62b-6b15-468b-8bab-404066e076e7", "event": "token_pair_issued", "correlation_id": "847967ef-b6e2-4033-ba88-abc0db1137ca", "level": "info", "logger": "app.services.token_service", "timestamp": "2026-09-12T10:56:53.346095Z"}
{"method": "POST", "path": "/api/v1/login/access-token", "status_code": 200, "duration": 0.3877, "event": "request_finished", "correlation_id": "847967ef-b6e2-4033-ba88-abc0db1137ca", "level": "info", "logger": "app.middleware.RequestLoggingMiddleware", "timestamp": "2026-09-12T10:56:53.347260Z"}
{"event": "HTTP Request: POST http://testserver/api/v1/login/access-token \"HTTP/1.1 200 OK\"", "level": "info", "logger": "httpx", "timestamp": "2026-09-12T10:56:53.348992Z"}
{"method": "GET", "path": "/api/v1/items/f4794862-db2b-4bfb-b644-a99775611bfe", "client_host": "testclient", "event": "request_started", "correlation_id": "6fc42373-5e03-408d-b35d-522f05803a17", "level": "info", "logger": "app.middleware.RequestLoggingMiddleware", "timestamp": "2026-09-12T10:56:53.350922Z"}
{"method": "GET", "path": "/api/v1/items/f4794862-db2b-4bfb-b644-a99775611bfe", "status_code": 404, "duration": 0.0055, "event": "request_finished", "correlation_id": "6fc42373-5e03-408d-b35d-522f05803a17", "level": "info", "logger": "app.middleware.RequestLoggingMiddleware", "timestamp": "2026-09-12T10:56:53.356421Z"}
{"event": "HTTP Request: GET http://testserver/api/v1/items/f4794862-db2b-4bfb-b644-a99775611bfe \"HTTP/1.1 404 Not Found\"", "level": "info", "logger": "httpx", "timestamp": "2026-09-12T10:56:53.357569Z"}
{"method": "POST", "path": "/api/v1/login/access-token", "client_host": "testclient", "event": "request_started", "correlation_id": "c67d3076-f4f2-4761-89d3-422bd6e7e492", "level": "info", "logger": "app.middleware.RequestLoggingMiddleware", "timestamp": "2026-09-12T10:56:53.739044Z"}
{"user_id": "fb0ad38c-7dc6-4543-aa92-cc18feb9001e", "family_id": "acd540e1-0806-4a10-a9b5-b7b4491a8162", "event": "token_pair_issued", "correlation_id": "c67d3076-f4f2-4761-89d3-422bd6e7e492", "level": "info", "logger": "app.services.token_service", "timestamp": "2026-09-12T10:56:54.109800Z"}
{"method": "POST", "path": "/api/v1/login/access-token", "status_code": 200, "duration": 0.3708, "event": "request_finished", "correlation_id": "c67d3076-f4f2-4761-89d3-422bd6e7e492", "level": "info", "logger": "app.middleware.RequestLoggingMiddleware", "timestamp": "2026-09-12T10:56:54.109800Z"}
{"event": "HTTP Request: POST http://testserver/api/v1/login/access-token \"HTTP/1.1 200 OK\"", "level": "info", "logger": "httpx", "timestamp": "2026-09-12T10:56:54.109800Z"}
{"method": "GET", "path": "/api/v1/items/dbedb1e6-75d3-4b94-80de-65a51f2b5f3b", "client_host": "testclient", "event": "request_started", "correlation_id": "a1937ae1-847e-4609-a5d1-7d8706d1e729", "level": "info", "logger": "app.middleware.RequestLoggingMiddleware", "timestamp": "2026-09-12T10:56:54.493411Z"}
{"method": "GET", "path": "/api/v1/items/dbedb1e6-75d3-4b94-80de-65a51f2b5f3b", "status_code": 400, "duration": 0.0, "event": "request_finished", "correlation_id": "a1937ae1-847e-4609-a5d1-7d8706d1e729", "level": "info", "logger": "app.middleware.RequestLoggingMiddleware", "timestamp": "2026-09-12T10:56:54.493411Z"}
{"event": "HTTP Request: GET http://testserver/api/v1/items/dbedb1e6-75d3-4b94-80de-65a51f2b5f3b \"HTTP/1.1 400 Bad Request\"", "level": "info", "logger": "httpx", "timestamp": "2026-09-12T10:56:54.493411Z"}
{"method": "POST", "path": "/api/v1/login/access-token", "client_host": "testclient", "event": "request_started", "correlation_id": "b9653830-002c-4043-a533-cb2241e31789", "level": "info", "logger": "app.middleware.RequestLoggingMiddleware", "timestamp": "2026-09-12T10:56:54.510325Z"}
{"user_id": "5fa5f688-02f4-44b3-8e9e-8afe23cdf3b0", "family_id": "5d31537c-4ac0-4753-bf0a-e1175fa635fe", "event": "token_pair_issued", "correlation_id": "b9653830-002c-4043-a533-cb2241e31789", "level": "info", "logger": "app.services.token_service", "timestamp": "2026-09-12T10:56:54.887234Z"}
{"method": "POST", "path": "/api/v1/login/access-token", "status_code": 200, "duration": 0.3798, "event": "request_finished", "correlation_id": "b9653830-002c-4043-a533-cb2241e31789", "level": "info", "logger": "app.middleware.RequestLoggingMiddleware", "timestamp": "2026-09-12T10:56:54.890136Z"}
{"event": "HTTP Request: POST http://testserver/api/v1/login/access-token \"HTTP/1.1 200 OK\"", "level": "info", "logger": "httpx", "timestamp": "2026-09-12T10:56:54.890136Z"}
{"method": "GET", "path": "/api/v1/items/", "client_host": "testclient", "event": "request_started", "correlation_id": "a4c7d80c-bf97-4c39-bf5f-49dc0b0f2e01", "level": "info", "logger": "app.middleware.RequestLoggingMiddleware", "timestamp": "2026-09-12T10:56:55.639892Z"}
{"method": "GET", "path": "/api/v1/items/", "status_code": 200, "duration": 0.002, "event": "request_finished", "correlation_id": "a4c7d80c-bf97-4c39-bf5f-49dc0b0f2e01", "level": "info", "logger": "app.middleware.RequestLoggingMiddleware", "timestamp": "2026-09-12T10:56:55.641901Z"}
{"event": "HTTP Request: GET http://testserver/api/v1/items/ \"HTTP/1.1 200 OK\"", "level": "info", "logger": "httpx", "timestamp": "2026-09-12T10:56:55.641901Z"}
{"method": "POST", "path": "/api/v1/login/access-token", "client_host": "testclient", "event": "request_started", "correlation_id": "0c1c1243-6adf-4624-a505-8cbb2e3b7343", "level": "info", "logger": "app.middleware.RequestLoggingMiddleware", "timestamp": "2026-09-12T10:56:55.656175Z"}
{"user_id": "5fa5f688-02f4-44b3-8e9e-8afe23cdf3b0", "family_id": "fc7132bd-6283-4e10-a361-2d548bedb59b", "event": "token_pair_issued", "correlation_id": "0c1c1243-6adf-4624-a505-8cbb2e3b7343", "level": "info", "logger": "app.services.token_service", "timestamp": "2026-09-12T10:56:56.062068Z"}
{"method": "POST", "path": "/api/v1/login/access-token", "status_code": 200, "duration": 0.4059, "event": "request_finished", "correlation_id": "0c1c1243-6adf-4624-a505-8cbb2e3b7343", "level": "info", "logger": "app.middleware.RequestLoggingMiddleware", "timestamp": "2026-09-12T10:56:56.062068Z"}
{"event": "HTTP Request: POST http://testserver/api/v1/login/access-token \"HTTP/1.1 200 OK\"", "level": "info", "logger": "httpx", "timestamp": "2026-09-12T10:56:56.062068Z"}
{"method": "PUT", "path": "/api/v1/items/59145f85-f7fc-42ea-ba7c-bed1faf26e15", "client_host": "testclient", "event": "request_started", "correlation_id": "1460578f-e12c-44fc-afab-9d7a717ec1b2", "level": "info", "logger": "app.middleware.RequestLoggingMiddleware", "timestamp": "2026-09-12T10:56:56.441017Z"}
{"method": "PUT", "path": "/api/v1/items/59145f85-f7fc-42ea-ba7c-bed1faf26e15", "status_code": 200, "duration": 0.0, "event": "request_finished", "correlation_id": "1460578f-e12c-44fc-afab-9d7a717ec1b2", "level": "info", "logger": "app.middleware.RequestLoggingMiddleware", "timestamp": "2026-09-12T10:56:56.441017Z"}
{"event": "HTTP Request: PUT http://testserver/api/v1/items/59145f85-f7fc-42ea-ba7c-bed1faf26e15 \"HTTP/1.1 200 OK\"", "level": "info", "logger": "httpx", "timestamp": "2026-09-12T10:56:56.441017Z"}
{"method": "POST", "path": "/api/v1/login/access-token", "client_host": "testclient", "event": "request_started", "correlation_id": "19b1b98d-9d3f-4374-b1c6-89bd82ee36d5", "level": "info", "logger": "app.middleware.RequestLoggingMiddleware", "timestamp": "2026-09-12T10:56:56.457974Z"}
{"user_id": "5fa5f688-02f4-44b3-8e9e-8afe23cdf3b0", "family_id": "ec126025-1181-4e97-a80a-b762a1f82f55", "event": "token_pair_issued", "correlation_id": "19b1b98d-9d3f-4374-b1c6-89bd82ee36d5", "level": "info", "logger": "app.services.token_service", "timestamp": "2026-09-12T10:56:56.838615Z"}
{"method": "POST", "path": "/api/v1/login/access-token", "status_code": 200, "duration": 0.3806, "event": "request_finished", "correlation_id": "19b1b98d-9d3f-4374-b1c6-89bd82ee36d5", "level": "info", "logger": "app.middleware.RequestLoggingMiddleware", "timestamp": "2026-09-12T10:56:56.838615Z"}
{"event": "HTTP Request: POST http://testserver/api/v1/login/access-token \"HTTP/1.1 200 OK\"", "level": "info", "logger": "httpx", "timestamp": "2026-09-12T10:56:56.841914Z"}
{"method": "PUT", "path": "/api/v1/items/87fe65f3-aec1-4399-9022-431c7a10374d", "client_host": "testclient", "event": "request_started", "correlation_id": "32ae30b5-8244-4e01-a541-2c8f79011695", "level": "info", "logger": "app.middleware.RequestLoggingMiddleware", "timestamp": "2026-09-12T10:56:56.841914Z"}
{"method": "PUT", "path": "/api/v1/items/87fe65f3-aec1-4399-9022-431c7a10374d", "status_code": 404, "duration": 0.0, "event": "request_finished", "correlation_id": "32ae30b5-8244-4e01-a541-2c8f79011695", "level": "info", "logger": "app.middleware.RequestLoggingMiddleware", "timestamp": "2026-09-12T10:56:56.841914Z"}
{"event": "HTTP Request: PUT http://testserver/api/v1/items/87fe65f3-aec1-4399-9022-431c7a10374d \"HTTP/1.1 404 Not Found\"", "level": "info", "logger": "httpx", "timestamp": "2026-09-12T10:56:56.841914Z"}
{"method": "POST", "path": "/api/v1/login/access-token", "client_host": "testclient", "event": "request_started", "correlation_id": "c61bdd49-6eab-4fd9-bc4e-c2c21a64b2ab", "level": "info", "logger": "app.middleware.RequestLoggingMiddleware", "timestamp": "2026-09-12T10:56:57.232464Z"}
{"user_id": "d140238c-6e04-498c-b712-3ea40cde925e", "family_id": "d7698197-88f5-4214-b2b4-5b8ba202fcb9", "event": "token_pair_issued", "correlation_id": "c61bdd49-6eab-4fd9-bc4e-c2c21a64b2ab", "level": "info", "logger": "app.services.token_service", "timestamp": "2026-09-12T10:56:57.631074Z"}
{"method": "POST", "path": "/api/v1/login/access-token", "status_code": 200, "duration": 0.3986, "event": "request_finished", "correlation_id": "c61bdd49-6eab-4fd9-bc4e-c2c21a64b2ab", "level": "info", "logger": "app.middleware.RequestLoggingMiddleware", "timestamp": "2026-09-12T10:56:57.631074Z"}
{"event": "HTTP Request: POST http://testserver/api/v1/login/access-token \"HTTP/1.1 200 OK\"", "level": "info", "logger": "httpx", "timestamp": "2026-09-12T10:56:57.631074Z"}
{"method": "PUT", "path": "/api/v1/items/85155a35-d597-456f-bad7-a4b69054bbf4", "client_host": "testclient", "event": "request_started", "correlation_id": "6c668cce-00d1-4103-9ff3-42f30796d391", "level": "info", "logger": "app.middleware.RequestLoggingMiddleware", "timestamp": "2026-09-12T10:56:58.000548Z"}
{"method": "PUT", "path": "/api/v1/items/85155a35-d597-456f-bad7-a4b69054bbf4", "status_code": 400, "duration": 0.0034, "event": "request_finished", "correlation_id": "6c668cce-00d1-4103-9ff3-42f30796d391", "level": "info", "logger": "app.middleware.RequestLoggingMiddleware", "timestamp": "2026-09-12T10:56:58.003951Z"}
{"event": "HTTP Request: PUT http://testserver/api/v1/items/85155a35-d597-456f-bad7-a4b69054bbf4 \"HTTP/1.1 400 Bad Request\"", "level": "info", "logger": "httpx", "timestamp": "2026-09-12T10:56:58.003951Z"}
{"method": "POST", "path": "/api/v1/login/access-token", "client_host": "testclient", "event": "request_started", "correlation_id": "e95f3c6f-922e-4042-94d9-aa6d7043d06e", "level": "info", "logger": "app.middleware.RequestLoggingMiddleware", "timestamp": "2026-09-12T10:56:58.015186Z"}
{"user_id": "5fa5f688-02f4-44b3-8e9e-8afe23cdf3b0", "family_id": "50e15d14-a011-4a10-8482-6d888745348b", "event": "token_pair_issued", "correlation_id": "e95f3c6f-922e-4042-94d9-aa6d7043d06e", "level": "info", "logger": "app.services.token_service", "timestamp": "2026-09-12T10:56:58.398745Z"}
{"method": "POST", "path": "/api/v1/login/access-token", "status_code": 200, "duration": 0.3851, "event": "request_finished", "correlation_id": "e95f3c6f-922e-4042-94d9-aa6d7043d06e", "level": "info", "logger": "app.middleware.RequestLoggingMiddleware", "timestamp": "2026-09-12T10:56:58.400280Z"}
{"event": "HTTP Request: POST http://testserver/api/v1/login/access-token \"HTTP/1.1 200 OK\"", "level": "info", "logger": "httpx", "timestamp": "2026-09-12T10:56:58.401823Z"}
{"method": "DELETE", "path": "/api/v1/items/ca6b1148-1869-42da-a1d5-ea604c631027", "client_host": "testclient", "event": "request_started", "correlation_id": "e344369b-51b9-4908-98bc-c326cf1ade39", "level": "info", "logger": "app.middleware.RequestLoggingMiddleware", "timestamp": "2026-09-12T10:56:58.770348Z"}
{"method": "DELETE", "path": "/api/v1/items/ca6b1148-1869-42da-a1d5-ea604c631027", "status_code": 200, "duration": 0.0172, "event": "request_finished", "correlation_id": "e344369b-51b9-4908-98bc-c326cf1ade39", "level": "info", "logger": "app.middleware.RequestLoggingMiddleware", "timestamp": "2026-09-12T10:56:58.787507Z"}
{"event": "HTTP Request: DELETE http://testserver/api/v1/items/ca6b1148-1869-42da-a1d5-ea604c631027 \"HTTP/1.1 200 OK\"", "level": "info", "logger": "httpx", "timestamp": "2026-09-12T10:56:58.788260Z"}
{"method": "POST", "path": "/api/v1/login/access-token", "client_host": "testclient", "event": "request_started", "correlation_id": "86cb6e8f-00e0-4701-aecc-7fc293d77f14", "level": "info", "logger": "app.middleware.RequestLoggingMiddleware", "timestamp": "2026-09-12T10:56:58.796228Z"}
{"user_id": "5fa5f688-02f4-44b3-8e9e-8afe23cdf3b0", "family_id": "41385e5e-ece4-42c0-b887-7cb9ef811b7c", "event": "token_pair_issued", "correlation_id": "86cb6e8f-00e0-4701-aecc-7fc293d77f14", "level": "info", "logger": "app.services.token_service", "timestamp": "2026-09-12T10:56:59.170447Z"}
{"method": "POST", "path": "/api/v1/login/access-token", "status_code": 200, "duration": 0.3742, "event": "request_finished", "correlation_id": "86cb6e8f-00e0-4701-aecc-7fc293d77f14", "level": "info", "logger": "app.middleware.RequestLoggingMiddleware", "timestamp": "2026-09-12T10:56:59.170447Z"}
{"event": "HTTP Request: POST http://testserver/api/v1/login/access-token \"HTTP/1.1 200 OK\"", "level": "info", "logger": "httpx", "timestamp": "2026-09-12T10:56:59.170447Z"}
{"method": "DELETE", "path": "/api/v1/items/6d34ed01-c7af-4a2e-bfae-43ffee6f4afa", "client_host": "testclient", "event": "request_started", "correlation_id": "49279711-59d2-4985-bdee-de3bc8b9cc68", "level": "info", "logger": "app.middleware.RequestLoggingMiddleware", "timestamp": "2026-09-12T10:56:59.170447Z"}
{"method": "DELETE", "path": "/api/v1/items/6d34ed01-c7af-4a2e-bfae-43ffee6f4afa", "status_code": 404, "duration": 0.0, "event": "request_finished", "correlation_id": "49279711-59d2-4985-bdee-de3bc8b9cc68", "level": "info", "logger": "app.middleware.RequestLoggingMiddleware", "timestamp": "2026-09-12T10:56:59.170447Z"}
{"event": "HTTP Request: DELETE http://testserver/api/v1/items/6d34ed01-c7af-4a2e-bfae-43ffee6f4afa \"HTTP/1.1 404 Not Found\"", "level": "info", "logger": "httpx", "timestamp": "2026-09-12T10:56:59.170447Z"}
{"method": "POST", "path": "/api/v1/login/access-token", "client_host": "testclient", "event": "request_started", "correlation_id": "b52c86f7-a88b-4550-9049-fd5f2ef9116f", "level": "info", "logger": "app.middleware.RequestLoggingMiddleware", "timestamp": "2026-09-12T10:56:59.558915Z"}
{"user_id": "90227d6b-308c-4bfd-b791-97fd20718b67", "family_id": "376de50f-27c3-4dae-922b-e2d5bf7902bc", "event": "token_pair_issued", "correlation_id": "b52c86f7-a88b-4550-9049-fd5f2ef9116f", "level": "info", "logger": "app.services.token_service", "timestamp": "2026-09-12T10:56:59.944281Z"}
{"method": "POST", "path": "/api/v1/login/access-token", "status_code": 200, "duration": 0.3866, "event": "request_finished", "correlation_id": "b52c86f7-a88b-4550-9049-fd5f2ef9116f", "level": "info", "logger": "app.middleware.RequestLoggingMiddleware", "timestamp": "2026-09-12T10:56:59.945531Z"}
{"event": "HTTP Request: POST http://testserver/api/v1/login/access-token \"HTTP/1.1 200 OK\"", "level": "info", "logger": "httpx", "timestamp": "2026-09-12T10:56:59.947111Z"}
{"method": "DELETE", "path": "/api/v1/items/c7bbbacc-97d0-46d5-bbea-866574cd5da9", "client_host": "testclient", "event": "request_started", "correlation_id": "dbaf5158-25bc-4523-bb69-83180db39aa9", "level": "info", "logger": "app.middleware.RequestLoggingMiddleware", "timestamp": "2026-09-12T10:57:00.314158Z"}
{"method": "DELETE", "path": "/api/v1/items/c7bbbacc-97d0-46d5-bbea-866574cd5da9", "status_code": 400, "duration": 0.0, "event": "request_finished", "correlation_id": "dbaf5158-25bc-4523-bb69-83180db39aa9", "level": "info", "logger": "app.middleware.RequestLoggingMiddleware", "timestamp": "2026-09-12T10:57:00.314158Z"}
{"event": "HTTP Request: DELETE http://testserver/api/v1/items/c7bbbacc-97d0-46d5-bbea-866574cd5da9 \"HTTP/1.1 400 Bad Request\"", "level": "info", "logger": "httpx", "timestamp": "2026-09-12T10:57:00.314158Z"}
{"event": "HTTP Request: GET http://127.0.0.1:62618/api/v1/utils/health-check/ \"HTTP/1.1 200 OK\"", "level": "info", "logger": "httpx", "timestamp": "2026-09-12T10:57:00.485720Z"}
{"method": "POST", "path": "/api/v1/login/access-token", "client_host": "testclient", "event": "request_started", "correlation_id": "06fd857e-ddd2-48f0-b60b-fe45b3a39e9f", "level": "info", "logger": "app.middleware.RequestLoggingMiddleware", "timestamp": "2026-09-12T10:57:00.511587Z"}
{"user_id": "5fa5f688-02f4-44b3-8e9e-8afe23cdf3b0", "family_id": "c89795a1-1294-41ce-afc8-cdc00a18c722", "event": "token_pair_issued", "correlation_id": "06fd857e-ddd2-48f0-b60b-fe45b3a39e9f", "level": "info", "logger": "app.services.token_service", "timestamp": "2026-09-12T10:57:00.899626Z"}
{"method": "POST", "path": "/api/v1/login/access-token", "status_code": 200, "duration": 0.3892, "event": "request_finished", "correlation_id": "06fd857e-ddd2-48f0-b60b-fe45b3a39e9f", "level": "info", "logger": "app.middleware.RequestLoggingMiddleware", "timestamp": "2026-09-12T10:57:00.900798Z"}
{"event": "HTTP Request: POST http://testserver/api/v1/login/access-token \"HTTP/1.1 200 OK\"", "level": "info", "logger": "httpx", "timestamp": "2026-09-12T10:57:00.901913Z"}
{"method": "GET", "path": "/api/v1/utils/health-check", "client_host": "127.0.0.1", "event": "request_started", "correlation_id": "30d0075b-9d01-42a9-9225-03aec130ed6a", "level": "info", "logger": "app.middleware.RequestLoggingMiddleware", "timestamp": "2026-09-12T10:57:00.906466Z"}
{"method": "GET", "path": "/api/v1/utils/health-check", "status_code": 307, "duration": 0.0006, "event": "request_finished", "correlation_id": "30d0075b-9d01-42a9-9225-03aec130ed6a", "level": "info", "logger": "app.middleware.RequestLoggingMiddleware", "timestamp": "2026-09-12T10:57:00.907048Z"}
{"event": "HTTP Request: GET http://127.0.0.1:62618/api/v1/utils/health-check \"HTTP/1.1 307 Temporary Redirect\"", "level": "info", "logger": "httpx", "timestamp": "2026-09-12T10:57:00.908754Z"}
{"event": "HTTP Request: GET http://127.0.0.1:62618/api/v1/utils/health-check/ \"HTTP/1.1 200 OK\"", "level": "info", "logger": "httpx", "timestamp": "2026-09-12T10:57:00.911155Z"}
{"method": "GET", "path": "/api/v1/users/me", "client_host": "127.0.0.1", "event": "request_started", "correlation_id": "4cd15232-c239-4e25-9ecd-06d5357ca34f", "level": "info", "logger": "app.middleware.RequestLoggingMiddleware", "timestamp": "2026-09-12T10:57:00.913041Z"}
{"method": "GET", "path": "/api/v1/users/me", "status_code": 200, "duration": 0.0049, "event": "request_finished", "correlation_id": "4cd15232-c239-4e25-9ecd-06d5357ca34f", "level": "info", "logger": "app.middleware.RequestLoggingMiddleware", "timestamp": "2026-09-12T10:57:00.917934Z"}
{"event": "HTTP Request: GET http://127.0.0.1:62618/api/v1/users/me \"HTTP/1.1 200 OK\"", "level": "info", "logger": "httpx", "timestamp": "2026-09-12T10:57:00.919070Z"}
{"method": "POST", "path": "/api/v1/login/access-token", "client_host": "testclient", "event": "request_started", "correlation_id": "ee7bf005-5d97-45a4-93e9-b1bef4722f32", "level": "info", "logger": "app.middleware.RequestLoggingMiddleware", "timestamp": "2026-09-12T10:57:00.929027Z"}
{"user_id": "5fa5f688-02f4-44b3-8e9e-8afe23cdf3b0", "family_id": "afc01fdd-da86-4606-bf43-0d695f23f482", "event": "token_pair_issued", "correlation_id": "ee7bf005-5d97-45a4-93e9-b1bef4722f32", "level": "info", "logger": "app.services.token_service", "timestamp": "2026-09-12T10:57:01.299828Z"}
{"method": "POST", "path": "/api/v1/login/access-token", "status_code": 200, "duration": 0.3726, "event": "request_finished", "correlation_id": "ee7bf005-5d97-45a4-93e9-b1bef4722f32", "level": "info", "logger": "app.middleware.RequestLoggingMiddleware", "timestamp": "2026-09-12T10:57:01.301622Z"}
{"event": "HTTP Request: POST http://testserver/api/v1/login/access-token \"HTTP/1.1 200 OK\"", "level": "info", "logger": "httpx", "timestamp": "2026-09-12T10:57:01.302153Z"}
{"method": "POST", "path": "/api/v1/login/access-token", "client_host": "testclient", "event": "request_started", "correlation_id": "9cc5cf4a-23e0-44cd-a769-1e7eac3cec83", "level": "info", "logger": "app.middleware.RequestLoggingMiddleware", "timestamp": "2026-09-12T10:57:01.312989Z"}
{"user_id": "5fa5f688-02f4-44b3-8e9e-8afe23cdf3b0", "family_id": "5d2e8688-44ae-4b2c-b74f-d7d7233b03e7", "event": "token_pair_issued", "correlation_id": "9cc5cf4a-23e0-44cd-a769-1e7eac3cec83", "level": "info", "logger": "app.services.token_service", "timestamp": "2026-09-12T10:57:01.691158Z"}
{"method": "POST", "path": "/api/v1/login/access-token", "status_code": 200, "duration": 0.3797, "event": "request_finished", "correlation_id": "9cc5cf4a-23e0-44cd-a769-1e7eac3cec83", "level": "info", "logger": "app.middleware.RequestLoggingMiddleware", "timestamp": "2026-09-12T10:57:01.692696Z"}
{"event": "HTTP Request: POST http://testserver/api/v1/login/access-token \"HTTP/1.1 200 OK\"", "level": "info", "logger": "httpx", "timestamp": "2026-09-12T10:57:01.692696Z"}
{"method": "POST", "path": "/api/v1/login/access-token", "client_host": "testclient", "event": "request_started", "correlation_id": "d684b154-305b-4d37-9e1d-e1e91535167b", "level": "info", "logger": "app.middleware.RequestLoggingMiddleware", "timestamp": "2026-09-12T10:57:01.701805Z"}
{"user_id": "5fa5f688-02f4-44b3-8e9e-8afe23cdf3b0", "family_id": "7c7d3146-340d-40dd-8920-37c22d607580", "event": "token_pair_issued", "correlation_id": "d684b154-305b-4d37-9e1d-e1e91535167b", "level": "info", "logger": "app.services.token_service", "timestamp": "2026-09-12T10:57:02.089965Z"}
{"method": "POST", "path": "/api/v1/login/access-token", "status_code": 200, "duration": 0.3888, "event": "request_finished", "correlation_id": "d684b154-305b-4d37-9e1d-e1e91535167b", "level": "info", "logger": "app.middleware.RequestLoggingMiddleware", "timestamp": "2026-09-12T10:57:02.089965Z"}
{"event": "HTTP Request: POST http://testserver/api/v1/login/access-token \"HTTP/1.1 200 OK\"", "level": "info", "logger": "httpx", "timestamp": "2026-09-12T10:57:02.091635Z"}
{"method": "POST", "path": "/api/v1/login/refresh-token", "client_host": "testclient", "event": "request_started", "correlation_id": "9138ca19-e466-4de9-8b35-d79d104f2c55", "level": "info", "logger": "app.middleware.RequestLoggingMiddleware", "timestamp": "2026-09-12T10:57:02.091635Z"}
{"user_id": "5fa5f688-02f4-44b3-8e9e-8afe23cdf3b0", "family_id": "7c7d3146-340d-40dd-8920-37c22d607580", "event": "refresh_token_rotated", "correlation_id": "9138ca19-e466-4de9-8b35-d79d104f2c55", "level": "info", "logger": "app.services.token_service", "timestamp": "2026-09-12T10:57:02.097828Z"}
{"method": "POST", "path": "/api/v1/login/refresh-token", "status_code": 200, "duration": 0.0117, "event": "request_finished", "correlation_id": "9138ca19-e466-4de9-8b35-d79d104f2c55", "level": "info", "logger": "app.middleware.RequestLoggingMiddleware", "timestamp": "2026-09-12T10:57:02.103331Z"}
{"event": "HTTP Request: POST http://testserver/api/v1/login/refresh-token \"HTTP/1.1 200 OK\"", "level": "info", "logger": "httpx", "timestamp": "2026-09-12T10:57:02.103880Z"}
{"method": "POST", "path": "/api/v1/auth/refresh", "client_host": "testclient", "event": "request_started", "correlation_id": "46f4ce6a-33d8-4129-b56b-e00171c9191c", "level": "info", "logger": "app.middleware.RequestLoggingMiddleware", "timestamp": "2026-09-12T10:57:02.108103Z"}
{"user_id": "5fa5f688-02f4-44b3-8e9e-8afe23cdf3b0", "family_id": "7c7d3146-340d-40dd-8920-37c22d607580", "event": "refresh_token_rotated", "correlation_id": "46f4ce6a-33d8-4129-b56b-e00171c9191c", "level": "info", "logger": "app.services.token_service", "timestamp": "2026-09-12T10:57:02.112944Z"}
{"method": "POST", "path": "/api/v1/auth/refresh", "status_code": 200, "duration": 0.0059, "event": "request_finished", "correlation_id": "46f4ce6a-33d8-4129-b56b-e00171c9191c", "level": "info", "logger": "app.middleware.RequestLoggingMiddleware", "timestamp": "2026-09-12T10:57:02.114010Z"}
{"event": "HTTP Request: POST http://testserver/api/v1/auth/refresh \"HTTP/1.1 200 OK\"", "level": "info", "logger": "httpx", "timestamp": "2026-09-12T10:57:02.115624Z"}
{"method": "POST", "path": "/api/v1/login/access-token", "client_host": "testclient", "event": "request_started", "correlation_id": "e2a382ce-daf3-4109-94fe-a092e18d795a", "level": "info", "logger": "app.middleware.RequestLoggingMiddleware", "timestamp": "2026-09-12T10:57:02.124926Z"}
{"user_id": "5fa5f688-02f4-44b3-8e9e-8afe23cdf3b0", "family_id": "bc4d1d34-b675-4b96-9d80-b6bc12defc7a", "event": "token_pair_issued", "correlation_id": "e2a382ce-daf3-4109-94fe-a092e18d795a", "level": "info", "logger": "app.services.token_service", "timestamp": "2026-09-12T10:57:02.503715Z"}
{"method": "POST", "path": "/api/v1/login/access-token", "status_code": 200, "duration": 0.3788, "event": "request_finished", "correlation_id": "e2a382ce-daf3-4109-94fe-a092e18d795a", "level": "info", "logger": "app.middleware.RequestLoggingMiddleware", "timestamp": "2026-09-12T10:57:02.503715Z"}
{"event": "HTTP Request: POST http://testserver/api/v1/login/access-token \"HTTP/1.1 200 OK\"", "level": "info", "logger": "httpx", "timestamp": "2026-09-12T10:57:02.503715Z"}
{"method": "POST", "path": "/api/v1/login/refresh-token", "client_host": "testclient", "event": "request_started", "correlation_id": "1639bee7-3942-4ba2-824a-2e4837c71a29", "level": "info", "logger": "app.middleware.RequestLoggingMiddleware", "timestamp": "2026-09-12T10:57:02.503715Z"}
{"user_id": "5fa5f688-02f4-44b3-8e9e-8afe23cdf3b0", "family_id": "bc4d1d34-b675-4b96-9d80-b6bc12defc7a", "event": "refresh_token_rotated", "correlation_id": "1639bee7-3942-4ba2-824a-2e4837c71a29", "level": "info", "logger": "app.services.token_service", "timestamp": "2026-09-12T10:57:02.516704Z"}
{"method": "POST", "path": "/api/v1/login/refresh-token", "status_code": 200, "duration": 0.0146, "event": "request_finished", "correlation_id": "1639bee7-3942-4ba2-824a-2e4837c71a29", "level": "info", "logger": "app.middleware.RequestLoggingMiddleware", "timestamp": "2026-09-12T10:57:02.518318Z"}
{"event": "HTTP Request: POST http://testserver/api/v1/login/refresh-token \"HTTP/1.1 200 OK\"", "level": "info", "logger": "httpx", "timestamp": "2026-09-12T10:57:02.518318Z"}
{"method": "POST", "path": "/api/v1/login/refresh-token", "client_host": "testclient", "event": "request_started", "correlation_id": "e717aeaf-d29e-48c7-886f-a8a89ff66e97", "level": "info", "logger": "app.middleware.RequestLoggingMiddleware", "timestamp": "2026-09-12T10:57:02.520679Z"}
{"family_id": "bc4d1d34-b675-4b96-9d80-b6bc12defc7a", "user_id": "5fa5f688-02f4-44b3-8e9e-8afe23cdf3b0", "used_at": "2026-09-12 10:57:02.503715", "revoked_at": "None", "event": "security_alert_refresh_token_reuse_detected", "correlation_id": "e717aeaf-d29e-48c7-886f-a8a89ff66e97", "level": "warning", "logger": "app.services.token_service", "timestamp": "2026-09-12T10:57:02.522728Z"}
{"method": "POST", "path": "/api/v1/login/refresh-token", "status_code": 401, "duration": 0.0052, "event": "request_finished", "correlation_id": "e717aeaf-d29e-48c7-886f-a8a89ff66e97", "level": "info", "logger": "app.middleware.RequestLoggingMiddleware", "timestamp": "2026-09-12T10:57:02.525885Z"}
{"event": "HTTP Request: POST http://testserver/api/v1/login/refresh-token \"HTTP/1.1 401 Unauthorized\"", "level": "info", "logger": "httpx", "timestamp": "2026-09-12T10:57:02.525885Z"}
{"method": "POST", "path": "/api/v1/login/refresh-token", "client_host": "testclient", "event": "request_started", "correlation_id": "943acb3d-ba96-46ac-829f-5237245dfe7f", "level": "info", "logger": "app.middleware.RequestLoggingMiddleware", "timestamp": "2026-09-12T10:57:02.527893Z"}
{"family_id": "bc4d1d34-b675-4b96-9d80-b6bc12defc7a", "user_id": "5fa5f688-02f4-44b3-8e9e-8afe23cdf3b0", "used_at": "None", "revoked_at": "2026-09-12 10:57:02.522728", "event": "security_alert_refresh_token_reuse_detected", "correlation_id": "943acb3d-ba96-46ac-829f-5237245dfe7f", "level": "warning", "logger": "app.services.token_service", "timestamp": "2026-09-12T10:57:02.527893Z"}
{"method": "POST", "path": "/api/v1/login/refresh-token", "status_code": 401, "duration": 0.0, "event": "request_finished", "correlation_id": "943acb3d-ba96-46ac-829f-5237245dfe7f", "level": "info", "logger": "app.middleware.RequestLoggingMiddleware", "timestamp": "2026-09-12T10:57:02.527893Z"}
{"event": "HTTP Request: POST http://testserver/api/v1/login/refresh-token \"HTTP/1.1 401 Unauthorized\"", "level": "info", "logger": "httpx", "timestamp": "2026-09-12T10:57:02.527893Z"}
{"method": "POST", "path": "/api/v1/login/refresh-token", "client_host": "testclient", "event": "request_started", "correlation_id": "d525c565-d248-4571-b08a-2ee129ca6d51", "level": "info", "logger": "app.middleware.RequestLoggingMiddleware", "timestamp": "2026-09-12T10:57:02.540020Z"}
{"method": "POST", "path": "/api/v1/login/refresh-token", "status_code": 401, "duration": 0.0035, "event": "request_finished", "correlation_id": "d525c565-d248-4571-b08a-2ee129ca6d51", "level": "info", "logger": "app.middleware.RequestLoggingMiddleware", "timestamp": "2026-09-12T10:57:02.543569Z"}
{"event": "HTTP Request: POST http://testserver/api/v1/login/refresh-token \"HTTP/1.1 401 Unauthorized\"", "level": "info", "logger": "httpx", "timestamp": "2026-09-12T10:57:02.544218Z"}
{"method": "POST", "path": "/api/v1/login/access-token", "client_host": "testclient", "event": "request_started", "correlation_id": "f1622385-2102-4cb9-b6ba-b428a8184c25", "level": "info", "logger": "app.middleware.RequestLoggingMiddleware", "timestamp": "2026-09-12T10:57:02.552508Z"}
{"user_id": "5fa5f688-02f4-44b3-8e9e-8afe23cdf3b0", "family_id": "22a3cc6e-2bfa-4782-8d93-7bf3830553c7", "event": "token_pair_issued", "correlation_id": "f1622385-2102-4cb9-b6ba-b428a8184c25", "level": "info", "logger": "app.services.token_service", "timestamp": "2026-09-12T10:57:02.943664Z"}
{"method": "POST", "path": "/api/v1/login/access-token", "status_code": 200, "duration": 0.3946, "event": "request_finished", "correlation_id": "f1622385-2102-4cb9-b6ba-b428a8184c25", "level": "info", "logger": "app.middleware.RequestLoggingMiddleware", "timestamp": "2026-09-12T10:57:02.947665Z"}
{"event": "HTTP Request: POST http://testserver/api/v1/login/access-token \"HTTP/1.1 200 OK\"", "level": "info", "logger": "httpx", "timestamp": "2026-09-12T10:57:02.948329Z"}
{"method": "POST", "path": "/api/v1/login/logout", "client_host": "testclient", "event": "request_started", "correlation_id": "77b43e68-acb8-425a-938f-0ebc5e968e9c", "level": "info", "logger": "app.middleware.RequestLoggingMiddleware", "timestamp": "2026-09-12T10:57:02.948329Z"}
{"method": "POST", "path": "/api/v1/login/logout", "status_code": 200, "duration": 0.0051, "event": "request_finished", "correlation_id": "77b43e68-acb8-425a-938f-0ebc5e968e9c", "level": "info", "logger": "app.middleware.RequestLoggingMiddleware", "timestamp": "2026-09-12T10:57:02.953387Z"}
{"event": "HTTP Request: POST http://testserver/api/v1/login/logout \"HTTP/1.1 200 OK\"", "level": "info", "logger": "httpx", "timestamp": "2026-09-12T10:57:02.954861Z"}
{"method": "POST", "path": "/api/v1/login/refresh-token", "client_host": "testclient", "event": "request_started", "correlation_id": "cb7a6c4c-2382-4068-a488-1ba5bc3633e9", "level": "info", "logger": "app.middleware.RequestLoggingMiddleware", "timestamp": "2026-09-12T10:57:02.954861Z"}
{"family_id": "22a3cc6e-2bfa-4782-8d93-7bf3830553c7", "user_id": "5fa5f688-02f4-44b3-8e9e-8afe23cdf3b0", "used_at": "None", "revoked_at": "2026-09-12 10:57:02.951878", "event": "security_alert_refresh_token_reuse_detected", "correlation_id": "cb7a6c4c-2382-4068-a488-1ba5bc3633e9", "level": "warning", "logger": "app.services.token_service", "timestamp": "2026-09-12T10:57:02.957631Z"}
{"method": "POST", "path": "/api/v1/login/refresh-token", "status_code": 401, "duration": 0.0048, "event": "request_finished", "correlation_id": "cb7a6c4c-2382-4068-a488-1ba5bc3633e9", "level": "info", "logger": "app.middleware.RequestLoggingMiddleware", "timestamp": "2026-09-12T10:57:02.959644Z"}
{"event": "HTTP Request: POST http://testserver/api/v1/login/refresh-token \"HTTP/1.1 401 Unauthorized\"", "level": "info", "logger": "httpx", "timestamp": "2026-09-12T10:57:02.959644Z"}
{"method": "POST", "path": "/api/v1/login/access-token", "client_host": "testclient", "event": "request_started", "correlation_id": "cbba1c01-6fa8-4f25-97aa-4cd2d8cce12a", "level": "info", "logger": "app.middleware.RequestLoggingMiddleware", "timestamp": "2026-09-12T10:57:02.969469Z"}
{"user_id": "5fa5f688-02f4-44b3-8e9e-8afe23cdf3b0", "family_id": "3d31c3d4-2ac3-4481-87cd-43a556bfd5c8", "event": "token_pair_issued", "correlation_id": "cbba1c01-6fa8-4f25-97aa-4cd2d8cce12a", "level": "info", "logger": "app.services.token_service", "timestamp": "2026-09-12T10:57:03.344468Z"}
{"method": "POST", "path": "/api/v1/login/access-token", "status_code": 200, "duration": 0.375, "event": "request_finished", "correlation_id": "cbba1c01-6fa8-4f25-97aa-4cd2d8cce12a", "level": "info", "logger": "app.middleware.RequestLoggingMiddleware", "timestamp": "2026-09-12T10:57:03.344468Z"}
{"event": "HTTP Request: POST http://testserver/api/v1/login/access-token \"HTTP/1.1 200 OK\"", "level": "info", "logger": "httpx", "timestamp": "2026-09-12T10:57:03.344468Z"}
{"method": "POST", "path": "/api/v1/login/refresh-token", "client_host": "testclient", "event": "request_started", "correlation_id": "d8ac8c43-cb34-4591-8481-3c2c96056d2b", "level": "info", "logger": "app.middleware.RequestLoggingMiddleware", "timestamp": "2026-09-12T10:57:03.344468Z"}
{"user_id": "5fa5f688-02f4-44b3-8e9e-8afe23cdf3b0", "family_id": "3d31c3d4-2ac3-4481-87cd-43a556bfd5c8", "event": "refresh_token_rotated", "correlation_id": "d8ac8c43-cb34-4591-8481-3c2c96056d2b", "level": "info", "logger": "app.services.token_service", "timestamp": "2026-09-12T10:57:03.353295Z"}
{"method": "POST", "path": "/api/v1/login/refresh-token", "status_code": 200, "duration": 0.0093, "event": "request_finished", "correlation_id": "d8ac8c43-cb34-4591-8481-3c2c96056d2b", "level": "info", "logger": "app.middleware.RequestLoggingMiddleware", "timestamp": "2026-09-12T10:57:03.353725Z"}
{"event": "HTTP Request: POST http://testserver/api/v1/login/refresh-token \"HTTP/1.1 200 OK\"", "level": "info", "logger": "httpx", "timestamp": "2026-09-12T10:57:03.353725Z"}
{"method": "POST", "path": "/api/v1/login/access-token", "client_host": "testclient", "event": "request_started", "correlation_id": "9cc19f6c-3e36-4d68-83ac-693ee13b38bc", "level": "info", "logger": "app.middleware.RequestLoggingMiddleware", "timestamp": "2026-09-12T10:57:03.363902Z"}
{"user_id": "5fa5f688-02f4-44b3-8e9e-8afe23cdf3b0", "family_id": "f3444130-a704-45e8-b1a2-95cc80fa1ef8", "event": "token_pair_issued", "correlation_id": "9cc19f6c-3e36-4d68-83ac-693ee13b38bc", "level": "info", "logger": "app.services.token_service", "timestamp": "2026-09-12T10:57:03.741461Z"}
{"method": "POST", "path": "/api/v1/login/access-token", "status_code": 200, "duration": 0.3837, "event": "request_finished", "correlation_id": "9cc19f6c-3e36-4d68-83ac-693ee13b38bc", "level": "info", "logger": "app.middleware.RequestLoggingMiddleware", "timestamp": "2026-09-12T10:57:03.747553Z"}
{"event": "HTTP Request: POST http://testserver/api/v1/login/access-token \"HTTP/1.1 200 OK\"", "level": "info", "logger": "httpx", "timestamp": "2026-09-12T10:57:03.747553Z"}
{"method": "POST", "path": "/api/v1/login/access-token", "client_host": "testclient", "event": "request_started", "correlation_id": "0d9144f5-ea6a-444f-86fc-fb02125b474b", "level": "info", "logger": "app.middleware.RequestLoggingMiddleware", "timestamp": "2026-09-12T10:57:03.747553Z"}
{"user_id": "5fa5f688-02f4-44b3-8e9e-8afe23cdf3b0", "family_id": "5f704c9b-b906-43fb-847b-fdce642b4efc", "event": "token_pair_issued", "correlation_id": "0d9144f5-ea6a-444f-86fc-fb02125b474b", "level": "info", "logger": "app.services.token_service", "timestamp": "2026-09-12T10:57:04.132009Z"}
{"method": "POST", "path": "/api/v1/login/access-token", "status_code": 200, "duration": 0.3845, "event": "request_finished", "correlation_id": "0d9144f5-ea6a-444f-86fc-fb02125b474b", "level": "info", "logger": "app.middleware.RequestLoggingMiddleware", "timestamp": "2026-09-12T10:57:04.132009Z"}
{"event": "HTTP Request: POST http://testserver/api/v1/login/access-token \"HTTP/1.1 200 OK\"", "level": "info", "logger": "httpx", "timestamp": "2026-09-12T10:57:04.136793Z"}
{"method": "POST", "path": "/api/v1/login/access-token", "client_host": "testclient", "event": "request_started", "correlation_id": "63977ee0-1d49-4819-a220-2bcb17c4de15", "level": "info", "logger": "app.middleware.RequestLoggingMiddleware", "timestamp": "2026-09-12T10:57:04.136793Z"}
{"user_id": "5fa5f688-02f4-44b3-8e9e-8afe23cdf3b0", "family_id": "7b8559db-7091-4b44-8c1e-b9ac31348a8a", "event": "token_pair_issued", "correlation_id": "63977ee0-1d49-4819-a220-2bcb17c4de15", "level": "info", "logger": "app.services.token_service", "timestamp": "2026-09-12T10:57:04.503319Z"}
{"method": "POST", "path": "/api/v1/login/access-token", "status_code": 200, "duration": 0.3665, "event": "request_finished", "correlation_id": "63977ee0-1d49-4819-a220-2bcb17c4de15", "level": "info", "logger": "app.middleware.RequestLoggingMiddleware", "timestamp": "2026-09-12T10:57:04.503319Z"}
{"event": "HTTP Request: POST http://testserver/api/v1/login/access-token \"HTTP/1.1 200 OK\"", "level": "info", "logger": "httpx", "timestamp": "2026-09-12T10:57:04.503319Z"}
{"method": "POST", "path": "/api/v1/auth/logout-all", "client_host": "testclient", "event": "request_started", "correlation_id": "1538d68a-95c1-4ef4-862d-842637619646", "level": "info", "logger": "app.middleware.RequestLoggingMiddleware", "timestamp": "2026-09-12T10:57:04.503319Z"}
{"user_id": "5fa5f688-02f4-44b3-8e9e-8afe23cdf3b0", "count": 3, "event": "all_user_tokens_revoked", "correlation_id": "1538d68a-95c1-4ef4-862d-842637619646", "level": "info", "logger": "app.services.token_service", "timestamp": "2026-09-12T10:57:04.518025Z"}
{"method": "POST", "path": "/api/v1/auth/logout-all", "status_code": 200, "duration": 0.0157, "event": "request_finished", "correlation_id": "1538d68a-95c1-4ef4-862d-842637619646", "level": "info", "logger": "app.middleware.RequestLoggingMiddleware", "timestamp": "2026-09-12T10:57:04.519029Z"}
{"event": "HTTP Request: POST http://testserver/api/v1/auth/logout-all \"HTTP/1.1 200 OK\"", "level": "info", "logger": "httpx", "timestamp": "2026-09-12T10:57:04.520089Z"}
{"method": "POST", "path": "/api/v1/login/refresh-token", "client_host": "testclient", "event": "request_started", "correlation_id": "5fb48533-88d2-465f-8d94-477a87b03ffb", "level": "info", "logger": "app.middleware.RequestLoggingMiddleware", "timestamp": "2026-09-12T10:57:04.520089Z"}
{"family_id": "5f704c9b-b906-43fb-847b-fdce642b4efc", "user_id": "5fa5f688-02f4-44b3-8e9e-8afe23cdf3b0", "used_at": "None", "revoked_at": "2026-09-12 10:57:04.503319", "event": "security_alert_refresh_token_reuse_detected", "correlation_id": "5fb48533-88d2-465f-8d94-477a87b03ffb", "level": "warning", "logger": "app.services.token_service", "timestamp": "2026-09-12T10:57:04.520089Z"}
{"method": "POST", "path": "/api/v1/login/refresh-token", "status_code": 401, "duration": 0.0, "event": "request_finished", "correlation_id": "5fb48533-88d2-465f-8d94-477a87b03ffb", "level": "info", "logger": "app.middleware.RequestLoggingMiddleware", "timestamp": "2026-09-12T10:57:04.520089Z"}
{"event": "HTTP Request: POST http://testserver/api/v1/login/refresh-token \"HTTP/1.1 401 Unauthorized\"", "level": "info", "logger": "httpx", "timestamp": "2026-09-12T10:57:04.520089Z"}
{"method": "POST", "path": "/api/v1/login/refresh-token", "client_host": "testclient", "event": "request_started", "correlation_id": "20560fb2-d69a-45cb-ae52-71201b5919e1", "level": "info", "logger": "app.middleware.RequestLoggingMiddleware", "timestamp": "2026-09-12T10:57:04.520089Z"}
{"family_id": "7b8559db-7091-4b44-8c1e-b9ac31348a8a", "user_id": "5fa5f688-02f4-44b3-8e9e-8afe23cdf3b0", "used_at": "None", "revoked_at": "2026-09-12 10:57:04.503319", "event": "security_alert_refresh_token_reuse_detected", "correlation_id": "20560fb2-d69a-45cb-ae52-71201b5919e1", "level": "warning", "logger": "app.services.token_service", "timestamp": "2026-09-12T10:57:04.520089Z"}
{"method": "POST", "path": "/api/v1/login/refresh-token", "status_code": 401, "duration": 0.0, "event": "request_finished", "correlation_id": "20560fb2-d69a-45cb-ae52-71201b5919e1", "level": "info", "logger": "app.middleware.RequestLoggingMiddleware", "timestamp": "2026-09-12T10:57:04.520089Z"}
{"event": "HTTP Request: POST http://testserver/api/v1/login/refresh-token \"HTTP/1.1 401 Unauthorized\"", "level": "info", "logger": "httpx", "timestamp": "2026-09-12T10:57:04.520089Z"}
{"method": "POST", "path": "/api/v1/login/access-token", "client_host": "testclient", "event": "request_started", "correlation_id": "7205d5a9-7ef7-44bf-a06a-389bc5ba1019", "level": "info", "logger": "app.middleware.RequestLoggingMiddleware", "timestamp": "2026-09-12T10:57:04.924902Z"}
{"user_id": "6d6efd52-8fa7-4380-833b-1a91ca892f2d", "family_id": "71a6c798-bd4e-4d00-85a4-6d2d4da710fe", "event": "token_pair_issued", "correlation_id": "7205d5a9-7ef7-44bf-a06a-389bc5ba1019", "level": "info", "logger": "app.services.token_service", "timestamp": "2026-09-12T10:57:05.290958Z"}
{"method": "POST", "path": "/api/v1/login/access-token", "status_code": 200, "duration": 0.3681, "event": "request_finished", "correlation_id": "7205d5a9-7ef7-44bf-a06a-389bc5ba1019", "level": "info", "logger": "app.middleware.RequestLoggingMiddleware", "timestamp": "2026-09-12T10:57:05.290958Z"}
{"event": "HTTP Request: POST http://testserver/api/v1/login/access-token \"HTTP/1.1 200 OK\"", "level": "info", "logger": "httpx", "timestamp": "2026-09-12T10:57:05.290958Z"}
{"method": "POST", "path": "/api/v1/login/refresh-token", "client_host": "testclient", "event": "request_started", "correlation_id": "01c105ac-fde0-42ca-b491-8526d9bb309b", "level": "info", "logger": "app.middleware.RequestLoggingMiddleware", "timestamp": "2026-09-12T10:57:05.295426Z"}
{"method": "POST", "path": "/api/v1/login/refresh-token", "status_code": 401, "duration": 0.005, "event": "request_finished", "correlation_id": "01c105ac-fde0-42ca-b491-8526d9bb309b", "level": "info", "logger": "app.middleware.RequestLoggingMiddleware", "timestamp": "2026-09-12T10:57:05.300380Z"}
{"event": "HTTP Request: POST http://testserver/api/v1/login/refresh-token \"HTTP/1.1 401 Unauthorized\"", "level": "info", "logger": "httpx", "timestamp": "2026-09-12T10:57:05.300380Z"}
{"method": "POST", "path": "/api/v1/login/access-token", "client_host": "testclient", "event": "request_started", "correlation_id": "58fb5df8-96af-4d92-b611-f563ff3db545", "level": "info", "logger": "app.middleware.RequestLoggingMiddleware", "timestamp": "2026-09-12T10:57:05.311021Z"}
{"user_id": "5fa5f688-02f4-44b3-8e9e-8afe23cdf3b0", "family_id": "bfd4e47f-4f86-4c72-8bb4-8b3d262d1bea", "event": "token_pair_issued", "correlation_id": "58fb5df8-96af-4d92-b611-f563ff3db545", "level": "info", "logger": "app.services.token_service", "timestamp": "2026-09-12T10:57:05.686464Z"}
{"method": "POST", "path": "/api/v1/login/access-token", "status_code": 200, "duration": 0.3777, "event": "request_finished", "correlation_id": "58fb5df8-96af-4d92-b611-f563ff3db545", "level": "info", "logger": "app.middleware.RequestLoggingMiddleware", "timestamp": "2026-09-12T10:57:05.688715Z"}
{"event": "HTTP Request: POST http://testserver/api/v1/login/access-token \"HTTP/1.1 200 OK\"", "level": "info", "logger": "httpx", "timestamp": "2026-09-12T10:57:05.690420Z"}
{"method": "POST", "path": "/api/v1/login/refresh-token", "client_host": "testclient", "event": "request_started", "correlation_id": "6beab2e7-19a8-4631-b8bc-35536a9706ef", "level": "info", "logger": "app.middleware.RequestLoggingMiddleware", "timestamp": "2026-09-12T10:57:05.691959Z"}
{"method": "POST", "path": "/api/v1/login/refresh-token", "client_host": "testclient", "event": "request_started", "correlation_id": "0b524966-a08e-40f0-a4a5-e1856bdd74a4", "level": "info", "logger": "app.middleware.RequestLoggingMiddleware", "timestamp": "2026-09-12T10:57:05.693535Z"}
{"method": "POST", "path": "/api/v1/login/refresh-token", "client_host": "testclient", "event": "request_started", "correlation_id": "87380d9f-764a-4b39-a79f-311a8f5703d3", "level": "info", "logger": "app.middleware.RequestLoggingMiddleware", "timestamp": "2026-09-12T10:57:05.697069Z"}
{"method": "POST", "path": "/api/v1/login/refresh-token", "client_host": "testclient", "event": "request_started", "correlation_id": "1531d2ce-3870-4d81-ac2d-c1d63e0419ed", "level": "info", "logger": "app.middleware.RequestLoggingMiddleware", "timestamp": "2026-09-12T10:57:05.701092Z"}
{"user_id": "5fa5f688-02f4-44b3-8e9e-8afe23cdf3b0", "family_id": "bfd4e47f-4f86-4c72-8bb4-8b3d262d1bea", "event": "refresh_token_rotated", "correlation_id": "6beab2e7-19a8-4631-b8bc-35536a9706ef", "level": "info", "logger": "app.services.token_service", "timestamp": "2026-09-12T10:57:05.704365Z"}
{"family_id": "bfd4e47f-4f86-4c72-8bb4-8b3d262d1bea", "user_id": "5fa5f688-02f4-44b3-8e9e-8afe23cdf3b0", "used_at": "2026-09-12 10:57:05.699080", "revoked_at": "None", "event": "security_alert_refresh_token_reuse_detected", "correlation_id": "87380d9f-764a-4b39-a79f-311a8f5703d3", "level": "warning", "logger": "app.services.token_service", "timestamp": "2026-09-12T10:57:05.706375Z"}
{"method": "POST", "path": "/api/v1/login/refresh-token", "status_code": 200, "duration": 0.0181, "event": "request_finished", "correlation_id": "6beab2e7-19a8-4631-b8bc-35536a9706ef", "level": "info", "logger": "app.middleware.RequestLoggingMiddleware", "timestamp": "2026-09-12T10:57:05.710048Z"}
{"method": "POST", "path": "/api/v1/login/refresh-token", "status_code": 401, "duration": 0.013, "event": "request_finished", "correlation_id": "87380d9f-764a-4b39-a79f-311a8f5703d3", "level": "info", "logger": "app.middleware.RequestLoggingMiddleware", "timestamp": "2026-09-12T10:57:05.710048Z"}
{"family_id": "bfd4e47f-4f86-4c72-8bb4-8b3d262d1bea", "user_id": "5fa5f688-02f4-44b3-8e9e-8afe23cdf3b0", "used_at": "2026-09-12 10:57:05.699080", "revoked_at": "2026-09-12 10:57:05.706375", "event": "security_alert_refresh_token_reuse_detected", "correlation_id": "0b524966-a08e-40f0-a4a5-e1856bdd74a4", "level": "warning", "logger": "app.services.token_service", "timestamp": "2026-09-12T10:57:05.710048Z"}
{"event": "HTTP Request: POST http://testserver/api/v1/login/refresh-token \"HTTP/1.1 200 OK\"", "level": "info", "logger": "httpx", "timestamp": "2026-09-12T10:57:05.713168Z"}
{"event": "HTTP Request: POST http://testserver/api/v1/login/refresh-token \"HTTP/1.1 401 Unauthorized\"", "level": "info", "logger": "httpx", "timestamp": "2026-09-12T10:57:05.713168Z"}
{"method": "POST", "path": "/api/v1/login/refresh-token", "status_code": 401, "duration": 0.0196, "event": "request_finished", "correlation_id": "0b524966-a08e-40f0-a4a5-e1856bdd74a4", "level": "info", "logger": "app.middleware.RequestLoggingMiddleware", "timestamp": "2026-09-12T10:57:05.713168Z"}
{"event": "HTTP Request: POST http://testserver/api/v1/login/refresh-token \"HTTP/1.1 401 Unauthorized\"", "level": "info", "logger": "httpx", "timestamp": "2026-09-12T10:57:05.713168Z"}
{"family_id": "bfd4e47f-4f86-4c72-8bb4-8b3d262d1bea", "user_id": "5fa5f688-02f4-44b3-8e9e-8afe23cdf3b0", "used_at": "2026-09-12 10:57:05.699080", "revoked_at": "2026-09-12 10:57:05.706375", "event": "security_alert_refresh_token_reuse_detected", "correlation_id": "1531d2ce-3870-4d81-ac2d-c1d63e0419ed", "level": "warning", "logger": "app.services.token_service", "timestamp": "2026-09-12T10:57:05.713168Z"}
{"method": "POST", "path": "/api/v1/login/refresh-token", "status_code": 401, "duration": 0.0121, "event": "request_finished", "correlation_id": "1531d2ce-3870-4d81-ac2d-c1d63e0419ed", "level": "info", "logger": "app.middleware.RequestLoggingMiddleware", "timestamp": "2026-09-12T10:57:05.713168Z"}
{"event": "HTTP Request: POST http://testserver/api/v1/login/refresh-token \"HTTP/1.1 401 Unauthorized\"", "level": "info", "logger": "httpx", "timestamp": "2026-09-12T10:57:05.718168Z"}
{"method": "POST", "path": "/api/v1/login/access-token", "client_host": "testclient", "event": "request_started", "correlation_id": "9a7690d1-c616-4956-95d6-c65d09ac72a0", "level": "info", "logger": "app.middleware.RequestLoggingMiddleware", "timestamp": "2026-09-12T10:57:05.727659Z"}
{"method": "POST", "path": "/api/v1/login/access-token", "status_code": 400, "duration": 0.373, "event": "request_finished", "correlation_id": "9a7690d1-c616-4956-95d6-c65d09ac72a0", "level": "info", "logger": "app.middleware.RequestLoggingMiddleware", "timestamp": "2026-09-12T10:57:06.100698Z"}
{"event": "HTTP Request: POST http://testserver/api/v1/login/access-token \"HTTP/1.1 400 Bad Request\"", "level": "info", "logger": "httpx", "timestamp": "2026-09-12T10:57:06.103844Z"}
{"method": "POST", "path": "/api/v1/login/access-token", "client_host": "testclient", "event": "request_started", "correlation_id": "f5959d5e-1329-4961-ad80-4b50108b9892", "level": "info", "logger": "app.middleware.RequestLoggingMiddleware", "timestamp": "2026-09-12T10:57:06.111668Z"}
{"user_id": "5fa5f688-02f4-44b3-8e9e-8afe23cdf3b0", "family_id": "eb63f333-b955-4b6a-8edf-9c27cb70f82a", "event": "token_pair_issued", "correlation_id": "f5959d5e-1329-4961-ad80-4b50108b9892", "level": "info", "logger": "app.services.token_service", "timestamp": "2026-09-12T10:57:06.505273Z"}
{"method": "POST", "path": "/api/v1/login/access-token", "status_code": 200, "duration": 0.3936, "event": "request_finished", "correlation_id": "f5959d5e-1329-4961-ad80-4b50108b9892", "level": "info", "logger": "app.middleware.RequestLoggingMiddleware", "timestamp": "2026-09-12T10:57:06.505273Z"}
{"event": "HTTP Request: POST http://testserver/api/v1/login/access-token \"HTTP/1.1 200 OK\"", "level": "info", "logger": "httpx", "timestamp": "2026-09-12T10:57:06.505273Z"}
{"method": "POST", "path": "/api/v1/login/test-token", "client_host": "testclient", "event": "request_started", "correlation_id": "5427ae7c-b634-4732-b516-69b88448c87b", "level": "info", "logger": "app.middleware.RequestLoggingMiddleware", "timestamp": "2026-09-12T10:57:06.505273Z"}
{"method": "POST", "path": "/api/v1/login/test-token", "status_code": 200, "duration": 0.0, "event": "request_finished", "correlation_id": "5427ae7c-b634-4732-b516-69b88448c87b", "level": "info", "logger": "app.middleware.RequestLoggingMiddleware", "timestamp": "2026-09-12T10:57:06.505273Z"}
{"event": "HTTP Request: POST http://testserver/api/v1/login/test-token \"HTTP/1.1 200 OK\"", "level": "info", "logger": "httpx", "timestamp": "2026-09-12T10:57:06.505273Z"}
{"method": "POST", "path": "/api/v1/login/access-token", "client_host": "testclient", "event": "request_started", "correlation_id": "8fcbbbee-7d21-42c4-9d65-a919df8edc95", "level": "info", "logger": "app.middleware.RequestLoggingMiddleware", "timestamp": "2026-09-12T10:57:06.891364Z"}
{"user_id": "a7ca3a01-d58d-44ee-9de0-6dfbc1c5a973", "family_id": "fd528ab1-0b7a-48fe-897d-6a1514c2dea1", "event": "token_pair_issued", "correlation_id": "8fcbbbee-7d21-42c4-9d65-a919df8edc95", "level": "info", "logger": "app.services.token_service", "timestamp": "2026-09-12T10:57:07.274061Z"}
{"method": "POST", "path": "/api/v1/login/access-token", "status_code": 200, "duration": 0.3827, "event": "request_finished", "correlation_id": "8fcbbbee-7d21-42c4-9d65-a919df8edc95", "level": "info", "logger": "app.middleware.RequestLoggingMiddleware", "timestamp": "2026-09-12T10:57:07.274061Z"}
{"event": "HTTP Request: POST http://testserver/api/v1/login/access-token \"HTTP/1.1 200 OK\"", "level": "info", "logger": "httpx", "timestamp": "2026-09-12T10:57:07.277826Z"}
{"method": "POST", "path": "/api/v1/password-recovery/test@example.com", "client_host": "testclient", "event": "request_started", "correlation_id": "6185a59a-c928-4d14-ba20-fdd4c65ae41a", "level": "info", "logger": "app.middleware.RequestLoggingMiddleware", "timestamp": "2026-09-12T10:57:07.278485Z"}
{"event": "Preparing to send email to test@example.com", "correlation_id": "6185a59a-c928-4d14-ba20-fdd4c65ae41a", "level": "info", "logger": "app.utils", "timestamp": "2026-09-12T10:57:07.286661Z"}
{"event": "SMTP Config: Host=smtp.example.com, Port=587, TLS=True, User=admin@example.com", "correlation_id": "6185a59a-c928-4d14-ba20-fdd4c65ae41a", "level": "info", "logger": "app.utils", "timestamp": "2026-09-12T10:57:07.286661Z"}
{"event": "Failed to send email: [Errno 11001] getaddrinfo failed", "correlation_id": "6185a59a-c928-4d14-ba20-fdd4c65ae41a", "level": "error", "logger": "app.utils", "timestamp": "2026-09-12T10:57:07.655035Z"}
{"event": "Traceback (most recent call last):\n  File \"C:\\Users\\kiran\\Desktop\\doit-prod\\backend\\app\\utils.py\", line 74, in send_email\n    with smtplib.SMTP(settings.SMTP_HOST, settings.SMTP_PORT) as server:\n         ^^^^^^^^^^^^^^^^^^^^^^^^^^^^^^^^^^^^^^^^^^^^^^^^^^^^\n  File \"C:\\Users\\kiran\\AppData\\Roaming\\uv\\python\\cpython-3.12.12-windows-x86_64-none\\Lib\\smtplib.py\", line 255, in __init__\n    (code, msg) = self.connect(host, port)\n                  ^^^^^^^^^^^^^^^^^^^^^^^^\n  File \"C:\\Users\\kiran\\AppData\\Roaming\\uv\\python\\cpython-3.12.12-windows-x86_64-none\\Lib\\smtplib.py\", line 341, in connect\n    self.sock = self._get_socket(host, port, self.timeout)\n                ^^^^^^^^^^^^^^^^^^^^^^^^^^^^^^^^^^^^^^^^^^\n  File \"C:\\Users\\kiran\\AppData\\Roaming\\uv\\python\\cpython-3.12.12-windows-x86_64-none\\Lib\\smtplib.py\", line 312, in _get_socket\n    return socket.create_connection((host, port), timeout,\n           ^^^^^^^^^^^^^^^^^^^^^^^^^^^^^^^^^^^^^^^^^^^^^^^\n  File \"C:\\Users\\kiran\\AppData\\Roaming\\uv\\python\\cpython-3.12.12-windows-x86_64-none\\Lib\\socket.py\", line 841, in create_connection\n    for res in getaddrinfo(host, port, 0, SOCK_STREAM):\n               ^^^^^^^^^^^^^^^^^^^^^^^^^^^^^^^^^^^^^^^\n  File \"C:\\Users\\kiran\\AppData\\Roaming\\uv\\python\\cpython-3.12.12-windows-x86_64-none\\Lib\\socket.py\", line 978, in getaddrinfo\n    for res in _socket.getaddrinfo(host, port, family, type, proto, flags):\n               ^^^^^^^^^^^^^^^^^^^^^^^^^^^^^^^^^^^^^^^^^^^^^^^^^^^^^^^^^^^\nsocket.gaierror: [Errno 11001] getaddrinfo failed\n", "correlation_id": "6185a59a-c928-4d14-ba20-fdd4c65ae41a", "level": "error", "logger": "app.utils", "timestamp": "2026-09-12T10:57:07.659059Z"}
{"method": "POST", "path": "/api/v1/password-recovery/test@example.com", "status_code": 200, "duration": 0.3826, "event": "request_finished", "correlation_id": "6185a59a-c928-4d14-ba20-fdd4c65ae41a", "level": "info", "logger": "app.middleware.RequestLoggingMiddleware", "timestamp": "2026-09-12T10:57:07.661075Z"}
{"event": "HTTP Request: POST http://testserver/api/v1/password-recovery/test@example.com \"HTTP/1.1 200 OK\"", "level": "info", "logger": "httpx", "timestamp": "2026-09-12T10:57:07.661075Z"}
{"method": "POST", "path": "/api/v1/login/access-token", "client_host": "testclient", "event": "request_started", "correlation_id": "b6666db0-a375-41b0-8499-5f8442100fd5", "level": "info", "logger": "app.middleware.RequestLoggingMiddleware", "timestamp": "2026-09-12T10:57:08.063875Z"}
{"user_id": "b3137569-bea3-4690-911c-f1a00625a079", "family_id": "aa5e41eb-ca3f-44ed-b813-8d653cf627b1", "event": "token_pair_issued", "correlation_id": "b6666db0-a375-41b0-8499-5f8442100fd5", "level": "info", "logger": "app.services.token_service", "timestamp": "2026-09-12T10:57:08.455778Z"}
{"method": "POST", "path": "/api/v1/login/access-token", "status_code": 200, "duration": 0.3928, "event": "request_finished", "correlation_id": "b6666db0-a375-41b0-8499-5f8442100fd5", "level": "info", "logger": "app.middleware.RequestLoggingMiddleware", "timestamp": "2026-09-12T10:57:08.456634Z"}
{"event": "HTTP Request: POST http://testserver/api/v1/login/access-token \"HTTP/1.1 200 OK\"", "level": "info", "logger": "httpx", "timestamp": "2026-09-12T10:57:08.458717Z"}
{"method": "POST", "path": "/api/v1/password-recovery/jVgQr@example.com", "client_host": "testclient", "event": "request_started", "correlation_id": "ade07d17-2df9-4c09-a0f5-e7656c855cd0", "level": "info", "logger": "app.middleware.RequestLoggingMiddleware", "timestamp": "2026-09-12T10:57:08.461063Z"}
{"method": "POST", "path": "/api/v1/password-recovery/jVgQr@example.com", "status_code": 404, "duration": 0.0, "event": "request_finished", "correlation_id": "ade07d17-2df9-4c09-a0f5-e7656c855cd0", "level": "info", "logger": "app.middleware.RequestLoggingMiddleware", "timestamp": "2026-09-12T10:57:08.461063Z"}
{"event": "HTTP Request: POST http://testserver/api/v1/password-recovery/jVgQr@example.com \"HTTP/1.1 404 Not Found\"", "level": "info", "logger": "httpx", "timestamp": "2026-09-12T10:57:08.461063Z"}
{"method": "POST", "path": "/api/v1/login/access-token", "client_host": "testclient", "event": "request_started", "correlation_id": "7d4f6208-1410-4539-a745-0a3d495076bb", "level": "info", "logger": "app.middleware.RequestLoggingMiddleware", "timestamp": "2026-09-12T10:57:08.841078Z"}
{"user_id": "88ddb716-b1f7-443b-ad16-316759aff913", "family_id": "bbbd7261-d4c1-4322-8ef4-4730c8497db8", "event": "token_pair_issued", "correlation_id": "7d4f6208-1410-4539-a745-0a3d495076bb", "level": "info", "logger": "app.services.token_service", "timestamp": "2026-09-12T10:57:09.220705Z"}
{"method": "POST", "path": "/api/v1/login/access-token", "status_code": 200, "duration": 0.3822, "event": "request_finished", "correlation_id": "7d4f6208-1410-4539-a745-0a3d495076bb", "level": "info", "logger": "app.middleware.RequestLoggingMiddleware", "timestamp": "2026-09-12T10:57:09.223242Z"}
{"event": "HTTP Request: POST http://testserver/api/v1/login/access-token \"HTTP/1.1 200 OK\"", "level": "info", "logger": "httpx", "timestamp": "2026-09-12T10:57:09.223242Z"}
{"method": "POST", "path": "/api/v1/reset-password/", "client_host": "testclient", "event": "request_started", "correlation_id": "86df1ec0-3a23-4645-a3d4-d30f33d09ff8", "level": "info", "logger": "app.middleware.RequestLoggingMiddleware", "timestamp": "2026-09-12T10:57:09.223242Z"}
{"method": "POST", "path": "/api/v1/reset-password/", "status_code": 200, "duration": 0.3802, "event": "request_finished", "correlation_id": "86df1ec0-3a23-4645-a3d4-d30f33d09ff8", "level": "info", "logger": "app.middleware.RequestLoggingMiddleware", "timestamp": "2026-09-12T10:57:09.603488Z"}
{"event": "HTTP Request: POST http://testserver/api/v1/reset-password/ \"HTTP/1.1 200 OK\"", "level": "info", "logger": "httpx", "timestamp": "2026-09-12T10:57:09.603488Z"}
{"method": "POST", "path": "/api/v1/login/access-token", "client_host": "testclient", "event": "request_started", "correlation_id": "7460c9e9-e2cb-4b9d-871b-1c4892d604b7", "level": "info", "logger": "app.middleware.RequestLoggingMiddleware", "timestamp": "2026-09-12T10:57:09.992461Z"}
{"user_id": "5fa5f688-02f4-44b3-8e9e-8afe23cdf3b0", "family_id": "3edbafbc-6db2-4d02-bd7a-1a3835172e61", "event": "token_pair_issued", "correlation_id": "7460c9e9-e2cb-4b9d-871b-1c4892d604b7", "level": "info", "logger": "app.services.token_service", "timestamp": "2026-09-12T10:57:10.375427Z"}
{"method": "POST", "path": "/api/v1/login/access-token", "status_code": 200, "duration": 0.383, "event": "request_finished", "correlation_id": "7460c9e9-e2cb-4b9d-871b-1c4892d604b7", "level": "info", "logger": "app.middleware.RequestLoggingMiddleware", "timestamp": "2026-09-12T10:57:10.375427Z"}
{"event": "HTTP Request: POST http://testserver/api/v1/login/access-token \"HTTP/1.1 200 OK\"", "level": "info", "logger": "httpx", "timestamp": "2026-09-12T10:57:10.375427Z"}
{"method": "POST", "path": "/api/v1/reset-password/", "client_host": "testclient", "event": "request_started", "correlation_id": "156290c3-2db0-42d9-9044-e5deef626453", "level": "info", "logger": "app.middleware.RequestLoggingMiddleware", "timestamp": "2026-09-12T10:57:10.375427Z"}
{"method": "POST", "path": "/api/v1/reset-password/", "status_code": 400, "duration": 0.0, "event": "request_finished", "correlation_id": "156290c3-2db0-42d9-9044-e5deef626453", "level": "info", "logger": "app.middleware.RequestLoggingMiddleware", "timestamp": "2026-09-12T10:57:10.375427Z"}
{"event": "HTTP Request: POST http://testserver/api/v1/reset-password/ \"HTTP/1.1 400 Bad Request\"", "level": "info", "logger": "httpx", "timestamp": "2026-09-12T10:57:10.375427Z"}
{"method": "POST", "path": "/api/v1/private/users/", "client_host": "testclient", "event": "request_started", "correlation_id": "6c7980c5-632a-4e56-afe4-b2e2c630539e", "level": "info", "logger": "app.middleware.RequestLoggingMiddleware", "timestamp": "2026-09-12T10:57:10.392384Z"}
{"method": "POST", "path": "/api/v1/private/users/", "status_code": 200, "duration": 0.3704, "event": "request_finished", "correlation_id": "6c7980c5-632a-4e56-afe4-b2e2c630539e", "level": "info", "logger": "app.middleware.RequestLoggingMiddleware", "timestamp": "2026-09-12T10:57:10.762812Z"}
{"event": "HTTP Request: POST http://testserver/api/v1/private/users/ \"HTTP/1.1 200 OK\"", "level": "info", "logger": "httpx", "timestamp": "2026-09-12T10:57:10.762812Z"}
{"method": "POST", "path": "/api/v1/login/access-token", "client_host": "testclient", "event": "request_started", "correlation_id": "5f3c282a-d2a6-4d51-a385-7d163e512240", "level": "info", "logger": "app.middleware.RequestLoggingMiddleware", "timestamp": "2026-09-12T10:57:10.777930Z"}
{"user_id": "5fa5f688-02f4-44b3-8e9e-8afe23cdf3b0", "family_id": "719c0098-ff51-474e-a2e2-3bd17908438b", "event": "token_pair_issued", "correlation_id": "5f3c282a-d2a6-4d51-a385-7d163e512240", "level": "info", "logger": "app.services.token_service", "timestamp": "2026-09-12T10:57:11.149364Z"}
{"method": "POST", "path": "/api/v1/login/access-token", "status_code": 200, "duration": 0.3714, "event": "request_finished", "correlation_id": "5f3c282a-d2a6-4d51-a385-7d163e512240", "level": "info", "logger": "app.middleware.RequestLoggingMiddleware", "timestamp": "2026-09-12T10:57:11.149364Z"}
{"event": "HTTP Request: POST http://testserver/api/v1/login/access-token \"HTTP/1.1 200 OK\"", "level": "info", "logger": "httpx", "timestamp": "2026-09-12T10:57:11.149364Z"}
{"method": "POST", "path": "/api/v1/workspaces/", "client_host": "testclient", "event": "request_started", "correlation_id": "644d8304-57e1-4157-840f-686017c8ff4a", "level": "info", "logger": "app.middleware.RequestLoggingMiddleware", "timestamp": "2026-09-12T10:57:11.153643Z"}
{"method": "POST", "path": "/api/v1/workspaces/", "status_code": 200, "duration": 0.0099, "event": "request_finished", "correlation_id": "644d8304-57e1-4157-840f-686017c8ff4a", "level": "info", "logger": "app.middleware.RequestLoggingMiddleware", "timestamp": "2026-09-12T10:57:11.163556Z"}
{"event": "HTTP Request: POST http://testserver/api/v1/workspaces/ \"HTTP/1.1 200 OK\"", "level": "info", "logger": "httpx", "timestamp": "2026-09-12T10:57:11.163556Z"}
{"method": "POST", "path": "/api/v1/projects/", "client_host": "testclient", "event": "request_started", "correlation_id": "b52a8daf-7cf5-45a4-8975-3383d0b7ee6a", "level": "info", "logger": "app.middleware.RequestLoggingMiddleware", "timestamp": "2026-09-12T10:57:11.163556Z"}
{"method": "POST", "path": "/api/v1/projects/", "status_code": 200, "duration": 0.0116, "event": "request_finished", "correlation_id": "b52a8daf-7cf5-45a4-8975-3383d0b7ee6a", "level": "info", "logger": "app.middleware.RequestLoggingMiddleware", "timestamp": "2026-09-12T10:57:11.175162Z"}
{"event": "HTTP Request: POST http://testserver/api/v1/projects/ \"HTTP/1.1 200 OK\"", "level": "info", "logger": "httpx", "timestamp": "2026-09-12T10:57:11.175162Z"}
{"method": "POST", "path": "/api/v1/login/access-token", "client_host": "testclient", "event": "request_started", "correlation_id": "b7d68eaa-18a5-4cce-a00b-c9b5275176d2", "level": "info", "logger": "app.middleware.RequestLoggingMiddleware", "timestamp": "2026-09-12T10:57:11.189345Z"}
{"user_id": "5fa5f688-02f4-44b3-8e9e-8afe23cdf3b0", "family_id": "976dfe29-f8af-4780-8bc2-073554fb8e6a", "event": "token_pair_issued", "correlation_id": "b7d68eaa-18a5-4cce-a00b-c9b5275176d2", "level": "info", "logger": "app.services.token_service", "timestamp": "2026-09-12T10:57:11.570389Z"}
{"method": "POST", "path": "/api/v1/login/access-token", "status_code": 200, "duration": 0.3841, "event": "request_finished", "correlation_id": "b7d68eaa-18a5-4cce-a00b-c9b5275176d2", "level": "info", "logger": "app.middleware.RequestLoggingMiddleware", "timestamp": "2026-09-12T10:57:11.573486Z"}
{"event": "HTTP Request: POST http://testserver/api/v1/login/access-token \"HTTP/1.1 200 OK\"", "level": "info", "logger": "httpx", "timestamp": "2026-09-12T10:57:11.573486Z"}
{"method": "POST", "path": "/api/v1/workspaces/", "client_host": "testclient", "event": "request_started", "correlation_id": "b97dc863-18d1-4270-8614-377206652506", "level": "info", "logger": "app.middleware.RequestLoggingMiddleware", "timestamp": "2026-09-12T10:57:11.575771Z"}
{"method": "POST", "path": "/api/v1/workspaces/", "status_code": 200, "duration": 0.0075, "event": "request_finished", "correlation_id": "b97dc863-18d1-4270-8614-377206652506", "level": "info", "logger": "app.middleware.RequestLoggingMiddleware", "timestamp": "2026-09-12T10:57:11.583315Z"}
{"event": "HTTP Request: POST http://testserver/api/v1/workspaces/ \"HTTP/1.1 200 OK\"", "level": "info", "logger": "httpx", "timestamp": "2026-09-12T10:57:11.583315Z"}
{"method": "POST", "path": "/api/v1/projects/", "client_host": "testclient", "event": "request_started", "correlation_id": "7cd47ee5-65b7-4ea8-ba90-cbd221b5ff56", "level": "info", "logger": "app.middleware.RequestLoggingMiddleware", "timestamp": "2026-09-12T10:57:11.587070Z"}
{"method": "POST", "path": "/api/v1/projects/", "status_code": 200, "duration": 0.0093, "event": "request_finished", "correlation_id": "7cd47ee5-65b7-4ea8-ba90-cbd221b5ff56", "level": "info", "logger": "app.middleware.RequestLoggingMiddleware", "timestamp": "2026-09-12T10:57:11.596344Z"}
{"event": "HTTP Request: POST http://testserver/api/v1/projects/ \"HTTP/1.1 200 OK\"", "level": "info", "logger": "httpx", "timestamp": "2026-09-12T10:57:11.596344Z"}
{"method": "GET", "path": "/api/v1/projects/", "client_host": "testclient", "event": "request_started", "correlation_id": "166b33a9-a1d3-4e62-bb14-8a770e35de7b", "level": "info", "logger": "app.middleware.RequestLoggingMiddleware", "timestamp": "2026-09-12T10:57:11.598402Z"}
{"method": "GET", "path": "/api/v1/projects/", "status_code": 200, "duration": 0.0053, "event": "request_finished", "correlation_id": "166b33a9-a1d3-4e62-bb14-8a770e35de7b", "level": "info", "logger": "app.middleware.RequestLoggingMiddleware", "timestamp": "2026-09-12T10:57:11.603736Z"}
{"event": "HTTP Request: GET http://testserver/api/v1/projects/ \"HTTP/1.1 200 OK\"", "level": "info", "logger": "httpx", "timestamp": "2026-09-12T10:57:11.603736Z"}
{"method": "POST", "path": "/api/v1/login/access-token", "client_host": "testclient", "event": "request_started", "correlation_id": "92e667a8-b7dd-46e4-90f9-76f1c6e11956", "level": "info", "logger": "app.middleware.RequestLoggingMiddleware", "timestamp": "2026-09-12T10:57:11.618112Z"}
{"user_id": "5fa5f688-02f4-44b3-8e9e-8afe23cdf3b0", "family_id": "664138f6-0366-470d-8fad-a694512f1a39", "event": "token_pair_issued", "correlation_id": "92e667a8-b7dd-46e4-90f9-76f1c6e11956", "level": "info", "logger": "app.services.token_service", "timestamp": "2026-09-12T10:57:12.008308Z"}
{"method": "POST", "path": "/api/v1/login/access-token", "status_code": 200, "duration": 0.3929, "event": "request_finished", "correlation_id": "92e667a8-b7dd-46e4-90f9-76f1c6e11956", "level": "info", "logger": "app.middleware.RequestLoggingMiddleware", "timestamp": "2026-09-12T10:57:12.011060Z"}
{"event": "HTTP Request: POST http://testserver/api/v1/login/access-token \"HTTP/1.1 200 OK\"", "level": "info", "logger": "httpx", "timestamp": "2026-09-12T10:57:12.011060Z"}
{"method": "POST", "path": "/api/v1/workspaces/", "client_host": "testclient", "event": "request_started", "correlation_id": "3b99063c-6c60-41be-bc61-cb9ea864c06c", "level": "info", "logger": "app.middleware.RequestLoggingMiddleware", "timestamp": "2026-09-12T10:57:12.014553Z"}
{"method": "POST", "path": "/api/v1/workspaces/", "status_code": 200, "duration": 0.0061, "event": "request_finished", "correlation_id": "3b99063c-6c60-41be-bc61-cb9ea864c06c", "level": "info", "logger": "app.middleware.RequestLoggingMiddleware", "timestamp": "2026-09-12T10:57:12.020612Z"}
{"event": "HTTP Request: POST http://testserver/api/v1/workspaces/ \"HTTP/1.1 200 OK\"", "level": "info", "logger": "httpx", "timestamp": "2026-09-12T10:57:12.020612Z"}
{"method": "POST", "path": "/api/v1/projects/", "client_host": "testclient", "event": "request_started", "correlation_id": "559e3c8b-eb3a-4234-8e99-5e4a974334ff", "level": "info", "logger": "app.middleware.RequestLoggingMiddleware", "timestamp": "2026-09-12T10:57:12.020612Z"}
{"method": "POST", "path": "/api/v1/projects/", "status_code": 200, "duration": 0.0098, "event": "request_finished", "correlation_id": "559e3c8b-eb3a-4234-8e99-5e4a974334ff", "level": "info", "logger": "app.middleware.RequestLoggingMiddleware", "timestamp": "2026-09-12T10:57:12.030441Z"}
{"event": "HTTP Request: POST http://testserver/api/v1/projects/ \"HTTP/1.1 200 OK\"", "level": "info", "logger": "httpx", "timestamp": "2026-09-12T10:57:12.030441Z"}
{"method": "PUT", "path": "/api/v1/projects/4d0ca404-55b6-43e5-9de3-586b0a4fac3a", "client_host": "testclient", "event": "request_started", "correlation_id": "af3d4bc4-c340-40f9-b04b-db1382978597", "level": "info", "logger": "app.middleware.RequestLoggingMiddleware", "timestamp": "2026-09-12T10:57:12.030441Z"}
{"method": "PUT", "path": "/api/v1/projects/4d0ca404-55b6-43e5-9de3-586b0a4fac3a", "status_code": 200, "duration": 0.0065, "event": "request_finished", "correlation_id": "af3d4bc4-c340-40f9-b04b-db1382978597", "level": "info", "logger": "app.middleware.RequestLoggingMiddleware", "timestamp": "2026-09-12T10:57:12.036950Z"}
{"event": "HTTP Request: PUT http://testserver/api/v1/projects/4d0ca404-55b6-43e5-9de3-586b0a4fac3a \"HTTP/1.1 200 OK\"", "level": "info", "logger": "httpx", "timestamp": "2026-09-12T10:57:12.036950Z"}
{"method": "POST", "path": "/api/v1/login/access-token", "client_host": "testclient", "event": "request_started", "correlation_id": "df657fba-0a5a-4a4f-9d0b-5c0332ac0553", "level": "info", "logger": "app.middleware.RequestLoggingMiddleware", "timestamp": "2026-09-12T10:57:12.050494Z"}
{"user_id": "5fa5f688-02f4-44b3-8e9e-8afe23cdf3b0", "family_id": "c8338da4-3145-4fe5-a3c0-ea8f3c9f058c", "event": "token_pair_issued", "correlation_id": "df657fba-0a5a-4a4f-9d0b-5c0332ac0553", "level": "info", "logger": "app.services.token_service", "timestamp": "2026-09-12T10:57:12.437533Z"}
{"method": "POST", "path": "/api/v1/login/access-token", "status_code": 200, "duration": 0.3891, "event": "request_finished", "correlation_id": "df657fba-0a5a-4a4f-9d0b-5c0332ac0553", "level": "info", "logger": "app.middleware.RequestLoggingMiddleware", "timestamp": "2026-09-12T10:57:12.439586Z"}
{"event": "HTTP Request: POST http://testserver/api/v1/login/access-token \"HTTP/1.1 200 OK\"", "level": "info", "logger": "httpx", "timestamp": "2026-09-12T10:57:12.441597Z"}
{"method": "POST", "path": "/api/v1/workspaces/", "client_host": "testclient", "event": "request_started", "correlation_id": "ccff3dfa-5967-4e51-9c5c-d08872e49ba5", "level": "info", "logger": "app.middleware.RequestLoggingMiddleware", "timestamp": "2026-09-12T10:57:12.442608Z"}
{"method": "POST", "path": "/api/v1/workspaces/", "status_code": 200, "duration": 0.0054, "event": "request_finished", "correlation_id": "ccff3dfa-5967-4e51-9c5c-d08872e49ba5", "level": "info", "logger": "app.middleware.RequestLoggingMiddleware", "timestamp": "2026-09-12T10:57:12.447998Z"}
{"event": "HTTP Request: POST http://testserver/api/v1/workspaces/ \"HTTP/1.1 200 OK\"", "level": "info", "logger": "httpx", "timestamp": "2026-09-12T10:57:12.447998Z"}
{"method": "POST", "path": "/api/v1/projects/", "client_host": "testclient", "event": "request_started", "correlation_id": "40bd5529-4648-46b2-9188-d90997581b75", "level": "info", "logger": "app.middleware.RequestLoggingMiddleware", "timestamp": "2026-09-12T10:57:12.451401Z"}
{"method": "POST", "path": "/api/v1/projects/", "status_code": 200, "duration": 0.0078, "event": "request_finished", "correlation_id": "40bd5529-4648-46b2-9188-d90997581b75", "level": "info", "logger": "app.middleware.RequestLoggingMiddleware", "timestamp": "2026-09-12T10:57:12.459194Z"}
{"event": "HTTP Request: POST http://testserver/api/v1/projects/ \"HTTP/1.1 200 OK\"", "level": "info", "logger": "httpx", "timestamp": "2026-09-12T10:57:12.459194Z"}
{"method": "DELETE", "path": "/api/v1/projects/d5aa1eec-84d3-424d-87dd-efe8deade72f", "client_host": "testclient", "event": "request_started", "correlation_id": "40fce8a5-6e38-44d0-ba14-b8d2d0fffb1d", "level": "info", "logger": "app.middleware.RequestLoggingMiddleware", "timestamp": "2026-09-12T10:57:12.462388Z"}
{"method": "DELETE", "path": "/api/v1/projects/d5aa1eec-84d3-424d-87dd-efe8deade72f", "status_code": 200, "duration": 0.0116, "event": "request_finished", "correlation_id": "40fce8a5-6e38-44d0-ba14-b8d2d0fffb1d", "level": "info", "logger": "app.middleware.RequestLoggingMiddleware", "timestamp": "2026-09-12T10:57:12.473960Z"}
{"event": "HTTP Request: DELETE http://testserver/api/v1/projects/d5aa1eec-84d3-424d-87dd-efe8deade72f \"HTTP/1.1 200 OK\"", "level": "info", "logger": "httpx", "timestamp": "2026-09-12T10:57:12.473960Z"}
{"method": "GET", "path": "/api/v1/projects/d5aa1eec-84d3-424d-87dd-efe8deade72f", "client_host": "testclient", "event": "request_started", "correlation_id": "d1e305ef-44c5-49f2-9cb5-1cad47ac1376", "level": "info", "logger": "app.middleware.RequestLoggingMiddleware", "timestamp": "2026-09-12T10:57:12.475755Z"}
{"method": "GET", "path": "/api/v1/projects/d5aa1eec-84d3-424d-87dd-efe8deade72f", "status_code": 404, "duration": 0.0, "event": "request_finished", "correlation_id": "d1e305ef-44c5-49f2-9cb5-1cad47ac1376", "level": "info", "logger": "app.middleware.RequestLoggingMiddleware", "timestamp": "2026-09-12T10:57:12.475755Z"}
{"event": "HTTP Request: GET http://testserver/api/v1/projects/d5aa1eec-84d3-424d-87dd-efe8deade72f \"HTTP/1.1 404 Not Found\"", "level": "info", "logger": "httpx", "timestamp": "2026-09-12T10:57:12.475755Z"}
{"method": "POST", "path": "/api/v1/login/access-token", "client_host": "testclient", "event": "request_started", "correlation_id": "ba012ab4-c2f1-4b56-9017-0e78e1d0cbe5", "level": "info", "logger": "app.middleware.RequestLoggingMiddleware", "timestamp": "2026-09-12T10:57:12.488806Z"}
{"user_id": "5fa5f688-02f4-44b3-8e9e-8afe23cdf3b0", "family_id": "be0fd268-e0e5-43a7-9250-a3918568c813", "event": "token_pair_issued", "correlation_id": "ba012ab4-c2f1-4b56-9017-0e78e1d0cbe5", "level": "info", "logger": "app.services.token_service", "timestamp": "2026-09-12T10:57:12.858061Z"}
{"method": "POST", "path": "/api/v1/login/access-token", "status_code": 200, "duration": 0.3693, "event": "request_finished", "correlation_id": "ba012ab4-c2f1-4b56-9017-0e78e1d0cbe5", "level": "info", "logger": "app.middleware.RequestLoggingMiddleware", "timestamp": "2026-09-12T10:57:12.858061Z"}
{"event": "HTTP Request: POST http://testserver/api/v1/login/access-token \"HTTP/1.1 200 OK\"", "level": "info", "logger": "httpx", "timestamp": "2026-09-12T10:57:12.858061Z"}
{"method": "GET", "path": "/api/v1/users/me", "client_host": "testclient", "event": "request_started", "correlation_id": "8435aa93-5a1f-4a18-bc23-3ebb235bfa2b", "level": "info", "logger": "app.middleware.RequestLoggingMiddleware", "timestamp": "2026-09-12T10:57:12.858061Z"}
{"method": "GET", "path": "/api/v1/users/me", "status_code": 200, "duration": 0.0089, "event": "request_finished", "correlation_id": "8435aa93-5a1f-4a18-bc23-3ebb235bfa2b", "level": "info", "logger": "app.middleware.RequestLoggingMiddleware", "timestamp": "2026-09-12T10:57:12.866964Z"}
{"event": "HTTP Request: GET http://testserver/api/v1/users/me \"HTTP/1.1 200 OK\"", "level": "info", "logger": "httpx", "timestamp": "2026-09-12T10:57:12.867973Z"}
{"method": "POST", "path": "/api/v1/workspaces/", "client_host": "testclient", "event": "request_started", "correlation_id": "8e6d437f-12f1-40fa-ab19-56facb940707", "level": "info", "logger": "app.middleware.RequestLoggingMiddleware", "timestamp": "2026-09-12T10:57:12.867973Z"}
{"method": "POST", "path": "/api/v1/workspaces/", "status_code": 200, "duration": 0.0069, "event": "request_finished", "correlation_id": "8e6d437f-12f1-40fa-ab19-56facb940707", "level": "info", "logger": "app.middleware.RequestLoggingMiddleware", "timestamp": "2026-09-12T10:57:12.874835Z"}
{"event": "HTTP Request: POST http://testserver/api/v1/workspaces/ \"HTTP/1.1 200 OK\"", "level": "info", "logger": "httpx", "timestamp": "2026-09-12T10:57:12.874835Z"}
{"method": "POST", "path": "/api/v1/projects/", "client_host": "testclient", "event": "request_started", "correlation_id": "d201c622-bcda-4d3e-9980-46bb0aa01504", "level": "info", "logger": "app.middleware.RequestLoggingMiddleware", "timestamp": "2026-09-12T10:57:12.874835Z"}
{"method": "POST", "path": "/api/v1/projects/", "status_code": 200, "duration": 0.009, "event": "request_finished", "correlation_id": "d201c622-bcda-4d3e-9980-46bb0aa01504", "level": "info", "logger": "app.middleware.RequestLoggingMiddleware", "timestamp": "2026-09-12T10:57:12.883829Z"}
{"event": "HTTP Request: POST http://testserver/api/v1/projects/ \"HTTP/1.1 200 OK\"", "level": "info", "logger": "httpx", "timestamp": "2026-09-12T10:57:12.883829Z"}
{"method": "POST", "path": "/api/v1/tasks/", "client_host": "testclient", "event": "request_started", "correlation_id": "87d62971-3e21-4089-b9f4-37f15bdd1f5f", "level": "info", "logger": "app.middleware.RequestLoggingMiddleware", "timestamp": "2026-09-12T10:57:12.883829Z"}
{"event": "Generating task assignment email with context: {'project_name': 'Task Project', 'workspace_name': 'Task Workspace', 'task_title': 'Test Task', 'assignee_name': 'admin@doit.com', 'email': 'admin@doit.com'}", "correlation_id": "87d62971-3e21-4089-b9f4-37f15bdd1f5f", "level": "info", "logger": "app.utils", "timestamp": "2026-09-12T10:57:12.897279Z"}
{"method": "POST", "path": "/api/v1/tasks/", "status_code": 200, "duration": 0.0175, "event": "request_finished", "correlation_id": "87d62971-3e21-4089-b9f4-37f15bdd1f5f", "level": "info", "logger": "app.middleware.RequestLoggingMiddleware", "timestamp": "2026-09-12T10:57:12.901300Z"}
{"event": "Preparing to send email to admin@doit.com", "correlation_id": "87d62971-3e21-4089-b9f4-37f15bdd1f5f", "level": "info", "logger": "app.utils", "timestamp": "2026-09-12T10:57:12.903176Z"}
{"event": "SMTP Config: Host=smtp-relay.brevo.com, Port=587, TLS=True, User=a085a7001@smtp-brevo.com", "correlation_id": "87d62971-3e21-4089-b9f4-37f15bdd1f5f", "level": "info", "logger": "app.utils", "timestamp": "2026-09-12T10:57:12.903176Z"}
{"event": "Connected to SMTP server", "correlation_id": "87d62971-3e21-4089-b9f4-37f15bdd1f5f", "level": "info", "logger": "app.utils", "timestamp": "2026-09-12T10:57:13.999925Z"}
{"event": "Starting TLS", "correlation_id": "87d62971-3e21-4089-b9f4-37f15bdd1f5f", "level": "info", "logger": "app.utils", "timestamp": "2026-09-12T10:57:14.104122Z"}
{"event": "Attempting login", "correlation_id": "87d62971-3e21-4089-b9f4-37f15bdd1f5f", "level": "info", "logger": "app.utils", "timestamp": "2026-09-12T10:57:15.501803Z"}
{"event": "Email sent successfully", "correlation_id": "87d62971-3e21-4089-b9f4-37f15bdd1f5f", "level": "info", "logger": "app.utils", "timestamp": "2026-09-12T10:57:17.677037Z"}
{"event": "HTTP Request: POST http://testserver/api/v1/tasks/ \"HTTP/1.1 200 OK\"", "level": "info", "logger": "httpx", "timestamp": "2026-09-12T10:57:17.988424Z"}
{"method": "POST", "path": "/api/v1/login/access-token", "client_host": "testclient", "event": "request_started", "correlation_id": "239c2183-5662-4f93-8337-6f7b0203630c", "level": "info", "logger": "app.middleware.RequestLoggingMiddleware", "timestamp": "2026-09-12T10:57:18.005607Z"}
{"user_id": "5fa5f688-02f4-44b3-8e9e-8afe23cdf3b0", "family_id": "c6e83e95-5de5-4633-8e83-ad085d60c9c6", "event": "token_pair_issued", "correlation_id": "239c2183-5662-4f93-8337-6f7b0203630c", "level": "info", "logger": "app.services.token_service", "timestamp": "2026-09-12T10:57:18.386723Z"}
{"method": "POST", "path": "/api/v1/login/access-token", "status_code": 200, "duration": 0.3816, "event": "request_finished", "correlation_id": "239c2183-5662-4f93-8337-6f7b0203630c", "level": "info", "logger": "app.middleware.RequestLoggingMiddleware", "timestamp": "2026-09-12T10:57:18.386723Z"}
{"event": "HTTP Request: POST http://testserver/api/v1/login/access-token \"HTTP/1.1 200 OK\"", "level": "info", "logger": "httpx", "timestamp": "2026-09-12T10:57:18.386723Z"}
{"method": "GET", "path": "/api/v1/users/me", "client_host": "testclient", "event": "request_started", "correlation_id": "bc69f4de-58f2-49cb-a283-449ac8040fbe", "level": "info", "logger": "app.middleware.RequestLoggingMiddleware", "timestamp": "2026-09-12T10:57:18.386723Z"}
{"method": "GET", "path": "/api/v1/users/me", "status_code": 200, "duration": 0.0, "event": "request_finished", "correlation_id": "bc69f4de-58f2-49cb-a283-449ac8040fbe", "level": "info", "logger": "app.middleware.RequestLoggingMiddleware", "timestamp": "2026-09-12T10:57:18.386723Z"}
{"event": "HTTP Request: GET http://testserver/api/v1/users/me \"HTTP/1.1 200 OK\"", "level": "info", "logger": "httpx", "timestamp": "2026-09-12T10:57:18.386723Z"}
{"method": "POST", "path": "/api/v1/workspaces/", "client_host": "testclient", "event": "request_started", "correlation_id": "00ff9987-bcdd-4866-81ff-16e6ef34f775", "level": "info", "logger": "app.middleware.RequestLoggingMiddleware", "timestamp": "2026-09-12T10:57:18.386723Z"}
{"method": "POST", "path": "/api/v1/workspaces/", "status_code": 200, "duration": 0.0163, "event": "request_finished", "correlation_id": "00ff9987-bcdd-4866-81ff-16e6ef34f775", "level": "info", "logger": "app.middleware.RequestLoggingMiddleware", "timestamp": "2026-09-12T10:57:18.402977Z"}
{"event": "HTTP Request: POST http://testserver/api/v1/workspaces/ \"HTTP/1.1 200 OK\"", "level": "info", "logger": "httpx", "timestamp": "2026-09-12T10:57:18.403505Z"}
{"method": "POST", "path": "/api/v1/projects/", "client_host": "testclient", "event": "request_started", "correlation_id": "69b9531b-7ed5-4610-979f-d37598b4fa85", "level": "info", "logger": "app.middleware.RequestLoggingMiddleware", "timestamp": "2026-09-12T10:57:18.403505Z"}
{"method": "POST", "path": "/api/v1/projects/", "status_code": 200, "duration": 0.0, "event": "request_finished", "correlation_id": "69b9531b-7ed5-4610-979f-d37598b4fa85", "level": "info", "logger": "app.middleware.RequestLoggingMiddleware", "timestamp": "2026-09-12T10:57:18.403505Z"}
{"event": "HTTP Request: POST http://testserver/api/v1/projects/ \"HTTP/1.1 200 OK\"", "level": "info", "logger": "httpx", "timestamp": "2026-09-12T10:57:18.403505Z"}
{"method": "POST", "path": "/api/v1/tasks/", "client_host": "testclient", "event": "request_started", "correlation_id": "82ea7022-0efb-482d-879f-c44c52e3d977", "level": "info", "logger": "app.middleware.RequestLoggingMiddleware", "timestamp": "2026-09-12T10:57:18.403505Z"}
{"event": "Generating task assignment email with context: {'project_name': 'Task Project', 'workspace_name': 'Task Workspace', 'task_title': 'Read Task', 'assignee_name': 'admin@doit.com', 'email': 'admin@doit.com'}", "correlation_id": "82ea7022-0efb-482d-879f-c44c52e3d977", "level": "info", "logger": "app.utils", "timestamp": "2026-09-12T10:57:18.420276Z"}
{"method": "POST", "path": "/api/v1/tasks/", "status_code": 200, "duration": 0.0168, "event": "request_finished", "correlation_id": "82ea7022-0efb-482d-879f-c44c52e3d977", "level": "info", "logger": "app.middleware.RequestLoggingMiddleware", "timestamp": "2026-09-12T10:57:18.420276Z"}
{"event": "Preparing to send email to admin@doit.com", "correlation_id": "82ea7022-0efb-482d-879f-c44c52e3d977", "level": "info", "logger": "app.utils", "timestamp": "2026-09-12T10:57:18.420276Z"}
{"event": "SMTP Config: Host=smtp-relay.brevo.com, Port=587, TLS=True, User=a085a7001@smtp-brevo.com", "correlation_id": "82ea7022-0efb-482d-879f-c44c52e3d977", "level": "info", "logger": "app.utils", "timestamp": "2026-09-12T10:57:18.420276Z"}
{"event": "Connected to SMTP server", "correlation_id": "82ea7022-0efb-482d-879f-c44c52e3d977", "level": "info", "logger": "app.utils", "timestamp": "2026-09-12T10:57:18.803883Z"}
{"event": "Starting TLS", "correlation_id": "82ea7022-0efb-482d-879f-c44c52e3d977", "level": "info", "logger": "app.utils", "timestamp": "2026-09-12T10:57:19.020278Z"}
{"event": "Attempting login", "correlation_id": "82ea7022-0efb-482d-879f-c44c52e3d977", "level": "info", "logger": "app.utils", "timestamp": "2026-09-12T10:57:20.137144Z"}
{"event": "Email sent successfully", "correlation_id": "82ea7022-0efb-482d-879f-c44c52e3d977", "level": "info", "logger": "app.utils", "timestamp": "2026-09-12T10:57:23.305594Z"}
{"event": "HTTP Request: POST http://testserver/api/v1/tasks/ \"HTTP/1.1 200 OK\"", "level": "info", "logger": "httpx", "timestamp": "2026-09-12T10:57:23.722856Z"}
{"method": "GET", "path": "/api/v1/tasks/", "client_host": "testclient", "event": "request_started", "correlation_id": "52e06c13-48f9-4dd9-9e1d-fcf8df7bde6a", "level": "info", "logger": "app.middleware.RequestLoggingMiddleware", "timestamp": "2026-09-12T10:57:23.730501Z"}
{"method": "GET", "path": "/api/v1/tasks/", "status_code": 200, "duration": 0.0066, "event": "request_finished", "correlation_id": "52e06c13-48f9-4dd9-9e1d-fcf8df7bde6a", "level": "info", "logger": "app.middleware.RequestLoggingMiddleware", "timestamp": "2026-09-12T10:57:23.737058Z"}
{"event": "HTTP Request: GET http://testserver/api/v1/tasks/?project_id=53b0a123-ed20-41c5-9bb0-1927de581604 \"HTTP/1.1 200 OK\"", "level": "info", "logger": "httpx", "timestamp": "2026-09-12T10:57:23.737058Z"}
{"method": "POST", "path": "/api/v1/login/access-token", "client_host": "testclient", "event": "request_started", "correlation_id": "03df565f-0d6c-49ad-8fd8-d7d6e141a432", "level": "info", "logger": "app.middleware.RequestLoggingMiddleware", "timestamp": "2026-09-12T10:57:23.752953Z"}
{"user_id": "5fa5f688-02f4-44b3-8e9e-8afe23cdf3b0", "family_id": "00830fa6-a2d9-466c-91a5-c1775c3eb712", "event": "token_pair_issued", "correlation_id": "03df565f-0d6c-49ad-8fd8-d7d6e141a432", "level": "info", "logger": "app.services.token_service", "timestamp": "2026-09-12T10:57:24.130077Z"}
{"method": "POST", "path": "/api/v1/login/access-token", "status_code": 200, "duration": 0.3776, "event": "request_finished", "correlation_id": "03df565f-0d6c-49ad-8fd8-d7d6e141a432", "level": "info", "logger": "app.middleware.RequestLoggingMiddleware", "timestamp": "2026-09-12T10:57:24.130077Z"}
{"event": "HTTP Request: POST http://testserver/api/v1/login/access-token \"HTTP/1.1 200 OK\"", "level": "info", "logger": "httpx", "timestamp": "2026-09-12T10:57:24.130077Z"}
{"method": "GET", "path": "/api/v1/users/me", "client_host": "testclient", "event": "request_started", "correlation_id": "04ba3383-a843-492b-ace4-6f7ae0f082ce", "level": "info", "logger": "app.middleware.RequestLoggingMiddleware", "timestamp": "2026-09-12T10:57:24.136280Z"}
{"method": "GET", "path": "/api/v1/users/me", "status_code": 200, "duration": 0.0007, "event": "request_finished", "correlation_id": "04ba3383-a843-492b-ace4-6f7ae0f082ce", "level": "info", "logger": "app.middleware.RequestLoggingMiddleware", "timestamp": "2026-09-12T10:57:24.136985Z"}
{"event": "HTTP Request: GET http://testserver/api/v1/users/me \"HTTP/1.1 200 OK\"", "level": "info", "logger": "httpx", "timestamp": "2026-09-12T10:57:24.136985Z"}
{"method": "POST", "path": "/api/v1/workspaces/", "client_host": "testclient", "event": "request_started", "correlation_id": "f84ab02d-4295-4b8c-9483-e2256447cbd8", "level": "info", "logger": "app.middleware.RequestLoggingMiddleware", "timestamp": "2026-09-12T10:57:24.136985Z"}
{"method": "POST", "path": "/api/v1/workspaces/", "status_code": 200, "duration": 0.0692, "event": "request_finished", "correlation_id": "f84ab02d-4295-4b8c-9483-e2256447cbd8", "level": "info", "logger": "app.middleware.RequestLoggingMiddleware", "timestamp": "2026-09-12T10:57:24.206235Z"}
{"event": "HTTP Request: POST http://testserver/api/v1/workspaces/ \"HTTP/1.1 200 OK\"", "level": "info", "logger": "httpx", "timestamp": "2026-09-12T10:57:24.206235Z"}
{"method": "POST", "path": "/api/v1/projects/", "client_host": "testclient", "event": "request_started", "correlation_id": "629c527d-4656-4c4a-ac86-211a9f014d54", "level": "info", "logger": "app.middleware.RequestLoggingMiddleware", "timestamp": "2026-09-12T10:57:24.206235Z"}
{"method": "POST", "path": "/api/v1/projects/", "status_code": 200, "duration": 0.0266, "event": "request_finished", "correlation_id": "629c527d-4656-4c4a-ac86-211a9f014d54", "level": "info", "logger": "app.middleware.RequestLoggingMiddleware", "timestamp": "2026-09-12T10:57:24.232839Z"}
{"event": "HTTP Request: POST http://testserver/api/v1/projects/ \"HTTP/1.1 200 OK\"", "level": "info", "logger": "httpx", "timestamp": "2026-09-12T10:57:24.233980Z"}
{"method": "POST", "path": "/api/v1/tasks/", "client_host": "testclient", "event": "request_started", "correlation_id": "9fe164ba-1c62-4b45-b2d3-98e1b389c3b5", "level": "info", "logger": "app.middleware.RequestLoggingMiddleware", "timestamp": "2026-09-12T10:57:24.235996Z"}
{"event": "Generating task assignment email with context: {'project_name': 'Task Project', 'workspace_name': 'Task Workspace', 'task_title': 'Status Task', 'assignee_name': 'admin@doit.com', 'email': 'admin@doit.com'}", "correlation_id": "9fe164ba-1c62-4b45-b2d3-98e1b389c3b5", "level": "info", "logger": "app.utils", "timestamp": "2026-09-12T10:57:24.244218Z"}
{"method": "POST", "path": "/api/v1/tasks/", "status_code": 200, "duration": 0.0162, "event": "request_finished", "correlation_id": "9fe164ba-1c62-4b45-b2d3-98e1b389c3b5", "level": "info", "logger": "app.middleware.RequestLoggingMiddleware", "timestamp": "2026-09-12T10:57:24.252786Z"}
{"event": "Preparing to send email to admin@doit.com", "correlation_id": "9fe164ba-1c62-4b45-b2d3-98e1b389c3b5", "level": "info", "logger": "app.utils", "timestamp": "2026-09-12T10:57:24.254126Z"}
{"event": "SMTP Config: Host=smtp-relay.brevo.com, Port=587, TLS=True, User=a085a7001@smtp-brevo.com", "correlation_id": "9fe164ba-1c62-4b45-b2d3-98e1b389c3b5", "level": "info", "logger": "app.utils", "timestamp": "2026-09-12T10:57:24.254126Z"}
{"event": "Connected to SMTP server", "correlation_id": "9fe164ba-1c62-4b45-b2d3-98e1b389c3b5", "level": "info", "logger": "app.utils", "timestamp": "2026-09-12T10:57:25.566320Z"}
{"event": "Starting TLS", "correlation_id": "9fe164ba-1c62-4b45-b2d3-98e1b389c3b5", "level": "info", "logger": "app.utils", "timestamp": "2026-09-12T10:57:26.386832Z"}
{"event": "Attempting login", "correlation_id": "9fe164ba-1c62-4b45-b2d3-98e1b389c3b5", "level": "info", "logger": "app.utils", "timestamp": "2026-09-12T10:57:30.386962Z"}
{"event": "Email sent successfully", "correlation_id": "9fe164ba-1c62-4b45-b2d3-98e1b389c3b5", "level": "info", "logger": "app.utils", "timestamp": "2026-09-12T10:57:33.440177Z"}
{"event": "HTTP Request: POST http://testserver/api/v1/tasks/ \"HTTP/1.1 200 OK\"", "level": "info", "logger": "httpx", "timestamp": "2026-09-12T10:57:33.854645Z"}
{"method": "PUT", "path": "/api/v1/tasks/fe37d5ab-58ab-4918-b9a1-cfa7b484b0be", "client_host": "testclient", "event": "request_started", "correlation_id": "ccc9a4c2-f963-4058-a3df-f1d54feddbaf", "level": "info", "logger": "app.middleware.RequestLoggingMiddleware", "timestamp": "2026-09-12T10:57:33.854645Z"}
{"method": "PUT", "path": "/api/v1/tasks/fe37d5ab-58ab-4918-b9a1-cfa7b484b0be", "status_code": 200, "duration": 0.0201, "event": "request_finished", "correlation_id": "ccc9a4c2-f963-4058-a3df-f1d54feddbaf", "level": "info", "logger": "app.middleware.RequestLoggingMiddleware", "timestamp": "2026-09-12T10:57:33.874766Z"}
{"event": "HTTP Request: PUT http://testserver/api/v1/tasks/fe37d5ab-58ab-4918-b9a1-cfa7b484b0be \"HTTP/1.1 200 OK\"", "level": "info", "logger": "httpx", "timestamp": "2026-09-12T10:57:33.876778Z"}
{"method": "POST", "path": "/api/v1/login/access-token", "client_host": "testclient", "event": "request_started", "correlation_id": "edf37101-7944-47ff-bd87-8785a5976a85", "level": "info", "logger": "app.middleware.RequestLoggingMiddleware", "timestamp": "2026-09-12T10:57:33.887972Z"}
{"user_id": "5fa5f688-02f4-44b3-8e9e-8afe23cdf3b0", "family_id": "983095d4-ddd0-4c60-866f-179ad2657404", "event": "token_pair_issued", "correlation_id": "edf37101-7944-47ff-bd87-8785a5976a85", "level": "info", "logger": "app.services.token_service", "timestamp": "2026-09-12T10:57:34.279936Z"}
{"method": "POST", "path": "/api/v1/login/access-token", "status_code": 200, "duration": 0.392, "event": "request_finished", "correlation_id": "edf37101-7944-47ff-bd87-8785a5976a85", "level": "info", "logger": "app.middleware.RequestLoggingMiddleware", "timestamp": "2026-09-12T10:57:34.279936Z"}
{"event": "HTTP Request: POST http://testserver/api/v1/login/access-token \"HTTP/1.1 200 OK\"", "level": "info", "logger": "httpx", "timestamp": "2026-09-12T10:57:34.281572Z"}
{"method": "GET", "path": "/api/v1/users/me", "client_host": "testclient", "event": "request_started", "correlation_id": "32c911d4-bf2e-4790-97d8-827fd63a8a56", "level": "info", "logger": "app.middleware.RequestLoggingMiddleware", "timestamp": "2026-09-12T10:57:34.283202Z"}
{"method": "GET", "path": "/api/v1/users/me", "status_code": 200, "duration": 0.0043, "event": "request_finished", "correlation_id": "32c911d4-bf2e-4790-97d8-827fd63a8a56", "level": "info", "logger": "app.middleware.RequestLoggingMiddleware", "timestamp": "2026-09-12T10:57:34.287547Z"}
{"event": "HTTP Request: GET http://testserver/api/v1/users/me \"HTTP/1.1 200 OK\"", "level": "info", "logger": "httpx", "timestamp": "2026-09-12T10:57:34.287547Z"}
{"method": "POST", "path": "/api/v1/workspaces/", "client_host": "testclient", "event": "request_started", "correlation_id": "91aa67eb-ccd9-4e3d-80f3-a71a56ba4baf", "level": "info", "logger": "app.middleware.RequestLoggingMiddleware", "timestamp": "2026-09-12T10:57:34.289106Z"}
{"method": "POST", "path": "/api/v1/workspaces/", "status_code": 200, "duration": 0.0064, "event": "request_finished", "correlation_id": "91aa67eb-ccd9-4e3d-80f3-a71a56ba4baf", "level": "info", "logger": "app.middleware.RequestLoggingMiddleware", "timestamp": "2026-09-12T10:57:34.295496Z"}
{"event": "HTTP Request: POST http://testserver/api/v1/workspaces/ \"HTTP/1.1 200 OK\"", "level": "info", "logger": "httpx", "timestamp": "2026-09-12T10:57:34.295496Z"}
{"method": "POST", "path": "/api/v1/projects/", "client_host": "testclient", "event": "request_started", "correlation_id": "9774ded9-4715-4eb5-a847-b44ce55dc108", "level": "info", "logger": "app.middleware.RequestLoggingMiddleware", "timestamp": "2026-09-12T10:57:34.297110Z"}
{"method": "POST", "path": "/api/v1/projects/", "status_code": 200, "duration": 0.0061, "event": "request_finished", "correlation_id": "9774ded9-4715-4eb5-a847-b44ce55dc108", "level": "info", "logger": "app.middleware.RequestLoggingMiddleware", "timestamp": "2026-09-12T10:57:34.303259Z"}
{"event": "HTTP Request: POST http://testserver/api/v1/projects/ \"HTTP/1.1 200 OK\"", "level": "info", "logger": "httpx", "timestamp": "2026-09-12T10:57:34.303259Z"}
{"method": "POST", "path": "/api/v1/tasks/", "client_host": "testclient", "event": "request_started", "correlation_id": "9e2c9c3f-c11a-41ae-931d-2d4deb4d96be", "level": "info", "logger": "app.middleware.RequestLoggingMiddleware", "timestamp": "2026-09-12T10:57:34.304807Z"}
{"event": "Generating task assignment email with context: {'project_name': 'Task Project', 'workspace_name': 'Task Workspace', 'task_title': 'Delete Task', 'assignee_name': 'admin@doit.com', 'email': 'admin@doit.com'}", "correlation_id": "9e2c9c3f-c11a-41ae-931d-2d4deb4d96be", "level": "info", "logger": "app.utils", "timestamp": "2026-09-12T10:57:34.306832Z"}
{"method": "POST", "path": "/api/v1/tasks/", "status_code": 200, "duration": 0.0098, "event": "request_finished", "correlation_id": "9e2c9c3f-c11a-41ae-931d-2d4deb4d96be", "level": "info", "logger": "app.middleware.RequestLoggingMiddleware", "timestamp": "2026-09-12T10:57:34.314626Z"}
{"event": "Preparing to send email to admin@doit.com", "correlation_id": "9e2c9c3f-c11a-41ae-931d-2d4deb4d96be", "level": "info", "logger": "app.utils", "timestamp": "2026-09-12T10:57:34.314626Z"}
{"event": "SMTP Config: Host=smtp-relay.brevo.com, Port=587, TLS=True, User=a085a7001@smtp-brevo.com", "correlation_id": "9e2c9c3f-c11a-41ae-931d-2d4deb4d96be", "level": "info", "logger": "app.utils", "timestamp": "2026-09-12T10:57:34.314626Z"}
{"event": "Connected to SMTP server", "correlation_id": "9e2c9c3f-c11a-41ae-931d-2d4deb4d96be", "level": "info", "logger": "app.utils", "timestamp": "2026-09-12T10:57:35.160962Z"}
{"event": "Starting TLS", "correlation_id": "9e2c9c3f-c11a-41ae-931d-2d4deb4d96be", "level": "info", "logger": "app.utils", "timestamp": "2026-09-12T10:57:35.500038Z"}
{"event": "Attempting login", "correlation_id": "9e2c9c3f-c11a-41ae-931d-2d4deb4d96be", "level": "info", "logger": "app.utils", "timestamp": "2026-09-12T10:57:37.032833Z"}
{"event": "Email sent successfully", "correlation_id": "9e2c9c3f-c11a-41ae-931d-2d4deb4d96be", "level": "info", "logger": "app.utils", "timestamp": "2026-09-12T10:57:39.284277Z"}
{"event": "HTTP Request: POST http://testserver/api/v1/tasks/ \"HTTP/1.1 200 OK\"", "level": "info", "logger": "httpx", "timestamp": "2026-09-12T10:57:39.592617Z"}
{"method": "DELETE", "path": "/api/v1/tasks/afbe18dc-fc8f-49b0-859f-5d157efb8c35", "client_host": "testclient", "event": "request_started", "correlation_id": "6d90a73b-358c-4389-8bb4-cf9b1f709821", "level": "info", "logger": "app.middleware.RequestLoggingMiddleware", "timestamp": "2026-09-12T10:57:39.592617Z"}
{"method": "DELETE", "path": "/api/v1/tasks/afbe18dc-fc8f-49b0-859f-5d157efb8c35", "status_code": 200, "duration": 0.0106, "event": "request_finished", "correlation_id": "6d90a73b-358c-4389-8bb4-cf9b1f709821", "level": "info", "logger": "app.middleware.RequestLoggingMiddleware", "timestamp": "2026-09-12T10:57:39.603196Z"}
{"event": "HTTP Request: DELETE http://testserver/api/v1/tasks/afbe18dc-fc8f-49b0-859f-5d157efb8c35 \"HTTP/1.1 200 OK\"", "level": "info", "logger": "httpx", "timestamp": "2026-09-12T10:57:39.603196Z"}
{"method": "GET", "path": "/api/v1/tasks/afbe18dc-fc8f-49b0-859f-5d157efb8c35", "client_host": "testclient", "event": "request_started", "correlation_id": "07c82ca2-27b2-4d2b-bbee-049bf0132538", "level": "info", "logger": "app.middleware.RequestLoggingMiddleware", "timestamp": "2026-09-12T10:57:39.603196Z"}
{"method": "GET", "path": "/api/v1/tasks/afbe18dc-fc8f-49b0-859f-5d157efb8c35", "status_code": 404, "duration": 0.0167, "event": "request_finished", "correlation_id": "07c82ca2-27b2-4d2b-bbee-049bf0132538", "level": "info", "logger": "app.middleware.RequestLoggingMiddleware", "timestamp": "2026-09-12T10:57:39.619930Z"}
{"event": "HTTP Request: GET http://testserver/api/v1/tasks/afbe18dc-fc8f-49b0-859f-5d157efb8c35 \"HTTP/1.1 404 Not Found\"", "level": "info", "logger": "httpx", "timestamp": "2026-09-12T10:57:39.619930Z"}
{"method": "POST", "path": "/api/v1/login/access-token", "client_host": "testclient", "event": "request_started", "correlation_id": "7c14eb0c-ebf9-4046-99ce-fbb7cd13cd98", "level": "info", "logger": "app.middleware.RequestLoggingMiddleware", "timestamp": "2026-09-12T10:57:39.635324Z"}
{"user_id": "5fa5f688-02f4-44b3-8e9e-8afe23cdf3b0", "family_id": "a8a938dc-ddd7-4314-90ba-526cdcc420b9", "event": "token_pair_issued", "correlation_id": "7c14eb0c-ebf9-4046-99ce-fbb7cd13cd98", "level": "info", "logger": "app.services.token_service", "timestamp": "2026-09-12T10:57:40.083076Z"}
{"method": "POST", "path": "/api/v1/login/access-token", "status_code": 200, "duration": 0.4478, "event": "request_finished", "correlation_id": "7c14eb0c-ebf9-4046-99ce-fbb7cd13cd98", "level": "info", "logger": "app.middleware.RequestLoggingMiddleware", "timestamp": "2026-09-12T10:57:40.083076Z"}
{"event": "HTTP Request: POST http://testserver/api/v1/login/access-token \"HTTP/1.1 200 OK\"", "level": "info", "logger": "httpx", "timestamp": "2026-09-12T10:57:40.083076Z"}
{"method": "GET", "path": "/api/v1/users/me", "client_host": "testclient", "event": "request_started", "correlation_id": "a028c4eb-3267-4f77-93b1-4b94b9f20c1d", "level": "info", "logger": "app.middleware.RequestLoggingMiddleware", "timestamp": "2026-09-12T10:57:40.086424Z"}
{"method": "GET", "path": "/api/v1/users/me", "status_code": 200, "duration": 0.005, "event": "request_finished", "correlation_id": "a028c4eb-3267-4f77-93b1-4b94b9f20c1d", "level": "info", "logger": "app.middleware.RequestLoggingMiddleware", "timestamp": "2026-09-12T10:57:40.091399Z"}
{"event": "HTTP Request: GET http://testserver/api/v1/users/me \"HTTP/1.1 200 OK\"", "level": "info", "logger": "httpx", "timestamp": "2026-09-12T10:57:40.091399Z"}
{"method": "POST", "path": "/api/v1/login/access-token", "client_host": "testclient", "event": "request_started", "correlation_id": "814594e9-b0d6-46d6-a003-3568318500b2", "level": "info", "logger": "app.middleware.RequestLoggingMiddleware", "timestamp": "2026-09-12T10:57:40.479127Z"}
{"user_id": "28b115dd-daf0-445a-82ce-1a91fa63c932", "family_id": "2d0900d7-1d85-4caf-b402-0fcb0ac1a1ee", "event": "token_pair_issued", "correlation_id": "814594e9-b0d6-46d6-a003-3568318500b2", "level": "info", "logger": "app.services.token_service", "timestamp": "2026-09-12T10:57:40.860329Z"}
{"method": "POST", "path": "/api/v1/login/access-token", "status_code": 200, "duration": 0.3812, "event": "request_finished", "correlation_id": "814594e9-b0d6-46d6-a003-3568318500b2", "level": "info", "logger": "app.middleware.RequestLoggingMiddleware", "timestamp": "2026-09-12T10:57:40.860329Z"}
{"event": "HTTP Request: POST http://testserver/api/v1/login/access-token \"HTTP/1.1 200 OK\"", "level": "info", "logger": "httpx", "timestamp": "2026-09-12T10:57:40.860329Z"}
{"method": "GET", "path": "/api/v1/users/me", "client_host": "testclient", "event": "request_started", "correlation_id": "ffb5465c-6001-436e-88da-23ae273d9e28", "level": "info", "logger": "app.middleware.RequestLoggingMiddleware", "timestamp": "2026-09-12T10:57:40.860329Z"}
{"method": "GET", "path": "/api/v1/users/me", "status_code": 200, "duration": 0.0, "event": "request_finished", "correlation_id": "ffb5465c-6001-436e-88da-23ae273d9e28", "level": "info", "logger": "app.middleware.RequestLoggingMiddleware", "timestamp": "2026-09-12T10:57:40.860329Z"}
{"event": "HTTP Request: GET http://testserver/api/v1/users/me \"HTTP/1.1 200 OK\"", "level": "info", "logger": "httpx", "timestamp": "2026-09-12T10:57:40.868775Z"}
{"method": "POST", "path": "/api/v1/login/access-token", "client_host": "testclient", "event": "request_started", "correlation_id": "3fc060a9-72b7-4c4c-ae92-da3c8d28a9f5", "level": "info", "logger": "app.middleware.RequestLoggingMiddleware", "timestamp": "2026-09-12T10:57:40.878292Z"}
{"user_id": "5fa5f688-02f4-44b3-8e9e-8afe23cdf3b0", "family_id": "8382f714-d9b7-49d4-81af-de63c20c48fc", "event": "token_pair_issued", "correlation_id": "3fc060a9-72b7-4c4c-ae92-da3c8d28a9f5", "level": "info", "logger": "app.services.token_service", "timestamp": "2026-09-12T10:57:41.252929Z"}
{"method": "POST", "path": "/api/v1/login/access-token", "status_code": 200, "duration": 0.3746, "event": "request_finished", "correlation_id": "3fc060a9-72b7-4c4c-ae92-da3c8d28a9f5", "level": "info", "logger": "app.middleware.RequestLoggingMiddleware", "timestamp": "2026-09-12T10:57:41.252929Z"}
{"event": "HTTP Request: POST http://testserver/api/v1/login/access-token \"HTTP/1.1 200 OK\"", "level": "info", "logger": "httpx", "timestamp": "2026-09-12T10:57:41.252929Z"}
{"method": "POST", "path": "/api/v1/users/", "client_host": "testclient", "event": "request_started", "correlation_id": "a5e4f01b-b9cb-4dc8-a7c2-bcebc2c5a6c0", "level": "info", "logger": "app.middleware.RequestLoggingMiddleware", "timestamp": "2026-09-12T10:57:41.252929Z"}
{"event": "Preparing to send email to nlusimmaynymqdnddycazqkydgoyvgvw@saktadmdmoerrbgmtrideqiwdgjkjqyq.com", "correlation_id": "a5e4f01b-b9cb-4dc8-a7c2-bcebc2c5a6c0", "level": "info", "logger": "app.utils", "timestamp": "2026-09-12T10:57:41.650615Z"}
{"event": "SMTP Config: Host=smtp.example.com, Port=587, TLS=True, User=admin@example.com", "correlation_id": "a5e4f01b-b9cb-4dc8-a7c2-bcebc2c5a6c0", "level": "info", "logger": "app.utils", "timestamp": "2026-09-12T10:57:41.650615Z"}
{"event": "Failed to send email: [Errno 11001] getaddrinfo failed", "correlation_id": "a5e4f01b-b9cb-4dc8-a7c2-bcebc2c5a6c0", "level": "error", "logger": "app.utils", "timestamp": "2026-09-12T10:57:41.755078Z"}
{"event": "Traceback (most recent call last):\n  File \"C:\\Users\\kiran\\Desktop\\doit-prod\\backend\\app\\utils.py\", line 74, in send_email\n    with smtplib.SMTP(settings.SMTP_HOST, settings.SMTP_PORT) as server:\n         ^^^^^^^^^^^^^^^^^^^^^^^^^^^^^^^^^^^^^^^^^^^^^^^^^^^^\n  File \"C:\\Users\\kiran\\AppData\\Roaming\\uv\\python\\cpython-3.12.12-windows-x86_64-none\\Lib\\smtplib.py\", line 255, in __init__\n    (code, msg) = self.connect(host, port)\n                  ^^^^^^^^^^^^^^^^^^^^^^^^\n  File \"C:\\Users\\kiran\\AppData\\Roaming\\uv\\python\\cpython-3.12.12-windows-x86_64-none\\Lib\\smtplib.py\", line 341, in connect\n    self.sock = self._get_socket(host, port, self.timeout)\n                ^^^^^^^^^^^^^^^^^^^^^^^^^^^^^^^^^^^^^^^^^^\n  File \"C:\\Users\\kiran\\AppData\\Roaming\\uv\\python\\cpython-3.12.12-windows-x86_64-none\\Lib\\smtplib.py\", line 312, in _get_socket\n    return socket.create_connection((host, port), timeout,\n           ^^^^^^^^^^^^^^^^^^^^^^^^^^^^^^^^^^^^^^^^^^^^^^^\n  File \"C:\\Users\\kiran\\AppData\\Roaming\\uv\\python\\cpython-3.12.12-windows-x86_64-none\\Lib\\socket.py\", line 841, in create_connection\n    for res in getaddrinfo(host, port, 0, SOCK_STREAM):\n               ^^^^^^^^^^^^^^^^^^^^^^^^^^^^^^^^^^^^^^^\n  File \"C:\\Users\\kiran\\AppData\\Roaming\\uv\\python\\cpython-3.12.12-windows-x86_64-none\\Lib\\socket.py\", line 978, in getaddrinfo\n    for res in _socket.getaddrinfo(host, port, family, type, proto, flags):\n               ^^^^^^^^^^^^^^^^^^^^^^^^^^^^^^^^^^^^^^^^^^^^^^^^^^^^^^^^^^^\nsocket.gaierror: [Errno 11001] getaddrinfo failed\n", "correlation_id": "a5e4f01b-b9cb-4dc8-a7c2-bcebc2c5a6c0", "level": "error", "logger": "app.utils", "timestamp": "2026-09-12T10:57:41.757092Z"}
{"method": "POST", "path": "/api/v1/users/", "status_code": 200, "duration": 0.5062, "event": "request_finished", "correlation_id": "a5e4f01b-b9cb-4dc8-a7c2-bcebc2c5a6c0", "level": "info", "logger": "app.middleware.RequestLoggingMiddleware", "timestamp": "2026-09-12T10:57:41.759107Z"}
{"event": "HTTP Request: POST http://testserver/api/v1/users/ \"HTTP/1.1 200 OK\"", "level": "info", "logger": "httpx", "timestamp": "2026-09-12T10:57:41.760623Z"}
{"method": "POST", "path": "/api/v1/login/access-token", "client_host": "testclient", "event": "request_started", "correlation_id": "e21bb34c-56ee-4d64-abd3-4d12b5179ff4", "level": "info", "logger": "app.middleware.RequestLoggingMiddleware", "timestamp": "2026-09-12T10:57:41.770524Z"}
{"user_id": "5fa5f688-02f4-44b3-8e9e-8afe23cdf3b0", "family_id": "270d5ad9-27fc-4af9-8489-c69019a5b040", "event": "token_pair_issued", "correlation_id": "e21bb34c-56ee-4d64-abd3-4d12b5179ff4", "level": "info", "logger": "app.services.token_service", "timestamp": "2026-09-12T10:57:42.140992Z"}
{"method": "POST", "path": "/api/v1/login/access-token", "status_code": 200, "duration": 0.3705, "event": "request_finished", "correlation_id": "e21bb34c-56ee-4d64-abd3-4d12b5179ff4", "level": "info", "logger": "app.middleware.RequestLoggingMiddleware", "timestamp": "2026-09-12T10:57:42.140992Z"}
{"event": "HTTP Request: POST http://testserver/api/v1/login/access-token \"HTTP/1.1 200 OK\"", "level": "info", "logger": "httpx", "timestamp": "2026-09-12T10:57:42.140992Z"}
{"method": "GET", "path": "/api/v1/users/8f361728-d3b3-458b-8278-c530acd646fe", "client_host": "testclient", "event": "request_started", "correlation_id": "1253165c-6c43-4325-9257-192baa7a194f", "level": "info", "logger": "app.middleware.RequestLoggingMiddleware", "timestamp": "2026-09-12T10:57:42.519350Z"}
{"method": "GET", "path": "/api/v1/users/8f361728-d3b3-458b-8278-c530acd646fe", "status_code": 200, "duration": 0.002, "event": "request_finished", "correlation_id": "1253165c-6c43-4325-9257-192baa7a194f", "level": "info", "logger": "app.middleware.RequestLoggingMiddleware", "timestamp": "2026-09-12T10:57:42.521397Z"}
{"event": "HTTP Request: GET http://testserver/api/v1/users/8f361728-d3b3-458b-8278-c530acd646fe \"HTTP/1.1 200 OK\"", "level": "info", "logger": "httpx", "timestamp": "2026-09-12T10:57:42.521397Z"}
{"method": "POST", "path": "/api/v1/login/access-token", "client_host": "testclient", "event": "request_started", "correlation_id": "a8b44671-3192-436a-ba48-70f4e15a6f64", "level": "info", "logger": "app.middleware.RequestLoggingMiddleware", "timestamp": "2026-09-12T10:57:42.906745Z"}
{"user_id": "ac0e7615-ba9d-4736-8672-d291c2c6138a", "family_id": "654f5a40-dc22-4854-8e67-a3cda0a6f1c6", "event": "token_pair_issued", "correlation_id": "a8b44671-3192-436a-ba48-70f4e15a6f64", "level": "info", "logger": "app.services.token_service", "timestamp": "2026-09-12T10:57:43.273259Z"}
{"method": "POST", "path": "/api/v1/login/access-token", "status_code": 200, "duration": 0.3792, "event": "request_finished", "correlation_id": "a8b44671-3192-436a-ba48-70f4e15a6f64", "level": "info", "logger": "app.middleware.RequestLoggingMiddleware", "timestamp": "2026-09-12T10:57:43.285952Z"}
{"event": "HTTP Request: POST http://testserver/api/v1/login/access-token \"HTTP/1.1 200 OK\"", "level": "info", "logger": "httpx", "timestamp": "2026-09-12T10:57:43.285952Z"}
{"method": "GET", "path": "/api/v1/users/ac0e7615-ba9d-4736-8672-d291c2c6138a", "client_host": "testclient", "event": "request_started", "correlation_id": "b5a409b9-da1f-4e31-a8df-03c39b75ba6c", "level": "info", "logger": "app.middleware.RequestLoggingMiddleware", "timestamp": "2026-09-12T10:57:43.287834Z"}
{"method": "GET", "path": "/api/v1/users/ac0e7615-ba9d-4736-8672-d291c2c6138a", "status_code": 200, "duration": 0.0, "event": "request_finished", "correlation_id": "b5a409b9-da1f-4e31-a8df-03c39b75ba6c", "level": "info", "logger": "app.middleware.RequestLoggingMiddleware", "timestamp": "2026-09-12T10:57:43.287834Z"}
{"event": "HTTP Request: GET http://testserver/api/v1/users/ac0e7615-ba9d-4736-8672-d291c2c6138a \"HTTP/1.1 200 OK\"", "level": "info", "logger": "httpx", "timestamp": "2026-09-12T10:57:43.287834Z"}
{"method": "POST", "path": "/api/v1/login/access-token", "client_host": "testclient", "event": "request_started", "correlation_id": "c8660bad-7d26-465a-b76c-df7c86adb0b1", "level": "info", "logger": "app.middleware.RequestLoggingMiddleware", "timestamp": "2026-09-12T10:57:43.668590Z"}
{"user_id": "6c2eb2c2-9c2b-4289-9f35-0658bf677c26", "family_id": "49a70509-6c96-45b4-88a1-d99099d6c2f3", "event": "token_pair_issued", "correlation_id": "c8660bad-7d26-465a-b76c-df7c86adb0b1", "level": "info", "logger": "app.services.token_service", "timestamp": "2026-09-12T10:57:44.036215Z"}
{"method": "POST", "path": "/api/v1/login/access-token", "status_code": 200, "duration": 0.3676, "event": "request_finished", "correlation_id": "c8660bad-7d26-465a-b76c-df7c86adb0b1", "level": "info", "logger": "app.middleware.RequestLoggingMiddleware", "timestamp": "2026-09-12T10:57:44.036215Z"}
{"event": "HTTP Request: POST http://testserver/api/v1/login/access-token \"HTTP/1.1 200 OK\"", "level": "info", "logger": "httpx", "timestamp": "2026-09-12T10:57:44.036215Z"}
{"method": "GET", "path": "/api/v1/users/7d0b6d82-c1a2-4a4b-a52b-0ff5d8b2b9de", "client_host": "testclient", "event": "request_started", "correlation_id": "1d0705ce-2116-4b95-8c15-84cd86ea7a94", "level": "info", "logger": "app.middleware.RequestLoggingMiddleware", "timestamp": "2026-09-12T10:57:44.044815Z"}
{"method": "GET", "path": "/api/v1/users/7d0b6d82-c1a2-4a4b-a52b-0ff5d8b2b9de", "status_code": 403, "duration": 0.003, "event": "request_finished", "correlation_id": "1d0705ce-2116-4b95-8c15-84cd86ea7a94", "level": "info", "logger": "app.middleware.RequestLoggingMiddleware", "timestamp": "2026-09-12T10:57:44.047774Z"}
{"event": "HTTP Request: GET http://testserver/api/v1/users/7d0b6d82-c1a2-4a4b-a52b-0ff5d8b2b9de \"HTTP/1.1 403 Forbidden\"", "level": "info", "logger": "httpx", "timestamp": "2026-09-12T10:57:44.049781Z"}
{"method": "POST", "path": "/api/v1/login/access-token", "client_host": "testclient", "event": "request_started", "correlation_id": "0ef00c99-c8c2-45c1-8864-5bf375be2e87", "level": "info", "logger": "app.middleware.RequestLoggingMiddleware", "timestamp": "2026-09-12T10:57:44.058400Z"}
{"user_id": "5fa5f688-02f4-44b3-8e9e-8afe23cdf3b0", "family_id": "582bfe26-6ebe-4d0d-a837-6f48b8149ecb", "event": "token_pair_issued", "correlation_id": "0ef00c99-c8c2-45c1-8864-5bf375be2e87", "level": "info", "logger": "app.services.token_service", "timestamp": "2026-09-12T10:57:44.436342Z"}
{"method": "POST", "path": "/api/v1/login/access-token", "status_code": 200, "duration": 0.3779, "event": "request_finished", "correlation_id": "0ef00c99-c8c2-45c1-8864-5bf375be2e87", "level": "info", "logger": "app.middleware.RequestLoggingMiddleware", "timestamp": "2026-09-12T10:57:44.436342Z"}
{"event": "HTTP Request: POST http://testserver/api/v1/login/access-token \"HTTP/1.1 200 OK\"", "level": "info", "logger": "httpx", "timestamp": "2026-09-12T10:57:44.436342Z"}
{"method": "POST", "path": "/api/v1/users/", "client_host": "testclient", "event": "request_started", "correlation_id": "968e428e-3e90-4ef0-aa8b-02247ee28945", "level": "info", "logger": "app.middleware.RequestLoggingMiddleware", "timestamp": "2026-09-12T10:57:44.805713Z"}
{"method": "POST", "path": "/api/v1/users/", "status_code": 400, "duration": 0.0, "event": "request_finished", "correlation_id": "968e428e-3e90-4ef0-aa8b-02247ee28945", "level": "info", "logger": "app.middleware.RequestLoggingMiddleware", "timestamp": "2026-09-12T10:57:44.805713Z"}
{"event": "HTTP Request: POST http://testserver/api/v1/users/ \"HTTP/1.1 400 Bad Request\"", "level": "info", "logger": "httpx", "timestamp": "2026-09-12T10:57:44.805713Z"}
{"method": "POST", "path": "/api/v1/login/access-token", "client_host": "testclient", "event": "request_started", "correlation_id": "85917970-b33c-42b1-93bd-b1ae710f5fcc", "level": "info", "logger": "app.middleware.RequestLoggingMiddleware", "timestamp": "2026-09-12T10:57:45.190678Z"}
{"user_id": "44fff7ac-4d5a-407d-ab7a-85c0715c5691", "family_id": "9ddc9872-5777-4151-b419-3871bb493391", "event": "token_pair_issued", "correlation_id": "85917970-b33c-42b1-93bd-b1ae710f5fcc", "level": "info", "logger": "app.services.token_service", "timestamp": "2026-09-12T10:57:45.571944Z"}
{"method": "POST", "path": "/api/v1/login/access-token", "status_code": 200, "duration": 0.3833, "event": "request_finished", "correlation_id": "85917970-b33c-42b1-93bd-b1ae710f5fcc", "level": "info", "logger": "app.middleware.RequestLoggingMiddleware", "timestamp": "2026-09-12T10:57:45.573965Z"}
{"event": "HTTP Request: POST http://testserver/api/v1/login/access-token \"HTTP/1.1 200 OK\"", "level": "info", "logger": "httpx", "timestamp": "2026-09-12T10:57:45.575977Z"}
{"method": "POST", "path": "/api/v1/users/", "client_host": "testclient", "event": "request_started", "correlation_id": "d9d0da94-9165-44e0-8143-70d83a69f8de", "level": "info", "logger": "app.middleware.RequestLoggingMiddleware", "timestamp": "2026-09-12T10:57:45.577989Z"}
{"method": "POST", "path": "/api/v1/users/", "status_code": 403, "duration": 0.002, "event": "request_finished", "correlation_id": "d9d0da94-9165-44e0-8143-70d83a69f8de", "level": "info", "logger": "app.middleware.RequestLoggingMiddleware", "timestamp": "2026-09-12T10:57:45.579996Z"}
{"event": "HTTP Request: POST http://testserver/api/v1/users/ \"HTTP/1.1 403 Forbidden\"", "level": "info", "logger": "httpx", "timestamp": "2026-09-12T10:57:45.582001Z"}
{"method": "POST", "path": "/api/v1/login/access-token", "client_host": "testclient", "event": "request_started", "correlation_id": "4575cc7a-6ef7-4be4-bd24-5a17a27cfc11", "level": "info", "logger": "app.middleware.RequestLoggingMiddleware", "timestamp": "2026-09-12T10:57:45.592003Z"}
{"user_id": "5fa5f688-02f4-44b3-8e9e-8afe23cdf3b0", "family_id": "80cd88b7-271c-48a6-bccf-a0c9671a6a3e", "event": "token_pair_issued", "correlation_id": "4575cc7a-6ef7-4be4-bd24-5a17a27cfc11", "level": "info", "logger": "app.services.token_service", "timestamp": "2026-09-12T10:57:45.963292Z"}
{"method": "POST", "path": "/api/v1/login/access-token", "status_code": 200, "duration": 0.4115, "event": "request_finished", "correlation_id": "4575cc7a-6ef7-4be4-bd24-5a17a27cfc11", "level": "info", "logger": "app.middleware.RequestLoggingMiddleware", "timestamp": "2026-09-12T10:57:46.003488Z"}
{"event": "HTTP Request: POST http://testserver/api/v1/login/access-token \"HTTP/1.1 200 OK\"", "level": "info", "logger": "httpx", "timestamp": "2026-09-12T10:57:46.003488Z"}
{"method": "GET", "path": "/api/v1/users/", "client_host": "testclient", "event": "request_started", "correlation_id": "5c3813e2-89f8-4742-ad45-5131a8cff007", "level": "info", "logger": "app.middleware.RequestLoggingMiddleware", "timestamp": "2026-09-12T10:57:46.752509Z"}
{"method": "GET", "path": "/api/v1/users/", "status_code": 200, "duration": 0.006, "event": "request_finished", "correlation_id": "5c3813e2-89f8-4742-ad45-5131a8cff007", "level": "info", "logger": "app.middleware.RequestLoggingMiddleware", "timestamp": "2026-09-12T10:57:46.758461Z"}
{"event": "HTTP Request: GET http://testserver/api/v1/users/ \"HTTP/1.1 200 OK\"", "level": "info", "logger": "httpx", "timestamp": "2026-09-12T10:57:46.758461Z"}
{"method": "POST", "path": "/api/v1/login/access-token", "client_host": "testclient", "event": "request_started", "correlation_id": "6f007932-8442-454e-87e3-6f29a98082f8", "level": "info", "logger": "app.middleware.RequestLoggingMiddleware", "timestamp": "2026-09-12T10:57:47.141385Z"}
{"user_id": "4b8fdb78-790b-43e8-a5dd-7a88d6b064f5", "family_id": "4cf0d42b-f2b0-4921-a29a-fc458bd1470e", "event": "token_pair_issued", "correlation_id": "6f007932-8442-454e-87e3-6f29a98082f8", "level": "info", "logger": "app.services.token_service", "timestamp": "2026-09-12T10:57:47.519197Z"}
{"method": "POST", "path": "/api/v1/login/access-token", "status_code": 200, "duration": 0.3785, "event": "request_finished", "correlation_id": "6f007932-8442-454e-87e3-6f29a98082f8", "level": "info", "logger": "app.middleware.RequestLoggingMiddleware", "timestamp": "2026-09-12T10:57:47.519871Z"}
{"event": "HTTP Request: POST http://testserver/api/v1/login/access-token \"HTTP/1.1 200 OK\"", "level": "info", "logger": "httpx", "timestamp": "2026-09-12T10:57:47.519871Z"}
{"method": "PATCH", "path": "/api/v1/users/me", "client_host": "testclient", "event": "request_started", "correlation_id": "0dfc71a3-c47f-4630-b9f3-b11e80359ebe", "level": "info", "logger": "app.middleware.RequestLoggingMiddleware", "timestamp": "2026-09-12T10:57:47.522956Z"}
{"method": "PATCH", "path": "/api/v1/users/me", "status_code": 200, "duration": 0.004, "event": "request_finished", "correlation_id": "0dfc71a3-c47f-4630-b9f3-b11e80359ebe", "level": "info", "logger": "app.middleware.RequestLoggingMiddleware", "timestamp": "2026-09-12T10:57:47.526969Z"}
{"event": "HTTP Request: PATCH http://testserver/api/v1/users/me \"HTTP/1.1 200 OK\"", "level": "info", "logger": "httpx", "timestamp": "2026-09-12T10:57:47.533067Z"}
{"method": "POST", "path": "/api/v1/login/access-token", "client_host": "testclient", "event": "request_started", "correlation_id": "0caff024-3cff-4c78-97b5-e201687f93f3", "level": "info", "logger": "app.middleware.RequestLoggingMiddleware", "timestamp": "2026-09-12T10:57:47.542635Z"}
{"user_id": "5fa5f688-02f4-44b3-8e9e-8afe23cdf3b0", "family_id": "37158204-41b5-4839-9a13-c073581eb395", "event": "token_pair_issued", "correlation_id": "0caff024-3cff-4c78-97b5-e201687f93f3", "level": "info", "logger": "app.services.token_service", "timestamp": "2026-09-12T10:57:47.915754Z"}
{"method": "POST", "path": "/api/v1/login/access-token", "status_code": 200, "duration": 0.3731, "event": "request_finished", "correlation_id": "0caff024-3cff-4c78-97b5-e201687f93f3", "level": "info", "logger": "app.middleware.RequestLoggingMiddleware", "timestamp": "2026-09-12T10:57:47.915754Z"}
{"event": "HTTP Request: POST http://testserver/api/v1/login/access-token \"HTTP/1.1 200 OK\"", "level": "info", "logger": "httpx", "timestamp": "2026-09-12T10:57:47.919842Z"}
{"method": "PATCH", "path": "/api/v1/users/me/password", "client_host": "testclient", "event": "request_started", "correlation_id": "958dbd55-45d2-4363-94c1-cdbae6f1ee9f", "level": "info", "logger": "app.middleware.RequestLoggingMiddleware", "timestamp": "2026-09-12T10:57:47.919842Z"}
{"method": "PATCH", "path": "/api/v1/users/me/password", "status_code": 200, "duration": 0.738, "event": "request_finished", "correlation_id": "958dbd55-45d2-4363-94c1-cdbae6f1ee9f", "level": "info", "logger": "app.middleware.RequestLoggingMiddleware", "timestamp": "2026-09-12T10:57:48.657801Z"}
{"event": "HTTP Request: PATCH http://testserver/api/v1/users/me/password \"HTTP/1.1 200 OK\"", "level": "info", "logger": "httpx", "timestamp": "2026-09-12T10:57:48.657801Z"}
{"method": "PATCH", "path": "/api/v1/users/me/password", "client_host": "testclient", "event": "request_started", "correlation_id": "af4e8814-fbd0-4525-98d0-a191b962741d", "level": "info", "logger": "app.middleware.RequestLoggingMiddleware", "timestamp": "2026-09-12T10:57:48.887372Z"}
{"method": "PATCH", "path": "/api/v1/users/me/password", "status_code": 200, "duration": 0.543, "event": "request_finished", "correlation_id": "af4e8814-fbd0-4525-98d0-a191b962741d", "level": "info", "logger": "app.middleware.RequestLoggingMiddleware", "timestamp": "2026-09-12T10:57:49.430392Z"}
{"event": "HTTP Request: PATCH http://testserver/api/v1/users/me/password \"HTTP/1.1 200 OK\"", "level": "info", "logger": "httpx", "timestamp": "2026-09-12T10:57:49.430392Z"}
{"method": "POST", "path": "/api/v1/login/access-token", "client_host": "testclient", "event": "request_started", "correlation_id": "d3b718fd-5d51-4872-9966-ab8b119f34b3", "level": "info", "logger": "app.middleware.RequestLoggingMiddleware", "timestamp": "2026-09-12T10:57:49.809416Z"}
{"user_id": "5fa5f688-02f4-44b3-8e9e-8afe23cdf3b0", "family_id": "d2d8a8e5-6f67-4d80-971e-36b55d5c1a85", "event": "token_pair_issued", "correlation_id": "d3b718fd-5d51-4872-9966-ab8b119f34b3", "level": "info", "logger": "app.services.token_service", "timestamp": "2026-09-12T10:57:50.184851Z"}
{"method": "POST", "path": "/api/v1/login/access-token", "status_code": 200, "duration": 0.3789, "event": "request_finished", "correlation_id": "d3b718fd-5d51-4872-9966-ab8b119f34b3", "level": "info", "logger": "app.middleware.RequestLoggingMiddleware", "timestamp": "2026-09-12T10:57:50.188331Z"}
{"event": "HTTP Request: POST http://testserver/api/v1/login/access-token \"HTTP/1.1 200 OK\"", "level": "info", "logger": "httpx", "timestamp": "2026-09-12T10:57:50.190386Z"}
{"method": "PATCH", "path": "/api/v1/users/me/password", "client_host": "testclient", "event": "request_started", "correlation_id": "0757b049-e88c-468b-9b32-8eefff505989", "level": "info", "logger": "app.middleware.RequestLoggingMiddleware", "timestamp": "2026-09-12T10:57:50.192395Z"}
{"method": "PATCH", "path": "/api/v1/users/me/password", "status_code": 400, "duration": 0.366, "event": "request_finished", "correlation_id": "0757b049-e88c-468b-9b32-8eefff505989", "level": "info", "logger": "app.middleware.RequestLoggingMiddleware", "timestamp": "2026-09-12T10:57:50.560584Z"}
{"event": "HTTP Request: PATCH http://testserver/api/v1/users/me/password \"HTTP/1.1 400 Bad Request\"", "level": "info", "logger": "httpx", "timestamp": "2026-09-12T10:57:50.561595Z"}
{"method": "POST", "path": "/api/v1/login/access-token", "client_host": "testclient", "event": "request_started", "correlation_id": "734521fb-75e3-4be8-8c3f-27cb77f5b66d", "level": "info", "logger": "app.middleware.RequestLoggingMiddleware", "timestamp": "2026-09-12T10:57:50.937606Z"}
{"user_id": "868ebe0c-0f36-4d57-a94a-7786f2dfbf34", "family_id": "5b3f24ac-5f2f-4c9e-bf54-6de16fac68b4", "event": "token_pair_issued", "correlation_id": "734521fb-75e3-4be8-8c3f-27cb77f5b66d", "level": "info", "logger": "app.services.token_service", "timestamp": "2026-09-12T10:57:51.312502Z"}
{"method": "POST", "path": "/api/v1/login/access-token", "status_code": 200, "duration": 0.3749, "event": "request_finished", "correlation_id": "734521fb-75e3-4be8-8c3f-27cb77f5b66d", "level": "info", "logger": "app.middleware.RequestLoggingMiddleware", "timestamp": "2026-09-12T10:57:51.312502Z"}
{"event": "HTTP Request: POST http://testserver/api/v1/login/access-token \"HTTP/1.1 200 OK\"", "level": "info", "logger": "httpx", "timestamp": "2026-09-12T10:57:51.312502Z"}
{"method": "PATCH", "path": "/api/v1/users/me", "client_host": "testclient", "event": "request_started", "correlation_id": "1ee92bff-c5fd-4afa-8d7e-ea8110f522d2", "level": "info", "logger": "app.middleware.RequestLoggingMiddleware", "timestamp": "2026-09-12T10:57:51.681341Z"}
{"method": "PATCH", "path": "/api/v1/users/me", "status_code": 409, "duration": 0.0, "event": "request_finished", "correlation_id": "1ee92bff-c5fd-4afa-8d7e-ea8110f522d2", "level": "info", "logger": "app.middleware.RequestLoggingMiddleware", "timestamp": "2026-09-12T10:57:51.681341Z"}
{"event": "HTTP Request: PATCH http://testserver/api/v1/users/me \"HTTP/1.1 409 Conflict\"", "level": "info", "logger": "httpx", "timestamp": "2026-09-12T10:57:51.687803Z"}
{"method": "POST", "path": "/api/v1/login/access-token", "client_host": "testclient", "event": "request_started", "correlation_id": "db073c53-e181-46f2-885e-0728eb51f440", "level": "info", "logger": "app.middleware.RequestLoggingMiddleware", "timestamp": "2026-09-12T10:57:51.696199Z"}
{"user_id": "5fa5f688-02f4-44b3-8e9e-8afe23cdf3b0", "family_id": "2aa09854-67e1-478e-b875-73a52413a59c", "event": "token_pair_issued", "correlation_id": "db073c53-e181-46f2-885e-0728eb51f440", "level": "info", "logger": "app.services.token_service", "timestamp": "2026-09-12T10:57:52.070651Z"}
{"method": "POST", "path": "/api/v1/login/access-token", "status_code": 200, "duration": 0.3771, "event": "request_finished", "correlation_id": "db073c53-e181-46f2-885e-0728eb51f440", "level": "info", "logger": "app.middleware.RequestLoggingMiddleware", "timestamp": "2026-09-12T10:57:52.073270Z"}
{"event": "HTTP Request: POST http://testserver/api/v1/login/access-token \"HTTP/1.1 200 OK\"", "level": "info", "logger": "httpx", "timestamp": "2026-09-12T10:57:52.075217Z"}
{"method": "PATCH", "path": "/api/v1/users/me/password", "client_host": "testclient", "event": "request_started", "correlation_id": "e57914c0-7dd3-40c7-acc6-26a912bdf669", "level": "info", "logger": "app.middleware.RequestLoggingMiddleware", "timestamp": "2026-09-12T10:57:52.075217Z"}
{"method": "PATCH", "path": "/api/v1/users/me/password", "status_code": 400, "duration": 0.3776, "event": "request_finished", "correlation_id": "e57914c0-7dd3-40c7-acc6-26a912bdf669", "level": "info", "logger": "app.middleware.RequestLoggingMiddleware", "timestamp": "2026-09-12T10:57:52.452852Z"}
{"event": "HTTP Request: PATCH http://testserver/api/v1/users/me/password \"HTTP/1.1 400 Bad Request\"", "level": "info", "logger": "httpx", "timestamp": "2026-09-12T10:57:52.454364Z"}
{"method": "POST", "path": "/api/v1/users/signup", "client_host": "testclient", "event": "request_started", "correlation_id": "da8e6442-c315-4370-bd6e-870abd4f182f", "level": "info", "logger": "app.middleware.RequestLoggingMiddleware", "timestamp": "2026-09-12T10:57:52.463234Z"}
{"event": "Preparing to send email to mxtpfrrqwiztjdprxymgnaktbkpxfxra@oqtzxtjsgakmgvnmqwqfgrfbfvfnewvo.com", "correlation_id": "da8e6442-c315-4370-bd6e-870abd4f182f", "level": "info", "logger": "app.utils", "timestamp": "2026-09-12T10:57:52.845178Z"}
{"event": "SMTP Config: Host=smtp-relay.brevo.com, Port=587, TLS=True, User=a085a7001@smtp-brevo.com", "correlation_id": "da8e6442-c315-4370-bd6e-870abd4f182f", "level": "info", "logger": "app.utils", "timestamp": "2026-09-12T10:57:52.845178Z"}
{"event": "Connected to SMTP server", "correlation_id": "da8e6442-c315-4370-bd6e-870abd4f182f", "level": "info", "logger": "app.utils", "timestamp": "2026-09-12T10:57:53.211852Z"}
{"event": "Starting TLS", "correlation_id": "da8e6442-c315-4370-bd6e-870abd4f182f", "level": "info", "logger": "app.utils", "timestamp": "2026-09-12T10:57:53.307493Z"}
{"event": "Attempting login", "correlation_id": "da8e6442-c315-4370-bd6e-870abd4f182f", "level": "info", "logger": "app.utils", "timestamp": "2026-09-12T10:57:54.027089Z"}
{"event": "Email sent successfully", "correlation_id": "da8e6442-c315-4370-bd6e-870abd4f182f", "level": "info", "logger": "app.utils", "timestamp": "2026-09-12T10:57:55.092681Z"}
{"method": "POST", "path": "/api/v1/users/signup", "status_code": 200, "duration": 2.6873, "event": "request_finished", "correlation_id": "da8e6442-c315-4370-bd6e-870abd4f182f", "level": "info", "logger": "app.middleware.RequestLoggingMiddleware", "timestamp": "2026-09-12T10:57:55.152398Z"}
{"event": "HTTP Request: POST http://testserver/api/v1/users/signup \"HTTP/1.1 200 OK\"", "level": "info", "logger": "httpx", "timestamp": "2026-09-12T10:57:55.152967Z"}
{"method": "POST", "path": "/api/v1/users/signup", "client_host": "testclient", "event": "request_started", "correlation_id": "20240ed7-2f73-4e09-b513-03345f430aca", "level": "info", "logger": "app.middleware.RequestLoggingMiddleware", "timestamp": "2026-09-12T10:57:55.567141Z"}
{"method": "POST", "path": "/api/v1/users/signup", "status_code": 400, "duration": 0.0038, "event": "request_finished", "correlation_id": "20240ed7-2f73-4e09-b513-03345f430aca", "level": "info", "logger": "app.middleware.RequestLoggingMiddleware", "timestamp": "2026-09-12T10:57:55.570428Z"}
{"event": "HTTP Request: POST http://testserver/api/v1/users/signup \"HTTP/1.1 400 Bad Request\"", "level": "info", "logger": "httpx", "timestamp": "2026-09-12T10:57:55.572436Z"}
{"method": "POST", "path": "/api/v1/login/access-token", "client_host": "testclient", "event": "request_started", "correlation_id": "11df5b05-8093-4e76-9978-d4eadeddb300", "level": "info", "logger": "app.middleware.RequestLoggingMiddleware", "timestamp": "2026-09-12T10:57:55.578299Z"}
{"user_id": "5fa5f688-02f4-44b3-8e9e-8afe23cdf3b0", "family_id": "b3321a1b-7f61-4d0c-b6d9-23d849e0bdcc", "event": "token_pair_issued", "correlation_id": "11df5b05-8093-4e76-9978-d4eadeddb300", "level": "info", "logger": "app.services.token_service", "timestamp": "2026-09-12T10:57:55.999073Z"}
{"method": "POST", "path": "/api/v1/login/access-token", "status_code": 200, "duration": 0.4208, "event": "request_finished", "correlation_id": "11df5b05-8093-4e76-9978-d4eadeddb300", "level": "info", "logger": "app.middleware.RequestLoggingMiddleware", "timestamp": "2026-09-12T10:57:55.999073Z"}
{"event": "HTTP Request: POST http://testserver/api/v1/login/access-token \"HTTP/1.1 200 OK\"", "level": "info", "logger": "httpx", "timestamp": "2026-09-12T10:57:56.003990Z"}
{"method": "PATCH", "path": "/api/v1/users/a173ff75-4dbb-4742-865f-971f3a014c8d", "client_host": "testclient", "event": "request_started", "correlation_id": "b06db72c-b7bf-4f61-81ac-dc9ea4103a2a", "level": "info", "logger": "app.middleware.RequestLoggingMiddleware", "timestamp": "2026-09-12T10:57:56.386103Z"}
{"method": "PATCH", "path": "/api/v1/users/a173ff75-4dbb-4742-865f-971f3a014c8d", "status_code": 200, "duration": 0.019, "event": "request_finished", "correlation_id": "b06db72c-b7bf-4f61-81ac-dc9ea4103a2a", "level": "info", "logger": "app.middleware.RequestLoggingMiddleware", "timestamp": "2026-09-12T10:57:56.405070Z"}
{"event": "HTTP Request: PATCH http://testserver/api/v1/users/a173ff75-4dbb-4742-865f-971f3a014c8d \"HTTP/1.1 200 OK\"", "level": "info", "logger": "httpx", "timestamp": "2026-09-12T10:57:56.407081Z"}
{"method": "POST", "path": "/api/v1/login/access-token", "client_host": "testclient", "event": "request_started", "correlation_id": "3bdd6d61-fc81-4879-8593-00acdf7c3d40", "level": "info", "logger": "app.middleware.RequestLoggingMiddleware", "timestamp": "2026-09-12T10:57:56.417004Z"}
{"user_id": "5fa5f688-02f4-44b3-8e9e-8afe23cdf3b0", "family_id": "a127f879-0ce1-4478-b5c9-5f9f2ade237c", "event": "token_pair_issued", "correlation_id": "3bdd6d61-fc81-4879-8593-00acdf7c3d40", "level": "info", "logger": "app.services.token_service", "timestamp": "2026-09-12T10:57:56.803222Z"}
{"method": "POST", "path": "/api/v1/login/access-token", "status_code": 200, "duration": 0.3862, "event": "request_finished", "correlation_id": "3bdd6d61-fc81-4879-8593-00acdf7c3d40", "level": "info", "logger": "app.middleware.RequestLoggingMiddleware", "timestamp": "2026-09-12T10:57:56.803222Z"}
{"event": "HTTP Request: POST http://testserver/api/v1/login/access-token \"HTTP/1.1 200 OK\"", "level": "info", "logger": "httpx", "timestamp": "2026-09-12T10:57:56.803222Z"}
{"method": "PATCH", "path": "/api/v1/users/ef4b9626-084b-4439-842e-8fc456eca1c8", "client_host": "testclient", "event": "request_started", "correlation_id": "b80444bf-c99b-4a1a-ac89-f08cc0c14129", "level": "info", "logger": "app.middleware.RequestLoggingMiddleware", "timestamp": "2026-09-12T10:57:56.803222Z"}
{"method": "PATCH", "path": "/api/v1/users/ef4b9626-084b-4439-842e-8fc456eca1c8", "status_code": 404, "duration": 0.0, "event": "request_finished", "correlation_id": "b80444bf-c99b-4a1a-ac89-f08cc0c14129", "level": "info", "logger": "app.middleware.RequestLoggingMiddleware", "timestamp": "2026-09-12T10:57:56.803222Z"}
{"event": "HTTP Request: PATCH http://testserver/api/v1/users/ef4b9626-084b-4439-842e-8fc456eca1c8 \"HTTP/1.1 404 Not Found\"", "level": "info", "logger": "httpx", "timestamp": "2026-09-12T10:57:56.803222Z"}
{"method": "POST", "path": "/api/v1/login/access-token", "client_host": "testclient", "event": "request_started", "correlation_id": "0eae411d-ff82-4619-bbac-b3cd5b37c6f4", "level": "info", "logger": "app.middleware.RequestLoggingMiddleware", "timestamp": "2026-09-12T10:57:56.819604Z"}
{"user_id": "5fa5f688-02f4-44b3-8e9e-8afe23cdf3b0", "family_id": "04532117-c56b-4c5e-9ec5-4c4d9ede3008", "event": "token_pair_issued", "correlation_id": "0eae411d-ff82-4619-bbac-b3cd5b37c6f4", "level": "info", "logger": "app.services.token_service", "timestamp": "2026-09-12T10:57:57.213696Z"}
{"method": "POST", "path": "/api/v1/login/access-token", "status_code": 200, "duration": 0.3941, "event": "request_finished", "correlation_id": "0eae411d-ff82-4619-bbac-b3cd5b37c6f4", "level": "info", "logger": "app.middleware.RequestLoggingMiddleware", "timestamp": "2026-09-12T10:57:57.213696Z"}
{"event": "HTTP Request: POST http://testserver/api/v1/login/access-token \"HTTP/1.1 200 OK\"", "level": "info", "logger": "httpx", "timestamp": "2026-09-12T10:57:57.213696Z"}
{"method": "PATCH", "path": "/api/v1/users/7fa24c1f-2509-4884-975d-db427cc58668", "client_host": "testclient", "event": "request_started", "correlation_id": "991aa669-2a20-4bb3-824f-2ca30e7eb854", "level": "info", "logger": "app.middleware.RequestLoggingMiddleware", "timestamp": "2026-09-12T10:57:57.968048Z"}
{"method": "PATCH", "path": "/api/v1/users/7fa24c1f-2509-4884-975d-db427cc58668", "status_code": 409, "duration": 0.0019, "event": "request_finished", "correlation_id": "991aa669-2a20-4bb3-824f-2ca30e7eb854", "level": "info", "logger": "app.middleware.RequestLoggingMiddleware", "timestamp": "2026-09-12T10:57:57.969942Z"}
{"event": "HTTP Request: PATCH http://testserver/api/v1/users/7fa24c1f-2509-4884-975d-db427cc58668 \"HTTP/1.1 409 Conflict\"", "level": "info", "logger": "httpx", "timestamp": "2026-09-12T10:57:57.969942Z"}
{"method": "POST", "path": "/api/v1/login/access-token", "client_host": "testclient", "event": "request_started", "correlation_id": "6f0dad77-0815-4a26-92e9-f09b6e6cd3f9", "level": "info", "logger": "app.middleware.RequestLoggingMiddleware", "timestamp": "2026-09-12T10:57:58.368951Z"}
{"user_id": "2b6c84e9-9c8c-494e-9569-00191fac989e", "family_id": "8d79e734-92e0-4084-8c40-f53c5f6cfd21", "event": "token_pair_issued", "correlation_id": "6f0dad77-0815-4a26-92e9-f09b6e6cd3f9", "level": "info", "logger": "app.services.token_service", "timestamp": "2026-09-12T10:57:58.753350Z"}
{"method": "POST", "path": "/api/v1/login/access-token", "status_code": 200, "duration": 0.3844, "event": "request_finished", "correlation_id": "6f0dad77-0815-4a26-92e9-f09b6e6cd3f9", "level": "info", "logger": "app.middleware.RequestLoggingMiddleware", "timestamp": "2026-09-12T10:57:58.753350Z"}
{"event": "HTTP Request: POST http://testserver/api/v1/login/access-token \"HTTP/1.1 200 OK\"", "level": "info", "logger": "httpx", "timestamp": "2026-09-12T10:57:58.753350Z"}
{"method": "DELETE", "path": "/api/v1/users/me", "client_host": "testclient", "event": "request_started", "correlation_id": "901399be-0d3d-4a1d-b5b7-4f440323055f", "level": "info", "logger": "app.middleware.RequestLoggingMiddleware", "timestamp": "2026-09-12T10:57:58.753350Z"}
{"method": "DELETE", "path": "/api/v1/users/me", "status_code": 200, "duration": 0.0194, "event": "request_finished", "correlation_id": "901399be-0d3d-4a1d-b5b7-4f440323055f", "level": "info", "logger": "app.middleware.RequestLoggingMiddleware", "timestamp": "2026-09-12T10:57:58.772730Z"}
{"event": "HTTP Request: DELETE http://testserver/api/v1/users/me \"HTTP/1.1 200 OK\"", "level": "info", "logger": "httpx", "timestamp": "2026-09-12T10:57:58.772730Z"}
{"method": "POST", "path": "/api/v1/login/access-token", "client_host": "testclient", "event": "request_started", "correlation_id": "bdca6e82-0837-4483-83f1-a4f5ccba0640", "level": "info", "logger": "app.middleware.RequestLoggingMiddleware", "timestamp": "2026-09-12T10:57:58.785024Z"}
{"user_id": "5fa5f688-02f4-44b3-8e9e-8afe23cdf3b0", "family_id": "433ff997-3dd6-449f-9358-a66d67609e03", "event": "token_pair_issued", "correlation_id": "bdca6e82-0837-4483-83f1-a4f5ccba0640", "level": "info", "logger": "app.services.token_service", "timestamp": "2026-09-12T10:57:59.152905Z"}
{"method": "POST", "path": "/api/v1/login/access-token", "status_code": 200, "duration": 0.376, "event": "request_finished", "correlation_id": "bdca6e82-0837-4483-83f1-a4f5ccba0640", "level": "info", "logger": "app.middleware.RequestLoggingMiddleware", "timestamp": "2026-09-12T10:57:59.160996Z"}
{"event": "HTTP Request: POST http://testserver/api/v1/login/access-token \"HTTP/1.1 200 OK\"", "level": "info", "logger": "httpx", "timestamp": "2026-09-12T10:57:59.173521Z"}
{"method": "DELETE", "path": "/api/v1/users/me", "client_host": "testclient", "event": "request_started", "correlation_id": "dc3f14c7-c178-4ac1-96cc-1edeeed0da73", "level": "info", "logger": "app.middleware.RequestLoggingMiddleware", "timestamp": "2026-09-12T10:57:59.175532Z"}
{"method": "DELETE", "path": "/api/v1/users/me", "status_code": 403, "duration": 0.0, "event": "request_finished", "correlation_id": "dc3f14c7-c178-4ac1-96cc-1edeeed0da73", "level": "info", "logger": "app.middleware.RequestLoggingMiddleware", "timestamp": "2026-09-12T10:57:59.175532Z"}
{"event": "HTTP Request: DELETE http://testserver/api/v1/users/me \"HTTP/1.1 403 Forbidden\"", "level": "info", "logger": "httpx", "timestamp": "2026-09-12T10:57:59.175532Z"}
{"method": "POST", "path": "/api/v1/login/access-token", "client_host": "testclient", "event": "request_started", "correlation_id": "778db0a1-4541-4f52-92ee-80aac46b485d", "level": "info", "logger": "app.middleware.RequestLoggingMiddleware", "timestamp": "2026-09-12T10:57:59.190344Z"}
{"user_id": "5fa5f688-02f4-44b3-8e9e-8afe23cdf3b0", "family_id": "0bb307f9-434d-47f0-8e01-817bb923594e", "event": "token_pair_issued", "correlation_id": "778db0a1-4541-4f52-92ee-80aac46b485d", "level": "info", "logger": "app.services.token_service", "timestamp": "2026-09-12T10:57:59.572407Z"}
{"method": "POST", "path": "/api/v1/login/access-token", "status_code": 200, "duration": 0.3841, "event": "request_finished", "correlation_id": "778db0a1-4541-4f52-92ee-80aac46b485d", "level": "info", "logger": "app.middleware.RequestLoggingMiddleware", "timestamp": "2026-09-12T10:57:59.574419Z"}
{"event": "HTTP Request: POST http://testserver/api/v1/login/access-token \"HTTP/1.1 200 OK\"", "level": "info", "logger": "httpx", "timestamp": "2026-09-12T10:57:59.574419Z"}
{"method": "DELETE", "path": "/api/v1/users/f5e97dc4-67a1-42f9-9621-bfb7577cc146", "client_host": "testclient", "event": "request_started", "correlation_id": "0e55af1d-90f2-44c5-a812-4454f3e065cb", "level": "info", "logger": "app.middleware.RequestLoggingMiddleware", "timestamp": "2026-09-12T10:57:59.950466Z"}
{"method": "DELETE", "path": "/api/v1/users/f5e97dc4-67a1-42f9-9621-bfb7577cc146", "status_code": 200, "duration": 0.0103, "event": "request_finished", "correlation_id": "0e55af1d-90f2-44c5-a812-4454f3e065cb", "level": "info", "logger": "app.middleware.RequestLoggingMiddleware", "timestamp": "2026-09-12T10:57:59.960810Z"}
{"event": "HTTP Request: DELETE http://testserver/api/v1/users/f5e97dc4-67a1-42f9-9621-bfb7577cc146 \"HTTP/1.1 200 OK\"", "level": "info", "logger": "httpx", "timestamp": "2026-09-12T10:57:59.960810Z"}
{"method": "POST", "path": "/api/v1/login/access-token", "client_host": "testclient", "event": "request_started", "correlation_id": "aa0b838e-1a04-4896-8c64-e04866796ba1", "level": "info", "logger": "app.middleware.RequestLoggingMiddleware", "timestamp": "2026-09-12T10:57:59.973301Z"}
{"user_id": "5fa5f688-02f4-44b3-8e9e-8afe23cdf3b0", "family_id": "126afc75-8e10-49ca-a8e1-4ed1293e5ed9", "event": "token_pair_issued", "correlation_id": "aa0b838e-1a04-4896-8c64-e04866796ba1", "level": "info", "logger": "app.services.token_service", "timestamp": "2026-09-12T10:58:00.367853Z"}
{"method": "POST", "path": "/api/v1/login/access-token", "status_code": 200, "duration": 0.3958, "event": "request_finished", "correlation_id": "aa0b838e-1a04-4896-8c64-e04866796ba1", "level": "info", "logger": "app.middleware.RequestLoggingMiddleware", "timestamp": "2026-09-12T10:58:00.369058Z"}
{"event": "HTTP Request: POST http://testserver/api/v1/login/access-token \"HTTP/1.1 200 OK\"", "level": "info", "logger": "httpx", "timestamp": "2026-09-12T10:58:00.370301Z"}
{"method": "DELETE", "path": "/api/v1/users/6b311266-b786-4f5c-a36c-19274873b5bc", "client_host": "testclient", "event": "request_started", "correlation_id": "4cce8af4-ad3b-41b6-b3f5-025c00444cae", "level": "info", "logger": "app.middleware.RequestLoggingMiddleware", "timestamp": "2026-09-12T10:58:00.373369Z"}
{"method": "DELETE", "path": "/api/v1/users/6b311266-b786-4f5c-a36c-19274873b5bc", "status_code": 404, "duration": 0.0025, "event": "request_finished", "correlation_id": "4cce8af4-ad3b-41b6-b3f5-025c00444cae", "level": "info", "logger": "app.middleware.RequestLoggingMiddleware", "timestamp": "2026-09-12T10:58:00.375832Z"}
{"event": "HTTP Request: DELETE http://testserver/api/v1/users/6b311266-b786-4f5c-a36c-19274873b5bc \"HTTP/1.1 404 Not Found\"", "level": "info", "logger": "httpx", "timestamp": "2026-09-12T10:58:00.379249Z"}
{"method": "POST", "path": "/api/v1/login/access-token", "client_host": "testclient", "event": "request_started", "correlation_id": "2e1f24cd-7adb-4a36-82ca-ef60adf36414", "level": "info", "logger": "app.middleware.RequestLoggingMiddleware", "timestamp": "2026-09-12T10:58:00.388127Z"}
{"user_id": "5fa5f688-02f4-44b3-8e9e-8afe23cdf3b0", "family_id": "bfabc0ab-2527-4373-b9ba-7db7b4a6dbfa", "event": "token_pair_issued", "correlation_id": "2e1f24cd-7adb-4a36-82ca-ef60adf36414", "level": "info", "logger": "app.services.token_service", "timestamp": "2026-09-12T10:58:00.773947Z"}
{"method": "POST", "path": "/api/v1/login/access-token", "status_code": 200, "duration": 0.3874, "event": "request_finished", "correlation_id": "2e1f24cd-7adb-4a36-82ca-ef60adf36414", "level": "info", "logger": "app.middleware.RequestLoggingMiddleware", "timestamp": "2026-09-12T10:58:00.775562Z"}
{"event": "HTTP Request: POST http://testserver/api/v1/login/access-token \"HTTP/1.1 200 OK\"", "level": "info", "logger": "httpx", "timestamp": "2026-09-12T10:58:00.775562Z"}
{"method": "DELETE", "path": "/api/v1/users/5fa5f688-02f4-44b3-8e9e-8afe23cdf3b0", "client_host": "testclient", "event": "request_started", "correlation_id": "f2cea843-a457-4f71-90f1-ed08b161f52c", "level": "info", "logger": "app.middleware.RequestLoggingMiddleware", "timestamp": "2026-09-12T10:58:00.780071Z"}
{"method": "DELETE", "path": "/api/v1/users/5fa5f688-02f4-44b3-8e9e-8afe23cdf3b0", "status_code": 403, "duration": 0.0061, "event": "request_finished", "correlation_id": "f2cea843-a457-4f71-90f1-ed08b161f52c", "level": "info", "logger": "app.middleware.RequestLoggingMiddleware", "timestamp": "2026-09-12T10:58:00.783221Z"}
{"event": "HTTP Request: DELETE http://testserver/api/v1/users/5fa5f688-02f4-44b3-8e9e-8afe23cdf3b0 \"HTTP/1.1 403 Forbidden\"", "level": "info", "logger": "httpx", "timestamp": "2026-09-12T10:58:00.783221Z"}
{"method": "POST", "path": "/api/v1/login/access-token", "client_host": "testclient", "event": "request_started", "correlation_id": "0b262c53-a3d5-4d13-a16f-61921b8ce4f2", "level": "info", "logger": "app.middleware.RequestLoggingMiddleware", "timestamp": "2026-09-12T10:58:01.168417Z"}
{"user_id": "f45908c8-5327-43b0-ab1f-b011b2305092", "family_id": "22c7c7ab-51b1-4ad4-9bba-47e42850c48b", "event": "token_pair_issued", "correlation_id": "0b262c53-a3d5-4d13-a16f-61921b8ce4f2", "level": "info", "logger": "app.services.token_service", "timestamp": "2026-09-12T10:58:01.556456Z"}
{"method": "POST", "path": "/api/v1/login/access-token", "status_code": 200, "duration": 0.388, "event": "request_finished", "correlation_id": "0b262c53-a3d5-4d13-a16f-61921b8ce4f2", "level": "info", "logger": "app.middleware.RequestLoggingMiddleware", "timestamp": "2026-09-12T10:58:01.556456Z"}
{"event": "HTTP Request: POST http://testserver/api/v1/login/access-token \"HTTP/1.1 200 OK\"", "level": "info", "logger": "httpx", "timestamp": "2026-09-12T10:58:01.556456Z"}
{"method": "DELETE", "path": "/api/v1/users/45c2f01c-7642-495e-aa9a-03e897fcb6c1", "client_host": "testclient", "event": "request_started", "correlation_id": "558215bf-5cea-45f5-b85c-5066127b02fa", "level": "info", "logger": "app.middleware.RequestLoggingMiddleware", "timestamp": "2026-09-12T10:58:01.941637Z"}
{"method": "DELETE", "path": "/api/v1/users/45c2f01c-7642-495e-aa9a-03e897fcb6c1", "status_code": 403, "duration": 0.005, "event": "request_finished", "correlation_id": "558215bf-5cea-45f5-b85c-5066127b02fa", "level": "info", "logger": "app.middleware.RequestLoggingMiddleware", "timestamp": "2026-09-12T10:58:01.946659Z"}
{"event": "HTTP Request: DELETE http://testserver/api/v1/users/45c2f01c-7642-495e-aa9a-03e897fcb6c1 \"HTTP/1.1 403 Forbidden\"", "level": "info", "logger": "httpx", "timestamp": "2026-09-12T10:58:01.946659Z"}
{"event": "Starting call to 'app.backend_pre_start.init', this is the 1st time calling it.", "level": "info", "logger": "app.backend_pre_start", "timestamp": "2026-09-12T10:58:06.465921Z"}
{"event": "Starting call to 'app.tests_pre_start.init', this is the 1st time calling it.", "level": "info", "logger": "app.tests_pre_start", "timestamp": "2026-09-12T10:58:06.469947Z"}
{"event": "Preparing to send email to test@example.com", "level": "info", "logger": "app.utils", "timestamp": "2026-09-12T10:58:06.489121Z"}
{"event": "SMTP Config: Host=smtp-relay.brevo.com, Port=587, TLS=True, User=a085a7001@smtp-brevo.com", "level": "info", "logger": "app.utils", "timestamp": "2026-09-12T10:58:06.489710Z"}
{"event": "Connected to SMTP server", "level": "info", "logger": "app.utils", "timestamp": "2026-09-12T10:58:06.493146Z"}
{"event": "Starting TLS", "level": "info", "logger": "app.utils", "timestamp": "2026-09-12T10:58:06.493146Z"}
{"event": "Attempting login", "level": "info", "logger": "app.utils", "timestamp": "2026-09-12T10:58:06.494319Z"}
{"event": "Email sent successfully", "level": "info", "logger": "app.utils", "timestamp": "2026-09-12T10:58:06.494319Z"}
{"user_id": "5fa5f688-02f4-44b3-8e9e-8afe23cdf3b0", "family_id": "4dda8547-87a7-4e1f-9660-b402cea6d4de", "event": "token_pair_issued", "level": "info", "logger": "app.services.token_service", "timestamp": "2026-09-12T10:58:08.362769Z"}
{"user_id": "5fa5f688-02f4-44b3-8e9e-8afe23cdf3b0", "family_id": "8dbe51a2-b797-4bef-8333-a34cc57ccad8", "event": "token_pair_issued", "level": "info", "logger": "app.services.token_service", "timestamp": "2026-09-12T10:58:08.369483Z"}
{"user_id": "5fa5f688-02f4-44b3-8e9e-8afe23cdf3b0", "family_id": "8dbe51a2-b797-4bef-8333-a34cc57ccad8", "event": "refresh_token_rotated", "level": "info", "logger": "app.services.token_service", "timestamp": "2026-09-12T10:58:08.372102Z"}
{"user_id": "5fa5f688-02f4-44b3-8e9e-8afe23cdf3b0", "family_id": "8dbe51a2-b797-4bef-8333-a34cc57ccad8", "event": "refresh_token_rotated", "level": "info", "logger": "app.services.token_service", "timestamp": "2026-09-12T10:58:08.374114Z"}
{"user_id": "5fa5f688-02f4-44b3-8e9e-8afe23cdf3b0", "family_id": "2257c669-cd0d-4194-b42d-17af822b7989", "event": "token_pair_issued", "level": "info", "logger": "app.services.token_service", "timestamp": "2026-09-12T10:58:08.380147Z"}
{"user_id": "5fa5f688-02f4-44b3-8e9e-8afe23cdf3b0", "family_id": "2257c669-cd0d-4194-b42d-17af822b7989", "event": "refresh_token_rotated", "level": "info", "logger": "app.services.token_service", "timestamp": "2026-09-12T10:58:08.383475Z"}
{"family_id": "2257c669-cd0d-4194-b42d-17af822b7989", "user_id": "5fa5f688-02f4-44b3-8e9e-8afe23cdf3b0", "used_at": "2026-09-12 10:58:08.381786", "revoked_at": "None", "event": "security_alert_refresh_token_reuse_detected", "level": "warning", "logger": "app.services.token_service", "timestamp": "2026-09-12T10:58:08.384670Z"}
{"family_id": "2257c669-cd0d-4194-b42d-17af822b7989", "user_id": "5fa5f688-02f4-44b3-8e9e-8afe23cdf3b0", "used_at": "None", "revoked_at": "2026-09-12 10:58:08.384670", "event": "security_alert_refresh_token_reuse_detected", "level": "warning", "logger": "app.services.token_service", "timestamp": "2026-09-12T10:58:08.386839Z"}
{"user_id": "5fa5f688-02f4-44b3-8e9e-8afe23cdf3b0", "family_id": "10205cad-8026-4933-ab61-808db9c92370", "event": "token_pair_issued", "level": "info", "logger": "app.services.token_service", "timestamp": "2026-09-12T10:58:08.394480Z"}
{"user_id": "5fa5f688-02f4-44b3-8e9e-8afe23cdf3b0", "family_id": "b3351b08-6f52-425f-ae6d-d62f9fac15b2", "event": "token_pair_issued", "level": "info", "logger": "app.services.token_service", "timestamp": "2026-09-12T10:58:08.402296Z"}
{"family_id": "b3351b08-6f52-425f-ae6d-d62f9fac15b2", "user_id": "5fa5f688-02f4-44b3-8e9e-8afe23cdf3b0", "used_at": "None", "revoked_at": "2026-09-12 10:58:08.404384", "event": "security_alert_refresh_token_reuse_detected", "level": "warning", "logger": "app.services.token_service", "timestamp": "2026-09-12T10:58:08.404384Z"}
{"user_id": "5fa5f688-02f4-44b3-8e9e-8afe23cdf3b0", "family_id": "4c99ec51-098a-44bd-a1df-576703d82d3d", "event": "token_pair_issued", "level": "info", "logger": "app.services.token_service", "timestamp": "2026-09-12T10:58:08.412835Z"}
{"user_id": "5fa5f688-02f4-44b3-8e9e-8afe23cdf3b0", "family_id": "e83aa51d-dfd9-4eba-82cb-a4e2b11c9493", "event": "token_pair_issued", "level": "info", "logger": "app.services.token_service", "timestamp": "2026-09-12T10:58:08.414627Z"}
{"user_id": "5fa5f688-02f4-44b3-8e9e-8afe23cdf3b0", "count": 2, "event": "all_user_tokens_revoked", "level": "info", "logger": "app.services.token_service", "timestamp": "2026-09-12T10:58:08.415257Z"}
{"family_id": "4c99ec51-098a-44bd-a1df-576703d82d3d", "user_id": "5fa5f688-02f4-44b3-8e9e-8afe23cdf3b0", "used_at": "None", "revoked_at": "2026-09-12 10:58:08.414627", "event": "security_alert_refresh_token_reuse_detected", "level": "warning", "logger": "app.services.token_service", "timestamp": "2026-09-12T10:58:08.415885Z"}
{"family_id": "e83aa51d-dfd9-4eba-82cb-a4e2b11c9493", "user_id": "5fa5f688-02f4-44b3-8e9e-8afe23cdf3b0", "used_at": "None", "revoked_at": "2026-09-12 10:58:08.414627", "event": "security_alert_refresh_token_reuse_detected", "level": "warning", "logger": "app.services.token_service", "timestamp": "2026-09-12T10:58:08.417716Z"}
{"user_id": "5fa5f688-02f4-44b3-8e9e-8afe23cdf3b0", "family_id": "eb0f0ba9-af6f-435c-8fc8-6fc068c42dae", "event": "token_pair_issued", "level": "info", "logger": "app.services.token_service", "timestamp": "2026-09-12T11:02:45.364869Z"}
{"user_id": "5fa5f688-02f4-44b3-8e9e-8afe23cdf3b0", "family_id": "2905be72-8a0d-41dc-92ba-ade9f73020b8", "event": "token_pair_issued", "level": "info", "logger": "app.services.token_service", "timestamp": "2026-09-12T11:02:45.377623Z"}
{"user_id": "5fa5f688-02f4-44b3-8e9e-8afe23cdf3b0", "family_id": "2905be72-8a0d-41dc-92ba-ade9f73020b8", "event": "refresh_token_rotated", "level": "info", "logger": "app.services.token_service", "timestamp": "2026-09-12T11:02:45.383099Z"}
{"user_id": "5fa5f688-02f4-44b3-8e9e-8afe23cdf3b0", "family_id": "2905be72-8a0d-41dc-92ba-ade9f73020b8", "event": "refresh_token_rotated", "level": "info", "logger": "app.services.token_service", "timestamp": "2026-09-12T11:02:45.384800Z"}
{"user_id": "5fa5f688-02f4-44b3-8e9e-8afe23cdf3b0", "family_id": "1cf1b7ed-aaeb-43df-8439-e4649b593a01", "event": "token_pair_issued", "level": "info", "logger": "app.services.token_service", "timestamp": "2026-09-12T11:02:45.391878Z"}
{"user_id": "5fa5f688-02f4-44b3-8e9e-8afe23cdf3b0", "family_id": "1cf1b7ed-aaeb-43df-8439-e4649b593a01", "event": "refresh_token_rotated", "level": "info", "logger": "app.services.token_service", "timestamp": "2026-09-12T11:02:45.394734Z"}
{"family_id": "1cf1b7ed-aaeb-43df-8439-e4649b593a01", "user_id": "5fa5f688-02f4-44b3-8e9e-8afe23cdf3b0", "used_at": "2026-09-12 11:02:45.393669", "revoked_at": "None", "event": "security_alert_refresh_token_reuse_detected", "level": "warning", "logger": "app.services.token_service", "timestamp": "2026-09-12T11:02:45.395939Z"}
{"family_id": "1cf1b7ed-aaeb-43df-8439-e4649b593a01", "user_id": "5fa5f688-02f4-44b3-8e9e-8afe23cdf3b0", "used_at": "None", "revoked_at": "2026-09-12 11:02:45.395939", "event": "security_alert_refresh_token_reuse_detected", "level": "warning", "logger": "app.services.token_service", "timestamp": "2026-09-12T11:02:45.398947Z"}
{"user_id": "5fa5f688-02f4-44b3-8e9e-8afe23cdf3b0", "family_id": "181c9b7d-c329-4528-a59d-4d8dbd464660", "event": "token_pair_issued", "level": "info", "logger": "app.services.token_service", "timestamp": "2026-09-12T11:02:45.406528Z"}
{"user_id": "5fa5f688-02f4-44b3-8e9e-8afe23cdf3b0", "family_id": "f5a499a6-4734-4b1a-88c1-d4863da160aa", "event": "token_pair_issued", "level": "info", "logger": "app.services.token_service", "timestamp": "2026-09-12T11:02:45.416305Z"}
{"family_id": "f5a499a6-4734-4b1a-88c1-d4863da160aa", "user_id": "5fa5f688-02f4-44b3-8e9e-8afe23cdf3b0", "used_at": "None", "revoked_at": "2026-09-12 11:02:45.418710", "event": "security_alert_refresh_token_reuse_detected", "level": "warning", "logger": "app.services.token_service", "timestamp": "2026-09-12T11:02:45.420624Z"}
{"user_id": "5fa5f688-02f4-44b3-8e9e-8afe23cdf3b0", "family_id": "00d07e57-adf5-49c2-93d5-697c3658b93d", "event": "token_pair_issued", "level": "info", "logger": "app.services.token_service", "timestamp": "2026-09-12T11:02:45.428391Z"}
{"user_id": "5fa5f688-02f4-44b3-8e9e-8afe23cdf3b0", "family_id": "eb1bf1be-ccc6-41b3-bd11-ed8a3ee1fe61", "event": "token_pair_issued", "level": "info", "logger": "app.services.token_service", "timestamp": "2026-09-12T11:02:45.429500Z"}
{"user_id": "5fa5f688-02f4-44b3-8e9e-8afe23cdf3b0", "count": 2, "event": "all_user_tokens_revoked", "level": "info", "logger": "app.services.token_service", "timestamp": "2026-09-12T11:02:45.432445Z"}
{"family_id": "00d07e57-adf5-49c2-93d5-697c3658b93d", "user_id": "5fa5f688-02f4-44b3-8e9e-8afe23cdf3b0", "used_at": "None", "revoked_at": "2026-09-12 11:02:45.430046", "event": "security_alert_refresh_token_reuse_detected", "level": "warning", "logger": "app.services.token_service", "timestamp": "2026-09-12T11:02:45.433579Z"}
{"family_id": "eb1bf1be-ccc6-41b3-bd11-ed8a3ee1fe61", "user_id": "5fa5f688-02f4-44b3-8e9e-8afe23cdf3b0", "used_at": "None", "revoked_at": "2026-09-12 11:02:45.430046", "event": "security_alert_refresh_token_reuse_detected", "level": "warning", "logger": "app.services.token_service", "timestamp": "2026-09-12T11:02:45.434836Z"}
{"method": "POST", "path": "/api/v1/login/access-token", "client_host": "testclient", "event": "request_started", "correlation_id": "d663d3a0-65ee-43b9-a1ea-098d711d94e6", "level": "info", "logger": "app.middleware.RequestLoggingMiddleware", "timestamp": "2026-09-12T11:02:45.450997Z"}
{"user_id": "5fa5f688-02f4-44b3-8e9e-8afe23cdf3b0", "family_id": "e426bb00-5d07-4b5a-bf90-e4754120815a", "event": "token_pair_issued", "correlation_id": "d663d3a0-65ee-43b9-a1ea-098d711d94e6", "level": "info", "logger": "app.services.token_service", "timestamp": "2026-09-12T11:02:45.831208Z"}
{"method": "POST", "path": "/api/v1/login/access-token", "status_code": 200, "duration": 0.3802, "event": "request_finished", "correlation_id": "d663d3a0-65ee-43b9-a1ea-098d711d94e6", "level": "info", "logger": "app.middleware.RequestLoggingMiddleware", "timestamp": "2026-09-12T11:02:45.831208Z"}
{"event": "HTTP Request: POST http://testserver/api/v1/login/access-token \"HTTP/1.1 200 OK\"", "level": "info", "logger": "httpx", "timestamp": "2026-09-12T11:02:45.837532Z"}
{"method": "POST", "path": "/api/v1/login/access-token", "client_host": "testclient", "event": "request_started", "correlation_id": "9451295d-b6c6-4751-b486-8247d82bb83e", "level": "info", "logger": "app.middleware.RequestLoggingMiddleware", "timestamp": "2026-09-12T11:02:45.847010Z"}
{"user_id": "5fa5f688-02f4-44b3-8e9e-8afe23cdf3b0", "family_id": "e8d49f6c-823d-4c68-a347-9789ebd58495", "event": "token_pair_issued", "correlation_id": "9451295d-b6c6-4751-b486-8247d82bb83e", "level": "info", "logger": "app.services.token_service", "timestamp": "2026-09-12T11:02:46.224596Z"}
{"method": "POST", "path": "/api/v1/login/access-token", "status_code": 200, "duration": 0.3776, "event": "request_finished", "correlation_id": "9451295d-b6c6-4751-b486-8247d82bb83e", "level": "info", "logger": "app.middleware.RequestLoggingMiddleware", "timestamp": "2026-09-12T11:02:46.224596Z"}
{"event": "HTTP Request: POST http://testserver/api/v1/login/access-token \"HTTP/1.1 200 OK\"", "level": "info", "logger": "httpx", "timestamp": "2026-09-12T11:02:46.226715Z"}
{"method": "POST", "path": "/api/v1/login/access-token", "client_host": "testclient", "event": "request_started", "correlation_id": "45ef2d36-d5c2-4c4d-833f-34d6ed21c9a9", "level": "info", "logger": "app.middleware.RequestLoggingMiddleware", "timestamp": "2026-09-12T11:02:46.237103Z"}
{"user_id": "5fa5f688-02f4-44b3-8e9e-8afe23cdf3b0", "family_id": "c19d0e84-2f67-4247-8350-fbd11f8abe31", "event": "token_pair_issued", "correlation_id": "45ef2d36-d5c2-4c4d-833f-34d6ed21c9a9", "level": "info", "logger": "app.services.token_service", "timestamp": "2026-09-12T11:02:46.607837Z"}
{"method": "POST", "path": "/api/v1/login/access-token", "status_code": 200, "duration": 0.3707, "event": "request_finished", "correlation_id": "45ef2d36-d5c2-4c4d-833f-34d6ed21c9a9", "level": "info", "logger": "app.middleware.RequestLoggingMiddleware", "timestamp": "2026-09-12T11:02:46.607837Z"}
{"event": "HTTP Request: POST http://testserver/api/v1/login/access-token \"HTTP/1.1 200 OK\"", "level": "info", "logger": "httpx", "timestamp": "2026-09-12T11:02:46.607837Z"}
{"method": "POST", "path": "/api/v1/login/refresh-token", "client_host": "testclient", "event": "request_started", "correlation_id": "4b9d6c0c-8f0f-4272-a738-8087b0669b55", "level": "info", "logger": "app.middleware.RequestLoggingMiddleware", "timestamp": "2026-09-12T11:02:46.614006Z"}
{"user_id": "5fa5f688-02f4-44b3-8e9e-8afe23cdf3b0", "family_id": "c19d0e84-2f67-4247-8350-fbd11f8abe31", "event": "refresh_token_rotated", "correlation_id": "4b9d6c0c-8f0f-4272-a738-8087b0669b55", "level": "info", "logger": "app.services.token_service", "timestamp": "2026-09-12T11:02:46.614393Z"}
{"method": "POST", "path": "/api/v1/login/refresh-token", "status_code": 200, "duration": 0.003, "event": "request_finished", "correlation_id": "4b9d6c0c-8f0f-4272-a738-8087b0669b55", "level": "info", "logger": "app.middleware.RequestLoggingMiddleware", "timestamp": "2026-09-12T11:02:46.614393Z"}
{"event": "HTTP Request: POST http://testserver/api/v1/login/refresh-token \"HTTP/1.1 200 OK\"", "level": "info", "logger": "httpx", "timestamp": "2026-09-12T11:02:46.614393Z"}
{"method": "POST", "path": "/api/v1/auth/refresh", "client_host": "testclient", "event": "request_started", "correlation_id": "15108526-c360-4cdc-8bf2-9532c8d20823", "level": "info", "logger": "app.middleware.RequestLoggingMiddleware", "timestamp": "2026-09-12T11:02:46.614393Z"}
{"user_id": "5fa5f688-02f4-44b3-8e9e-8afe23cdf3b0", "family_id": "c19d0e84-2f67-4247-8350-fbd11f8abe31", "event": "refresh_token_rotated", "correlation_id": "15108526-c360-4cdc-8bf2-9532c8d20823", "level": "info", "logger": "app.services.token_service", "timestamp": "2026-09-12T11:02:46.627154Z"}
{"method": "POST", "path": "/api/v1/auth/refresh", "status_code": 200, "duration": 0.0148, "event": "request_finished", "correlation_id": "15108526-c360-4cdc-8bf2-9532c8d20823", "level": "info", "logger": "app.middleware.RequestLoggingMiddleware", "timestamp": "2026-09-12T11:02:46.629166Z"}
{"event": "HTTP Request: POST http://testserver/api/v1/auth/refresh \"HTTP/1.1 200 OK\"", "level": "info", "logger": "httpx", "timestamp": "2026-09-12T11:02:46.631109Z"}
{"method": "POST", "path": "/api/v1/login/access-token", "client_host": "testclient", "event": "request_started", "correlation_id": "67d783bf-eee8-40cb-ba3e-e45ec00d3cde", "level": "info", "logger": "app.middleware.RequestLoggingMiddleware", "timestamp": "2026-09-12T11:02:46.639579Z"}
{"user_id": "5fa5f688-02f4-44b3-8e9e-8afe23cdf3b0", "family_id": "4fd41acf-6549-4703-9daf-2e8a3148b4ce", "event": "token_pair_issued", "correlation_id": "67d783bf-eee8-40cb-ba3e-e45ec00d3cde", "level": "info", "logger": "app.services.token_service", "timestamp": "2026-09-12T11:02:47.022538Z"}
{"method": "POST", "path": "/api/v1/login/access-token", "status_code": 200, "duration": 0.383, "event": "request_finished", "correlation_id": "67d783bf-eee8-40cb-ba3e-e45ec00d3cde", "level": "info", "logger": "app.middleware.RequestLoggingMiddleware", "timestamp": "2026-09-12T11:02:47.022538Z"}
{"event": "HTTP Request: POST http://testserver/api/v1/login/access-token \"HTTP/1.1 200 OK\"", "level": "info", "logger": "httpx", "timestamp": "2026-09-12T11:02:47.022538Z"}
{"method": "POST", "path": "/api/v1/login/refresh-token", "client_host": "testclient", "event": "request_started", "correlation_id": "d9c6ccca-50d3-4721-bb20-fe3f23afddb8", "level": "info", "logger": "app.middleware.RequestLoggingMiddleware", "timestamp": "2026-09-12T11:02:47.028556Z"}
{"user_id": "5fa5f688-02f4-44b3-8e9e-8afe23cdf3b0", "family_id": "4fd41acf-6549-4703-9daf-2e8a3148b4ce", "event": "refresh_token_rotated", "correlation_id": "d9c6ccca-50d3-4721-bb20-fe3f23afddb8", "level": "info", "logger": "app.services.token_service", "timestamp": "2026-09-12T11:02:47.033197Z"}
{"method": "POST", "path": "/api/v1/login/refresh-token", "status_code": 200, "duration": 0.0046, "event": "request_finished", "correlation_id": "d9c6ccca-50d3-4721-bb20-fe3f23afddb8", "level": "info", "logger": "app.middleware.RequestLoggingMiddleware", "timestamp": "2026-09-12T11:02:47.033197Z"}
{"event": "HTTP Request: POST http://testserver/api/v1/login/refresh-token \"HTTP/1.1 200 OK\"", "level": "info", "logger": "httpx", "timestamp": "2026-09-12T11:02:47.033197Z"}
{"method": "POST", "path": "/api/v1/login/refresh-token", "client_host": "testclient", "event": "request_started", "correlation_id": "cdbcf98b-37fa-46b9-a1fd-9ab51c31ed09", "level": "info", "logger": "app.middleware.RequestLoggingMiddleware", "timestamp": "2026-09-12T11:02:47.033197Z"}
{"family_id": "4fd41acf-6549-4703-9daf-2e8a3148b4ce", "user_id": "5fa5f688-02f4-44b3-8e9e-8afe23cdf3b0", "used_at": "2026-09-12 11:02:47.033197", "revoked_at": "None", "event": "security_alert_refresh_token_reuse_detected", "correlation_id": "cdbcf98b-37fa-46b9-a1fd-9ab51c31ed09", "level": "warning", "logger": "app.services.token_service", "timestamp": "2026-09-12T11:02:47.033197Z"}
{"method": "POST", "path": "/api/v1/login/refresh-token", "status_code": 401, "duration": 0.008, "event": "request_finished", "correlation_id": "cdbcf98b-37fa-46b9-a1fd-9ab51c31ed09", "level": "info", "logger": "app.middleware.RequestLoggingMiddleware", "timestamp": "2026-09-12T11:02:47.041201Z"}
{"event": "HTTP Request: POST http://testserver/api/v1/login/refresh-token \"HTTP/1.1 401 Unauthorized\"", "level": "info", "logger": "httpx", "timestamp": "2026-09-12T11:02:47.041201Z"}
{"method": "POST", "path": "/api/v1/login/refresh-token", "client_host": "testclient", "event": "request_started", "correlation_id": "531ab0da-5ea4-4746-8c06-c121783fc146", "level": "info", "logger": "app.middleware.RequestLoggingMiddleware", "timestamp": "2026-09-12T11:02:47.043211Z"}
{"family_id": "4fd41acf-6549-4703-9daf-2e8a3148b4ce", "user_id": "5fa5f688-02f4-44b3-8e9e-8afe23cdf3b0", "used_at": "None", "revoked_at": "2026-09-12 11:02:47.033197", "event": "security_alert_refresh_token_reuse_detected", "correlation_id": "531ab0da-5ea4-4746-8c06-c121783fc146", "level": "warning", "logger": "app.services.token_service", "timestamp": "2026-09-12T11:02:47.043211Z"}
{"method": "POST", "path": "/api/v1/login/refresh-token", "status_code": 401, "duration": 0.0037, "event": "request_finished", "correlation_id": "531ab0da-5ea4-4746-8c06-c121783fc146", "level": "info", "logger": "app.middleware.RequestLoggingMiddleware", "timestamp": "2026-09-12T11:02:47.047387Z"}
{"event": "HTTP Request: POST http://testserver/api/v1/login/refresh-token \"HTTP/1.1 401 Unauthorized\"", "level": "info", "logger": "httpx", "timestamp": "2026-09-12T11:02:47.047701Z"}
{"method": "POST", "path": "/api/v1/login/refresh-token", "client_host": "testclient", "event": "request_started", "correlation_id": "af60896c-4f0b-4558-b719-0315fa7e079e", "level": "info", "logger": "app.middleware.RequestLoggingMiddleware", "timestamp": "2026-09-12T11:02:47.056394Z"}
{"method": "POST", "path": "/api/v1/login/refresh-token", "status_code": 401, "duration": 0.003, "event": "request_finished", "correlation_id": "af60896c-4f0b-4558-b719-0315fa7e079e", "level": "info", "logger": "app.middleware.RequestLoggingMiddleware", "timestamp": "2026-09-12T11:02:47.059437Z"}
{"event": "HTTP Request: POST http://testserver/api/v1/login/refresh-token \"HTTP/1.1 401 Unauthorized\"", "level": "info", "logger": "httpx", "timestamp": "2026-09-12T11:02:47.060619Z"}
{"method": "POST", "path": "/api/v1/login/access-token", "client_host": "testclient", "event": "request_started", "correlation_id": "93582f36-49c1-458b-8a6c-d1d96e3ba5fa", "level": "info", "logger": "app.middleware.RequestLoggingMiddleware", "timestamp": "2026-09-12T11:02:47.067680Z"}
{"user_id": "5fa5f688-02f4-44b3-8e9e-8afe23cdf3b0", "family_id": "030884b7-ea0c-405e-8c41-a33a1af1cd39", "event": "token_pair_issued", "correlation_id": "93582f36-49c1-458b-8a6c-d1d96e3ba5fa", "level": "info", "logger": "app.services.token_service", "timestamp": "2026-09-12T11:02:47.446289Z"}
{"method": "POST", "path": "/api/v1/login/access-token", "status_code": 200, "duration": 0.3803, "event": "request_finished", "correlation_id": "93582f36-49c1-458b-8a6c-d1d96e3ba5fa", "level": "info", "logger": "app.middleware.RequestLoggingMiddleware", "timestamp": "2026-09-12T11:02:47.448006Z"}
{"event": "HTTP Request: POST http://testserver/api/v1/login/access-token \"HTTP/1.1 200 OK\"", "level": "info", "logger": "httpx", "timestamp": "2026-09-12T11:02:47.448551Z"}
{"method": "POST", "path": "/api/v1/login/logout", "client_host": "testclient", "event": "request_started", "correlation_id": "4a723af7-8003-4254-917d-a1c2c3f51dc7", "level": "info", "logger": "app.middleware.RequestLoggingMiddleware", "timestamp": "2026-09-12T11:02:47.450616Z"}
{"method": "POST", "path": "/api/v1/login/logout", "status_code": 200, "duration": 0.0015, "event": "request_finished", "correlation_id": "4a723af7-8003-4254-917d-a1c2c3f51dc7", "level": "info", "logger": "app.middleware.RequestLoggingMiddleware", "timestamp": "2026-09-12T11:02:47.452144Z"}
{"event": "HTTP Request: POST http://testserver/api/v1/login/logout \"HTTP/1.1 200 OK\"", "level": "info", "logger": "httpx", "timestamp": "2026-09-12T11:02:47.455328Z"}
{"method": "POST", "path": "/api/v1/login/refresh-token", "client_host": "testclient", "event": "request_started", "correlation_id": "5feaa763-093a-447e-8552-d933bc445f0b", "level": "info", "logger": "app.middleware.RequestLoggingMiddleware", "timestamp": "2026-09-12T11:02:47.455328Z"}
{"family_id": "030884b7-ea0c-405e-8c41-a33a1af1cd39", "user_id": "5fa5f688-02f4-44b3-8e9e-8afe23cdf3b0", "used_at": "None", "revoked_at": "2026-09-12 11:02:47.452144", "event": "security_alert_refresh_token_reuse_detected", "correlation_id": "5feaa763-093a-447e-8552-d933bc445f0b", "level": "warning", "logger": "app.services.token_service", "timestamp": "2026-09-12T11:02:47.458434Z"}
{"method": "POST", "path": "/api/v1/login/refresh-token", "status_code": 401, "duration": 0.0056, "event": "request_finished", "correlation_id": "5feaa763-093a-447e-8552-d933bc445f0b", "level": "info", "logger": "app.middleware.RequestLoggingMiddleware", "timestamp": "2026-09-12T11:02:47.460949Z"}
{"event": "HTTP Request: POST http://testserver/api/v1/login/refresh-token \"HTTP/1.1 401 Unauthorized\"", "level": "info", "logger": "httpx", "timestamp": "2026-09-12T11:02:47.460949Z"}
{"method": "POST", "path": "/api/v1/login/access-token", "client_host": "testclient", "event": "request_started", "correlation_id": "079968a0-5fc3-465a-8673-ff1b4a0d8f65", "level": "info", "logger": "app.middleware.RequestLoggingMiddleware", "timestamp": "2026-09-12T11:02:47.471561Z"}
{"user_id": "5fa5f688-02f4-44b3-8e9e-8afe23cdf3b0", "family_id": "df2bf7cb-7022-4f64-be1d-55ac723f12b6", "event": "token_pair_issued", "correlation_id": "079968a0-5fc3-465a-8673-ff1b4a0d8f65", "level": "info", "logger": "app.services.token_service", "timestamp": "2026-09-12T11:02:47.848245Z"}
{"method": "POST", "path": "/api/v1/login/access-token", "status_code": 200, "duration": 0.3767, "event": "request_finished", "correlation_id": "079968a0-5fc3-465a-8673-ff1b4a0d8f65", "level": "info", "logger": "app.middleware.RequestLoggingMiddleware", "timestamp": "2026-09-12T11:02:47.848245Z"}
{"event": "HTTP Request: POST http://testserver/api/v1/login/access-token \"HTTP/1.1 200 OK\"", "level": "info", "logger": "httpx", "timestamp": "2026-09-12T11:02:47.848245Z"}
{"method": "POST", "path": "/api/v1/login/refresh-token", "client_host": "testclient", "event": "request_started", "correlation_id": "7baee4d2-6ad9-4174-9696-769e2eb597fb", "level": "info", "logger": "app.middleware.RequestLoggingMiddleware", "timestamp": "2026-09-12T11:02:47.848245Z"}
{"user_id": "5fa5f688-02f4-44b3-8e9e-8afe23cdf3b0", "family_id": "df2bf7cb-7022-4f64-be1d-55ac723f12b6", "event": "refresh_token_rotated", "correlation_id": "7baee4d2-6ad9-4174-9696-769e2eb597fb", "level": "info", "logger": "app.services.token_service", "timestamp": "2026-09-12T11:02:47.860920Z"}
{"method": "POST", "path": "/api/v1/login/refresh-token", "status_code": 200, "duration": 0.0127, "event": "request_finished", "correlation_id": "7baee4d2-6ad9-4174-9696-769e2eb597fb", "level": "info", "logger": "app.middleware.RequestLoggingMiddleware", "timestamp": "2026-09-12T11:02:47.860920Z"}
{"event": "HTTP Request: POST http://testserver/api/v1/login/refresh-token \"HTTP/1.1 200 OK\"", "level": "info", "logger": "httpx", "timestamp": "2026-09-12T11:02:47.862707Z"}
{"method": "POST", "path": "/api/v1/login/access-token", "client_host": "testclient", "event": "request_started", "correlation_id": "88faf818-9ff5-4800-a9bd-f36705fa13e7", "level": "info", "logger": "app.middleware.RequestLoggingMiddleware", "timestamp": "2026-09-12T11:02:47.872622Z"}
{"user_id": "5fa5f688-02f4-44b3-8e9e-8afe23cdf3b0", "family_id": "3b79be1d-dafb-414a-bd7c-165e6a2fce6e", "event": "token_pair_issued", "correlation_id": "88faf818-9ff5-4800-a9bd-f36705fa13e7", "level": "info", "logger": "app.services.token_service", "timestamp": "2026-09-12T11:02:48.247711Z"}
{"method": "POST", "path": "/api/v1/login/access-token", "status_code": 200, "duration": 0.3751, "event": "request_finished", "correlation_id": "88faf818-9ff5-4800-a9bd-f36705fa13e7", "level": "info", "logger": "app.middleware.RequestLoggingMiddleware", "timestamp": "2026-09-12T11:02:48.247711Z"}
{"event": "HTTP Request: POST http://testserver/api/v1/login/access-token \"HTTP/1.1 200 OK\"", "level": "info", "logger": "httpx", "timestamp": "2026-09-12T11:02:48.250471Z"}
{"method": "POST", "path": "/api/v1/login/access-token", "client_host": "testclient", "event": "request_started", "correlation_id": "b997ee8b-7298-4702-a250-4d66972f9eee", "level": "info", "logger": "app.middleware.RequestLoggingMiddleware", "timestamp": "2026-09-12T11:02:48.250471Z"}
{"user_id": "5fa5f688-02f4-44b3-8e9e-8afe23cdf3b0", "family_id": "e560a8fd-226a-475f-8171-cb9b66739a9e", "event": "token_pair_issued", "correlation_id": "b997ee8b-7298-4702-a250-4d66972f9eee", "level": "info", "logger": "app.services.token_service", "timestamp": "2026-09-12T11:02:48.634010Z"}
{"method": "POST", "path": "/api/v1/login/access-token", "status_code": 200, "duration": 0.3856, "event": "request_finished", "correlation_id": "b997ee8b-7298-4702-a250-4d66972f9eee", "level": "info", "logger": "app.middleware.RequestLoggingMiddleware", "timestamp": "2026-09-12T11:02:48.636022Z"}
{"event": "HTTP Request: POST http://testserver/api/v1/login/access-token \"HTTP/1.1 200 OK\"", "level": "info", "logger": "httpx", "timestamp": "2026-09-12T11:02:48.638913Z"}
{"method": "POST", "path": "/api/v1/login/access-token", "client_host": "testclient", "event": "request_started", "correlation_id": "cd829be6-9403-4165-bdd0-2ea666b1845f", "level": "info", "logger": "app.middleware.RequestLoggingMiddleware", "timestamp": "2026-09-12T11:02:48.638913Z"}
{"user_id": "5fa5f688-02f4-44b3-8e9e-8afe23cdf3b0", "family_id": "7667d796-1a4f-42df-bb9e-54b126a098fd", "event": "token_pair_issued", "correlation_id": "cd829be6-9403-4165-bdd0-2ea666b1845f", "level": "info", "logger": "app.services.token_service", "timestamp": "2026-09-12T11:02:49.011051Z"}
{"method": "POST", "path": "/api/v1/login/access-token", "status_code": 200, "duration": 0.3721, "event": "request_finished", "correlation_id": "cd829be6-9403-4165-bdd0-2ea666b1845f", "level": "info", "logger": "app.middleware.RequestLoggingMiddleware", "timestamp": "2026-09-12T11:02:49.011051Z"}
{"event": "HTTP Request: POST http://testserver/api/v1/login/access-token \"HTTP/1.1 200 OK\"", "level": "info", "logger": "httpx", "timestamp": "2026-09-12T11:02:49.014435Z"}
{"method": "POST", "path": "/api/v1/auth/logout-all", "client_host": "testclient", "event": "request_started", "correlation_id": "48350b5b-5f2a-4160-91a4-f77c40959622", "level": "info", "logger": "app.middleware.RequestLoggingMiddleware", "timestamp": "2026-09-12T11:02:49.014435Z"}
{"user_id": "5fa5f688-02f4-44b3-8e9e-8afe23cdf3b0", "count": 3, "event": "all_user_tokens_revoked", "correlation_id": "48350b5b-5f2a-4160-91a4-f77c40959622", "level": "info", "logger": "app.services.token_service", "timestamp": "2026-09-12T11:02:49.018084Z"}
{"method": "POST", "path": "/api/v1/auth/logout-all", "status_code": 200, "duration": 0.0036, "event": "request_finished", "correlation_id": "48350b5b-5f2a-4160-91a4-f77c40959622", "level": "info", "logger": "app.middleware.RequestLoggingMiddleware", "timestamp": "2026-09-12T11:02:49.018084Z"}
{"event": "HTTP Request: POST http://testserver/api/v1/auth/logout-all \"HTTP/1.1 200 OK\"", "level": "info", "logger": "httpx", "timestamp": "2026-09-12T11:02:49.023131Z"}
{"method": "POST", "path": "/api/v1/login/refresh-token", "client_host": "testclient", "event": "request_started", "correlation_id": "f90c1e98-8c71-44c3-a57d-6c4612daa46b", "level": "info", "logger": "app.middleware.RequestLoggingMiddleware", "timestamp": "2026-09-12T11:02:49.023131Z"}
{"family_id": "e560a8fd-226a-475f-8171-cb9b66739a9e", "user_id": "5fa5f688-02f4-44b3-8e9e-8afe23cdf3b0", "used_at": "None", "revoked_at": "2026-09-12 11:02:49.018084", "event": "security_alert_refresh_token_reuse_detected", "correlation_id": "f90c1e98-8c71-44c3-a57d-6c4612daa46b", "level": "warning", "logger": "app.services.token_service", "timestamp": "2026-09-12T11:02:49.023131Z"}
{"method": "POST", "path": "/api/v1/login/refresh-token", "status_code": 401, "duration": 0.0, "event": "request_finished", "correlation_id": "f90c1e98-8c71-44c3-a57d-6c4612daa46b", "level": "info", "logger": "app.middleware.RequestLoggingMiddleware", "timestamp": "2026-09-12T11:02:49.023131Z"}
{"event": "HTTP Request: POST http://testserver/api/v1/login/refresh-token \"HTTP/1.1 401 Unauthorized\"", "level": "info", "logger": "httpx", "timestamp": "2026-09-12T11:02:49.023131Z"}
{"method": "POST", "path": "/api/v1/login/refresh-token", "client_host": "testclient", "event": "request_started", "correlation_id": "d1c9c386-88ce-4e7e-998c-4ec4a9e02529", "level": "info", "logger": "app.middleware.RequestLoggingMiddleware", "timestamp": "2026-09-12T11:02:49.023131Z"}
{"family_id": "7667d796-1a4f-42df-bb9e-54b126a098fd", "user_id": "5fa5f688-02f4-44b3-8e9e-8afe23cdf3b0", "used_at": "None", "revoked_at": "2026-09-12 11:02:49.018084", "event": "security_alert_refresh_token_reuse_detected", "correlation_id": "d1c9c386-88ce-4e7e-998c-4ec4a9e02529", "level": "warning", "logger": "app.services.token_service", "timestamp": "2026-09-12T11:02:49.030984Z"}
{"method": "POST", "path": "/api/v1/login/refresh-token", "status_code": 401, "duration": 0.0099, "event": "request_finished", "correlation_id": "d1c9c386-88ce-4e7e-998c-4ec4a9e02529", "level": "info", "logger": "app.middleware.RequestLoggingMiddleware", "timestamp": "2026-09-12T11:02:49.032997Z"}
{"event": "HTTP Request: POST http://testserver/api/v1/login/refresh-token \"HTTP/1.1 401 Unauthorized\"", "level": "info", "logger": "httpx", "timestamp": "2026-09-12T11:02:49.032997Z"}
{"method": "POST", "path": "/api/v1/login/access-token", "client_host": "testclient", "event": "request_started", "correlation_id": "d69fb479-fa72-45d3-9de6-9f848f6b4f9f", "level": "info", "logger": "app.middleware.RequestLoggingMiddleware", "timestamp": "2026-09-12T11:02:49.418934Z"}
{"user_id": "610e3e45-2b74-4cd0-8f7e-44890c6f3de9", "family_id": "3647d7a3-3e88-4b53-a84d-0a07694ade7f", "event": "token_pair_issued", "correlation_id": "d69fb479-fa72-45d3-9de6-9f848f6b4f9f", "level": "info", "logger": "app.services.token_service", "timestamp": "2026-09-12T11:02:49.802119Z"}
{"method": "POST", "path": "/api/v1/login/access-token", "status_code": 200, "duration": 0.3832, "event": "request_finished", "correlation_id": "d69fb479-fa72-45d3-9de6-9f848f6b4f9f", "level": "info", "logger": "app.middleware.RequestLoggingMiddleware", "timestamp": "2026-09-12T11:02:49.802119Z"}
{"event": "HTTP Request: POST http://testserver/api/v1/login/access-token \"HTTP/1.1 200 OK\"", "level": "info", "logger": "httpx", "timestamp": "2026-09-12T11:02:49.802119Z"}
{"method": "POST", "path": "/api/v1/login/refresh-token", "client_host": "testclient", "event": "request_started", "correlation_id": "d0f6fac9-72fd-4dfd-8547-94e0eb5a1cd7", "level": "info", "logger": "app.middleware.RequestLoggingMiddleware", "timestamp": "2026-09-12T11:02:49.802119Z"}
{"method": "POST", "path": "/api/v1/login/refresh-token", "status_code": 401, "duration": 0.0124, "event": "request_finished", "correlation_id": "d0f6fac9-72fd-4dfd-8547-94e0eb5a1cd7", "level": "info", "logger": "app.middleware.RequestLoggingMiddleware", "timestamp": "2026-09-12T11:02:49.814522Z"}
{"event": "HTTP Request: POST http://testserver/api/v1/login/refresh-token \"HTTP/1.1 401 Unauthorized\"", "level": "info", "logger": "httpx", "timestamp": "2026-09-12T11:02:49.814522Z"}
{"method": "POST", "path": "/api/v1/login/access-token", "client_host": "testclient", "event": "request_started", "correlation_id": "96acce54-f1a7-477c-b390-c213680eda0c", "level": "info", "logger": "app.middleware.RequestLoggingMiddleware", "timestamp": "2026-09-12T11:02:49.824682Z"}
{"user_id": "5fa5f688-02f4-44b3-8e9e-8afe23cdf3b0", "family_id": "e260dc92-7a56-49b0-85ae-4eaf0465ff6b", "event": "token_pair_issued", "correlation_id": "96acce54-f1a7-477c-b390-c213680eda0c", "level": "info", "logger": "app.services.token_service", "timestamp": "2026-09-12T11:02:50.202731Z"}
{"method": "POST", "path": "/api/v1/login/access-token", "status_code": 200, "duration": 0.3801, "event": "request_finished", "correlation_id": "96acce54-f1a7-477c-b390-c213680eda0c", "level": "info", "logger": "app.middleware.RequestLoggingMiddleware", "timestamp": "2026-09-12T11:02:50.204742Z"}
{"event": "HTTP Request: POST http://testserver/api/v1/login/access-token \"HTTP/1.1 200 OK\"", "level": "info", "logger": "httpx", "timestamp": "2026-09-12T11:02:50.204742Z"}
{"method": "POST", "path": "/api/v1/login/refresh-token", "client_host": "testclient", "event": "request_started", "correlation_id": "8223404a-1155-4a9c-b4c4-12dad771f643", "level": "info", "logger": "app.middleware.RequestLoggingMiddleware", "timestamp": "2026-09-12T11:02:50.208107Z"}
{"method": "POST", "path": "/api/v1/login/refresh-token", "client_host": "testclient", "event": "request_started", "correlation_id": "744e8ae5-6885-4833-a8ef-f9543fcddb5a", "level": "info", "logger": "app.middleware.RequestLoggingMiddleware", "timestamp": "2026-09-12T11:02:50.208107Z"}
{"method": "POST", "path": "/api/v1/login/refresh-token", "client_host": "testclient", "event": "request_started", "correlation_id": "62602fff-6d6c-4599-839d-3bfca58f2e7a", "level": "info", "logger": "app.middleware.RequestLoggingMiddleware", "timestamp": "2026-09-12T11:02:50.215031Z"}
{"method": "POST", "path": "/api/v1/login/refresh-token", "client_host": "testclient", "event": "request_started", "correlation_id": "a4e6c84c-4a89-47c6-9c08-3d33425cec07", "level": "info", "logger": "app.middleware.RequestLoggingMiddleware", "timestamp": "2026-09-12T11:02:50.220209Z"}
{"user_id": "5fa5f688-02f4-44b3-8e9e-8afe23cdf3b0", "family_id": "e260dc92-7a56-49b0-85ae-4eaf0465ff6b", "event": "refresh_token_rotated", "correlation_id": "8223404a-1155-4a9c-b4c4-12dad771f643", "level": "info", "logger": "app.services.token_service", "timestamp": "2026-09-12T11:02:50.221683Z"}
{"family_id": "e260dc92-7a56-49b0-85ae-4eaf0465ff6b", "user_id": "5fa5f688-02f4-44b3-8e9e-8afe23cdf3b0", "used_at": "2026-09-12 11:02:50.215031", "revoked_at": "None", "event": "security_alert_refresh_token_reuse_detected", "correlation_id": "744e8ae5-6885-4833-a8ef-f9543fcddb5a", "level": "warning", "logger": "app.services.token_service", "timestamp": "2026-09-12T11:02:50.223925Z"}
{"method": "POST", "path": "/api/v1/login/refresh-token", "status_code": 401, "duration": 0.0187, "event": "request_finished", "correlation_id": "744e8ae5-6885-4833-a8ef-f9543fcddb5a", "level": "info", "logger": "app.middleware.RequestLoggingMiddleware", "timestamp": "2026-09-12T11:02:50.226849Z"}
{"method": "POST", "path": "/api/v1/login/refresh-token", "status_code": 200, "duration": 0.0193, "event": "request_finished", "correlation_id": "8223404a-1155-4a9c-b4c4-12dad771f643", "level": "info", "logger": "app.middleware.RequestLoggingMiddleware", "timestamp": "2026-09-12T11:02:50.227421Z"}
{"event": "HTTP Request: POST http://testserver/api/v1/login/refresh-token \"HTTP/1.1 401 Unauthorized\"", "level": "info", "logger": "httpx", "timestamp": "2026-09-12T11:02:50.229288Z"}
{"event": "HTTP Request: POST http://testserver/api/v1/login/refresh-token \"HTTP/1.1 200 OK\"", "level": "info", "logger": "httpx", "timestamp": "2026-09-12T11:02:50.230717Z"}
{"family_id": "e260dc92-7a56-49b0-85ae-4eaf0465ff6b", "user_id": "5fa5f688-02f4-44b3-8e9e-8afe23cdf3b0", "used_at": "2026-09-12 11:02:50.215031", "revoked_at": "2026-09-12 11:02:50.224493", "event": "security_alert_refresh_token_reuse_detected", "correlation_id": "62602fff-6d6c-4599-839d-3bfca58f2e7a", "level": "warning", "logger": "app.services.token_service", "timestamp": "2026-09-12T11:02:50.231130Z"}
{"family_id": "e260dc92-7a56-49b0-85ae-4eaf0465ff6b", "user_id": "5fa5f688-02f4-44b3-8e9e-8afe23cdf3b0", "used_at": "2026-09-12 11:02:50.215031", "revoked_at": "2026-09-12 11:02:50.224493", "event": "security_alert_refresh_token_reuse_detected", "correlation_id": "a4e6c84c-4a89-47c6-9c08-3d33425cec07", "level": "warning", "logger": "app.services.token_service", "timestamp": "2026-09-12T11:02:50.231661Z"}
{"method": "POST", "path": "/api/v1/login/refresh-token", "status_code": 401, "duration": 0.02, "event": "request_finished", "correlation_id": "62602fff-6d6c-4599-839d-3bfca58f2e7a", "level": "info", "logger": "app.middleware.RequestLoggingMiddleware", "timestamp": "2026-09-12T11:02:50.234984Z"}
{"method": "POST", "path": "/api/v1/login/refresh-token", "status_code": 401, "duration": 0.0153, "event": "request_finished", "correlation_id": "a4e6c84c-4a89-47c6-9c08-3d33425cec07", "level": "info", "logger": "app.middleware.RequestLoggingMiddleware", "timestamp": "2026-09-12T11:02:50.235520Z"}
{"event": "HTTP Request: POST http://testserver/api/v1/login/refresh-token \"HTTP/1.1 401 Unauthorized\"", "level": "info", "logger": "httpx", "timestamp": "2026-09-12T11:02:50.237155Z"}
{"event": "HTTP Request: POST http://testserver/api/v1/login/refresh-token \"HTTP/1.1 401 Unauthorized\"", "level": "info", "logger": "httpx", "timestamp": "2026-09-12T11:02:50.237155Z"}
{"method": "POST", "path": "/api/v1/login/access-token", "client_host": "testclient", "event": "request_started", "correlation_id": "6dd58e96-da08-4ff4-818a-cc86bff64510", "level": "info", "logger": "app.middleware.RequestLoggingMiddleware", "timestamp": "2026-09-12T11:02:50.246978Z"}
{"method": "POST", "path": "/api/v1/login/access-token", "status_code": 400, "duration": 0.3742, "event": "request_finished", "correlation_id": "6dd58e96-da08-4ff4-818a-cc86bff64510", "level": "info", "logger": "app.middleware.RequestLoggingMiddleware", "timestamp": "2026-09-12T11:02:50.621152Z"}
{"event": "HTTP Request: POST http://testserver/api/v1/login/access-token \"HTTP/1.1 400 Bad Request\"", "level": "info", "logger": "httpx", "timestamp": "2026-09-12T11:02:50.621152Z"}
{"method": "POST", "path": "/api/v1/login/access-token", "client_host": "testclient", "event": "request_started", "correlation_id": "79c1608b-f5ae-40b0-94aa-9cef3233db23", "level": "info", "logger": "app.middleware.RequestLoggingMiddleware", "timestamp": "2026-09-12T11:02:50.629789Z"}
{"user_id": "5fa5f688-02f4-44b3-8e9e-8afe23cdf3b0", "family_id": "2d0310ae-041f-44b9-a39c-d307fa9508d7", "event": "token_pair_issued", "correlation_id": "79c1608b-f5ae-40b0-94aa-9cef3233db23", "level": "info", "logger": "app.services.token_service", "timestamp": "2026-09-12T11:02:51.010452Z"}
{"method": "POST", "path": "/api/v1/login/access-token", "status_code": 200, "duration": 0.3807, "event": "request_finished", "correlation_id": "79c1608b-f5ae-40b0-94aa-9cef3233db23", "level": "info", "logger": "app.middleware.RequestLoggingMiddleware", "timestamp": "2026-09-12T11:02:51.010452Z"}
{"event": "HTTP Request: POST http://testserver/api/v1/login/access-token \"HTTP/1.1 200 OK\"", "level": "info", "logger": "httpx", "timestamp": "2026-09-12T11:02:51.010452Z"}
{"method": "POST", "path": "/api/v1/login/test-token", "client_host": "testclient", "event": "request_started", "correlation_id": "806b101c-a496-400d-a6ca-28da372b0d1a", "level": "info", "logger": "app.middleware.RequestLoggingMiddleware", "timestamp": "2026-09-12T11:02:51.014386Z"}
{"method": "POST", "path": "/api/v1/login/test-token", "status_code": 200, "duration": 0.0, "event": "request_finished", "correlation_id": "806b101c-a496-400d-a6ca-28da372b0d1a", "level": "info", "logger": "app.middleware.RequestLoggingMiddleware", "timestamp": "2026-09-12T11:02:51.014386Z"}
{"event": "HTTP Request: POST http://testserver/api/v1/login/test-token \"HTTP/1.1 200 OK\"", "level": "info", "logger": "httpx", "timestamp": "2026-09-12T11:02:51.014386Z"}
{"method": "POST", "path": "/api/v1/login/access-token", "client_host": "testclient", "event": "request_started", "correlation_id": "5038b483-1db5-4b67-899e-4996ddb53bb0", "level": "info", "logger": "app.middleware.RequestLoggingMiddleware", "timestamp": "2026-09-12T11:02:51.402406Z"}
{"user_id": "15fa7fcb-e6ab-427a-b74c-d409fdca459c", "family_id": "406c91a7-7b09-480d-acfc-c6da324cb0f3", "event": "token_pair_issued", "correlation_id": "5038b483-1db5-4b67-899e-4996ddb53bb0", "level": "info", "logger": "app.services.token_service", "timestamp": "2026-09-12T11:02:51.816105Z"}
{"method": "POST", "path": "/api/v1/login/access-token", "status_code": 200, "duration": 0.4137, "event": "request_finished", "correlation_id": "5038b483-1db5-4b67-899e-4996ddb53bb0", "level": "info", "logger": "app.middleware.RequestLoggingMiddleware", "timestamp": "2026-09-12T11:02:51.816105Z"}
{"event": "HTTP Request: POST http://testserver/api/v1/login/access-token \"HTTP/1.1 200 OK\"", "level": "info", "logger": "httpx", "timestamp": "2026-09-12T11:02:51.816105Z"}
{"method": "POST", "path": "/api/v1/password-recovery/test@example.com", "client_host": "testclient", "event": "request_started", "correlation_id": "1e68964f-5528-4979-9e26-c1d4ece4aab4", "level": "info", "logger": "app.middleware.RequestLoggingMiddleware", "timestamp": "2026-09-12T11:02:51.819558Z"}
{"event": "Preparing to send email to test@example.com", "correlation_id": "1e68964f-5528-4979-9e26-c1d4ece4aab4", "level": "info", "logger": "app.utils", "timestamp": "2026-09-12T11:02:51.824647Z"}
{"event": "SMTP Config: Host=smtp.example.com, Port=587, TLS=True, User=admin@example.com", "correlation_id": "1e68964f-5528-4979-9e26-c1d4ece4aab4", "level": "info", "logger": "app.utils", "timestamp": "2026-09-12T11:02:51.824647Z"}
{"event": "Failed to send email: [Errno 11001] getaddrinfo failed", "correlation_id": "1e68964f-5528-4979-9e26-c1d4ece4aab4", "level": "error", "logger": "app.utils", "timestamp": "2026-09-12T11:02:52.214432Z"}
{"event": "Traceback (most recent call last):\n  File \"C:\\Users\\kiran\\Desktop\\doit-prod\\backend\\app\\utils.py\", line 74, in send_email\n    with smtplib.SMTP(settings.SMTP_HOST, settings.SMTP_PORT) as server:\n         ^^^^^^^^^^^^^^^^^^^^^^^^^^^^^^^^^^^^^^^^^^^^^^^^^^^^\n  File \"C:\\Users\\kiran\\AppData\\Roaming\\uv\\python\\cpython-3.12.12-windows-x86_64-none\\Lib\\smtplib.py\", line 255, in __init__\n    (code, msg) = self.connect(host, port)\n                  ^^^^^^^^^^^^^^^^^^^^^^^^\n  File \"C:\\Users\\kiran\\AppData\\Roaming\\uv\\python\\cpython-3.12.12-windows-x86_64-none\\Lib\\smtplib.py\", line 341, in connect\n    self.sock = self._get_socket(host, port, self.timeout)\n                ^^^^^^^^^^^^^^^^^^^^^^^^^^^^^^^^^^^^^^^^^^\n  File \"C:\\Users\\kiran\\AppData\\Roaming\\uv\\python\\cpython-3.12.12-windows-x86_64-none\\Lib\\smtplib.py\", line 312, in _get_socket\n    return socket.create_connection((host, port), timeout,\n           ^^^^^^^^^^^^^^^^^^^^^^^^^^^^^^^^^^^^^^^^^^^^^^^\n  File \"C:\\Users\\kiran\\AppData\\Roaming\\uv\\python\\cpython-3.12.12-windows-x86_64-none\\Lib\\socket.py\", line 841, in create_connection\n    for res in getaddrinfo(host, port, 0, SOCK_STREAM):\n               ^^^^^^^^^^^^^^^^^^^^^^^^^^^^^^^^^^^^^^^\n  File \"C:\\Users\\kiran\\AppData\\Roaming\\uv\\python\\cpython-3.12.12-windows-x86_64-none\\Lib\\socket.py\", line 978, in getaddrinfo\n    for res in _socket.getaddrinfo(host, port, family, type, proto, flags):\n               ^^^^^^^^^^^^^^^^^^^^^^^^^^^^^^^^^^^^^^^^^^^^^^^^^^^^^^^^^^^\nsocket.gaierror: [Errno 11001] getaddrinfo failed\n", "correlation_id": "1e68964f-5528-4979-9e26-c1d4ece4aab4", "level": "error", "logger": "app.utils", "timestamp": "2026-09-12T11:02:52.222325Z"}
{"method": "POST", "path": "/api/v1/password-recovery/test@example.com", "status_code": 200, "duration": 0.4028, "event": "request_finished", "correlation_id": "1e68964f-5528-4979-9e26-c1d4ece4aab4", "level": "info", "logger": "app.middleware.RequestLoggingMiddleware", "timestamp": "2026-09-12T11:02:52.222325Z"}
{"event": "HTTP Request: POST http://testserver/api/v1/password-recovery/test@example.com \"HTTP/1.1 200 OK\"", "level": "info", "logger": "httpx", "timestamp": "2026-09-12T11:02:52.222325Z"}
{"method": "POST", "path": "/api/v1/login/access-token", "client_host": "testclient", "event": "request_started", "correlation_id": "6fe00d9a-6c33-4e28-8ddb-c42c4b3b3c52", "level": "info", "logger": "app.middleware.RequestLoggingMiddleware", "timestamp": "2026-09-12T11:02:52.611583Z"}
{"user_id": "fe991970-07c2-44a8-9d0c-54c36868f0b4", "family_id": "860d1ab3-54a6-42f2-b3ba-6ed7637d6523", "event": "token_pair_issued", "correlation_id": "6fe00d9a-6c33-4e28-8ddb-c42c4b3b3c52", "level": "info", "logger": "app.services.token_service", "timestamp": "2026-09-12T11:02:52.981014Z"}
{"method": "POST", "path": "/api/v1/login/access-token", "status_code": 200, "duration": 0.3694, "event": "request_finished", "correlation_id": "6fe00d9a-6c33-4e28-8ddb-c42c4b3b3c52", "level": "info", "logger": "app.middleware.RequestLoggingMiddleware", "timestamp": "2026-09-12T11:02:52.981014Z"}
{"event": "HTTP Request: POST http://testserver/api/v1/login/access-token \"HTTP/1.1 200 OK\"", "level": "info", "logger": "httpx", "timestamp": "2026-09-12T11:02:52.981014Z"}
{"method": "POST", "path": "/api/v1/password-recovery/jVgQr@example.com", "client_host": "testclient", "event": "request_started", "correlation_id": "58699fb5-e377-46af-8243-3d034524c358", "level": "info", "logger": "app.middleware.RequestLoggingMiddleware", "timestamp": "2026-09-12T11:02:52.981014Z"}
{"method": "POST", "path": "/api/v1/password-recovery/jVgQr@example.com", "status_code": 404, "duration": 0.0, "event": "request_finished", "correlation_id": "58699fb5-e377-46af-8243-3d034524c358", "level": "info", "logger": "app.middleware.RequestLoggingMiddleware", "timestamp": "2026-09-12T11:02:52.981014Z"}
{"event": "HTTP Request: POST http://testserver/api/v1/password-recovery/jVgQr@example.com \"HTTP/1.1 404 Not Found\"", "level": "info", "logger": "httpx", "timestamp": "2026-09-12T11:02:52.981014Z"}
{"method": "POST", "path": "/api/v1/login/access-token", "client_host": "testclient", "event": "request_started", "correlation_id": "634e8b34-6ae7-4346-83b2-0a61290cea37", "level": "info", "logger": "app.middleware.RequestLoggingMiddleware", "timestamp": "2026-09-12T11:02:53.364339Z"}
{"user_id": "85f0b4da-d398-4ee1-94a9-db783fa4b820", "family_id": "97a23622-a626-43e5-95f7-fe8bbcdd9ff2", "event": "token_pair_issued", "correlation_id": "634e8b34-6ae7-4346-83b2-0a61290cea37", "level": "info", "logger": "app.services.token_service", "timestamp": "2026-09-12T11:02:53.758161Z"}
{"method": "POST", "path": "/api/v1/login/access-token", "status_code": 200, "duration": 0.3938, "event": "request_finished", "correlation_id": "634e8b34-6ae7-4346-83b2-0a61290cea37", "level": "info", "logger": "app.middleware.RequestLoggingMiddleware", "timestamp": "2026-09-12T11:02:53.758161Z"}
{"event": "HTTP Request: POST http://testserver/api/v1/login/access-token \"HTTP/1.1 200 OK\"", "level": "info", "logger": "httpx", "timestamp": "2026-09-12T11:02:53.758161Z"}
{"method": "POST", "path": "/api/v1/reset-password/", "client_host": "testclient", "event": "request_started", "correlation_id": "fa466e93-4e00-44c2-be37-81b50a1d1016", "level": "info", "logger": "app.middleware.RequestLoggingMiddleware", "timestamp": "2026-09-12T11:02:53.762650Z"}
{"method": "POST", "path": "/api/v1/reset-password/", "status_code": 200, "duration": 0.3719, "event": "request_finished", "correlation_id": "fa466e93-4e00-44c2-be37-81b50a1d1016", "level": "info", "logger": "app.middleware.RequestLoggingMiddleware", "timestamp": "2026-09-12T11:02:54.134587Z"}
{"event": "HTTP Request: POST http://testserver/api/v1/reset-password/ \"HTTP/1.1 200 OK\"", "level": "info", "logger": "httpx", "timestamp": "2026-09-12T11:02:54.156738Z"}
{"method": "POST", "path": "/api/v1/login/access-token", "client_host": "testclient", "event": "request_started", "correlation_id": "81ceabae-77c8-451f-9a0a-8bcd47e2adee", "level": "info", "logger": "app.middleware.RequestLoggingMiddleware", "timestamp": "2026-09-12T11:02:54.551228Z"}
{"user_id": "5fa5f688-02f4-44b3-8e9e-8afe23cdf3b0", "family_id": "107e6339-a88c-4c8e-93ff-7b756663f01f", "event": "token_pair_issued", "correlation_id": "81ceabae-77c8-451f-9a0a-8bcd47e2adee", "level": "info", "logger": "app.services.token_service", "timestamp": "2026-09-12T11:02:54.924644Z"}
{"method": "POST", "path": "/api/v1/login/access-token", "status_code": 200, "duration": 0.3742, "event": "request_finished", "correlation_id": "81ceabae-77c8-451f-9a0a-8bcd47e2adee", "level": "info", "logger": "app.middleware.RequestLoggingMiddleware", "timestamp": "2026-09-12T11:02:54.925452Z"}
{"event": "HTTP Request: POST http://testserver/api/v1/login/access-token \"HTTP/1.1 200 OK\"", "level": "info", "logger": "httpx", "timestamp": "2026-09-12T11:02:54.925452Z"}
{"method": "POST", "path": "/api/v1/reset-password/", "client_host": "testclient", "event": "request_started", "correlation_id": "b9593d4b-e2e7-46ae-913c-b4e5b1616721", "level": "info", "logger": "app.middleware.RequestLoggingMiddleware", "timestamp": "2026-09-12T11:02:54.925452Z"}
{"method": "POST", "path": "/api/v1/reset-password/", "status_code": 400, "duration": 0.0049, "event": "request_finished", "correlation_id": "b9593d4b-e2e7-46ae-913c-b4e5b1616721", "level": "info", "logger": "app.middleware.RequestLoggingMiddleware", "timestamp": "2026-09-12T11:02:54.930397Z"}
{"event": "HTTP Request: POST http://testserver/api/v1/reset-password/ \"HTTP/1.1 400 Bad Request\"", "level": "info", "logger": "httpx", "timestamp": "2026-09-12T11:02:54.930397Z"}
